#,Name,base_name,form,Type 1,Type 2,Total,HP,Attack,Defense,Sp. Atk,Sp. Def,Speed,Generation,Legendary,Computed Total,Total Match,Offense Score,Defense Score,Bulk Score,Mobility Score,Best Attack,Best Defense,Offense Score Norm,Defense Score Norm,Bulk Score Norm,Mobility Score Norm,Viability Score,Role,Display Name,Type Tuple,Type Offense Raw,Type Defense Raw,Coverage Super Effective Rate,Coverage Resisted Rate,Incoming Weakness Rate,Incoming Resistance Rate,Incoming Immunity Rate,Expected Incoming Multiplier,Type Offense Norm,Type Defense Norm,Offense Capability,Defense Capability,Meta Viability Score
1,Bulbasaur,Bulbasaur,Base,Grass,Poison,318,45,49,49,65,65,45,1,False,318,True,57.0,57.0,53.0,45,65,65,0.27647058823529413,0.18588235294117647,0.21707317073170734,0.22857142857142856,0.23236421397827425,Balanced,Bulbasaur,"('Grass', 'Poison')",1.3374999999999972,0.9329490865455523,0.31874999999999964,0.11000000000000004,0.24135090609555185,0.29983525535420097,0.0,1.0718698517298186,0.6177215189873422,0.35693183277145646,0.4129709605361134,0.26209984932092123,0.31295868539317717
2,Ivysaur,Ivysaur,Base,Grass,Poison,405,60,62,63,80,80,60,1,False,405,True,71.0,71.5,67.66666666666667,60,80,80,0.3588235294117647,0.2541176470588235,0.3243902439024391,0.3142857142857143,0.3168528386964542,Balanced,Ivysaur,"('Grass', 'Poison')",1.3374999999999972,0.9329490865455523,0.31874999999999964,0.11000000000000004,0.24135090609555185,0.29983525535420097,0.0,1.0718698517298186,0.6177215189873422,0.35693183277145646,0.46238272524199575,0.3128114705547806,0.37346731421055773
3,Venusaur,Venusaur,Base,Grass,Poison,525,80,82,83,100,100,80,1,False,525,True,91.0,91.5,87.66666666666667,80,100,100,0.4764705882352941,0.34823529411764703,0.47073170731707326,0.42857142857142855,0.433684156589465,Balanced,Venusaur,"('Grass', 'Poison')",1.3374999999999972,0.9329490865455523,0.31874999999999964,0.11000000000000004,0.24135090609555185,0.29983525535420097,0.0,1.0718698517298186,0.6177215189873422,0.35693183277145646,0.5329709605361133,0.38233801287902736,0.45722812585228756
3,VenusaurMega Venusaur,Venusaur,Mega Venusaur,Grass,Poison,625,80,100,123,122,120,80,1,False,625,True,111.0,121.5,107.66666666666667,80,122,123,0.5941176470588235,0.4894117647058824,0.6170731707317074,0.42857142857142855,0.539423037507686,Heavy hitter,Venusaur (Mega Venusaur),"('Grass', 'Poison')",1.3374999999999972,0.9329490865455523,0.31874999999999964,0.11000000000000004,0.24135090609555185,0.29983525535420097,0.0,1.0718698517298186,0.6177215189873422,0.35693183277145646,0.603559195830231,0.4683351434385683,0.5271233912755301
4,Charmander,Charmander,Base,Fire,None,309,39,52,43,60,50,65,1,False,309,True,56.0,46.5,44.0,65,60,50,0.27058823529411763,0.13647058823529412,0.15121951219512197,0.34285714285714286,0.22763886042221765,Balanced,Charmander,"('Fire',)",1.1381249999999974,0.9440124407884671,0.25250000000000006,0.3074999999999998,0.2067545304777595,0.29489291598023065,0.0,1.0593080724876442,0.34852320675105475,0.371680507232312,0.30176222387689244,0.23424178682405822,0.2765518260898785
5,Charmeleon,Charmeleon,Base,Fire,None,405,58,64,58,80,65,80,1,False,405,True,72.0,61.5,60.333333333333336,80,80,65,0.36470588235294116,0.20705882352941177,0.2707317073170732,0.42857142857142855,0.3192723918835827,Balanced,Charmeleon,"('Fire',)",1.1381249999999974,0.9440124407884671,0.25250000000000006,0.3074999999999998,0.2067545304777595,0.29489291598023065,0.0,1.0593080724876442,0.34852320675105475,0.371680507232312,0.3582328121121866,0.28882571795748724,0.3421174133003725
6,Charizard,Charizard,Base,Fire,Flying,534,78,84,78,109,85,100,1,False,534,True,96.5,81.5,80.33333333333333,100,109,85,0.5088235294117647,0.30117647058823527,0.41707317073170735,0.5428571428571428,0.44536841565894647,DPS,Charizard,"('Fire', 'Flying')",1.343749999999996,0.9568472897248371,0.3162499999999997,0.06000000000000001,0.1927512355848435,0.3072487644151565,0.05518945634266886,1.0450988467874796,0.6261603375527414,0.38879077999050443,0.5557582526681553,0.365196369385011,0.4800960456601788
6,CharizardMega Charizard X,Charizard,Mega Charizard X,Fire,Dragon,634,78,130,111,130,85,100,1,False,634,True,130.0,98.0,91.33333333333333,100,130,111,0.7058823529411765,0.3788235294117647,0.49756097560975615,0.5428571428571428,0.5498483295757328,DPS,Charizard (Mega Charizard X),"('Dragon', 'Fire')",1.3537499999999953,1.0251213837918534,0.31249999999999983,0.007500000000000001,0.1441515650741351,0.271828665568369,0.0,0.9754942339373972,0.6396624472573819,0.4798076963248176,0.6793943906676586,0.44890155772648377,0.5703340444499398
6,CharizardMega Charizard Y,Charizard,Mega Charizard Y,Fire,Flying,634,78,104,78,159,115,100,1,False,634,True,131.5,96.5,90.33333333333333,100,159,115,0.7147058823529412,0.37176470588235294,0.49024390243902444,0.5428571428571428,0.5497084443533511,DPS,Charizard (Mega Charizard Y),"('Fire', 'Flying')",1.343749999999996,0.9568472897248371,0.3162499999999997,0.06000000000000001,0.1927512355848435,0.3072487644151565,0.05518945634266886,1.0450988467874796,0.6261603375527414,0.38879077999050443,0.6792876644328613,0.4081949346647814,0.558058384254153
7,Squirtle,Squirtle,Base,Water,None,314,44,48,65,50,64,43,1,False,314,True,49.0,64.5,57.666666666666664,43,50,65,0.22941176470588234,0.2211764705882353,0.25121951219512195,0.21714285714285714,0.22926070916171348,Balanced,Squirtle,"('Water',)",1.0643749999999983,0.9946743128164401,0.17500000000000007,0.2874999999999998,0.11943986820428334,0.22817133443163096,0.0,1.005354200988468,0.24894514767932577,0.4392183842370741,0.2372251178952597,0.3159039964494925,0.25662178103863725
8,Wartortle,Wartortle,Base,Water,None,405,59,63,80,65,80,58,1,False,405,True,64.0,80.0,73.0,58,65,80,0.3176470588235294,0.29411764705882354,0.3634146341463415,0.3028571428571429,0.317960237753638,Balanced,Wartortle,"('Water',)",1.0643749999999983,0.9946743128164401,0.17500000000000007,0.2874999999999998,0.11943986820428334,0.22817133443163096,0.0,1.005354200988468,0.24894514767932577,0.4392183842370741,0.29016629436584795,0.3694821887020032,0.32003378144855726
9,Blastoise,Blastoise,Base,Water,None,530,79,83,100,85,105,78,1,False,530,True,84.0,102.5,94.66666666666667,78,85,105,0.43529411764705883,0.4,0.5219512195121953,0.41714285714285715,0.4401717565074811,Balanced,Blastoise,"('Water',)",1.0643749999999983,0.9946743128164401,0.17500000000000007,0.2874999999999998,0.11943986820428334,0.22817133443163096,0.0,1.005354200988468,0.24894514767932577,0.4392183842370741,0.3607545296599656,0.4461751585728785,0.4067515514834005
9,BlastoiseMega Blastoise,Blastoise,Mega Blastoise,Water,None,630,79,103,120,135,115,78,1,False,630,True,119.0,117.5,104.66666666666667,78,135,120,0.6411764705882353,0.47058823529411764,0.5951219512195123,0.41714285714285715,0.5445117852018856,Heavy hitter,Blastoise (Mega Blastoise),"('Water',)",1.0643749999999983,0.9946743128164401,0.17500000000000007,0.2874999999999998,0.11943986820428334,0.22817133443163096,0.0,1.005354200988468,0.24894514767932577,0.4392183842370741,0.48428394142467146,0.4891737238526489,0.48471389007737464
10,Caterpie,Caterpie,Base,Bug,None,195,45,30,35,20,20,45,1,False,195,True,25.0,27.5,33.333333333333336,45,30,35,0.08823529411764706,0.047058823529411764,0.07317073170731711,0.22857142857142856,0.10299549087927855,Balanced,Caterpie,"('Bug',)",1.006874999999999,0.9131252342169732,0.17750000000000005,0.35999999999999954,0.18369028006589788,0.1771004942339374,0.0,1.0951400329489291,0.17130801687763886,0.3305044457299968,0.12146438322164377,0.1669650494541221,0.1484103060425002
11,Metapod,Metapod,Base,Bug,None,205,50,20,55,25,25,30,1,False,205,True,22.5,40.0,43.333333333333336,30,25,55,0.07352941176470588,0.10588235294117647,0.1463414634146342,0.14285714285714285,0.11004560360729658,Balanced,Metapod,"('Bug',)",1.006874999999999,0.9131252342169732,0.17750000000000005,0.35999999999999954,0.18369028006589788,0.1771004942339374,0.0,1.0951400329489291,0.17130801687763886,0.3305044457299968,0.11264085380987907,0.20584596767506902,0.14474554379613827
12,Butterfree,Butterfree,Base,Bug,Flying,395,60,45,50,90,80,70,1,False,395,True,67.5,65.0,63.333333333333336,70,90,80,0.3382352941176471,0.2235294117647059,0.29268292682926833,0.37142857142857144,0.3070870055339209,Balanced,Butterfree,"('Bug', 'Flying')",1.3637499999999967,0.8507358086665777,0.3412499999999996,0.05500000000000002,0.25617792421746294,0.18121911037891267,0.05518945634266886,1.1754530477759475,0.653164556962025,0.2473324431854836,0.46420699925539827,0.2503390030991576,0.36256183717628043
13,Weedle,Weedle,Base,Bug,Poison,195,40,35,30,20,20,50,1,False,195,True,27.5,25.0,30.0,50,35,30,0.10294117647058823,0.03529411764705882,0.04878048780487806,0.2571428571428571,0.10603761016601762,Balanced,Weedle,"('Bug', 'Poison')",1.1774999999999975,0.9134687726794949,0.2300000000000001,0.15000000000000008,0.257825370675453,0.2652388797364086,0.0,1.0947281713344317,0.40168776371308046,0.3309624204849641,0.22243981136758514,0.15693303132167574,0.190532904039868
14,Kakuna,Kakuna,Base,Bug,Poison,205,45,25,50,25,25,35,1,False,205,True,25.0,37.5,40.0,35,25,50,0.08823529411764706,0.09411764705882353,0.12195121951219513,0.17142857142857143,0.11308772289403568,Balanced,Kakuna,"('Bug', 'Poison')",1.1774999999999975,0.9134687726794949,0.2300000000000001,0.15000000000000008,0.257825370675453,0.2652388797364086,0.0,1.0947281713344317,0.40168776371308046,0.3309624204849641,0.21361628195582044,0.19581394954262266,0.18686814179350603
15,Beedrill,Beedrill,Base,Bug,Poison,395,65,90,40,45,80,75,1,False,395,True,67.5,60.0,61.666666666666664,75,90,80,0.3382352941176471,0.2,0.28048780487804875,0.4,0.30447991391678625,Balanced,Beedrill,"('Bug', 'Poison')",1.1774999999999975,0.9134687726794949,0.2300000000000001,0.15000000000000008,0.257825370675453,0.2652388797364086,0.0,1.0947281713344317,0.40168776371308046,0.3309624204849641,0.3636162819558204,0.2725069194134978,0.33287057569389544
15,BeedrillMega Beedrill,Beedrill,Mega Beedrill,Bug,Poison,495,65,150,40,15,80,145,1,False,495,True,82.5,60.0,61.666666666666664,145,150,80,0.4264705882352941,0.2,0.28048780487804875,0.8,0.41536226685796274,DPS,Beedrill (Mega Beedrill),"('Bug', 'Poison')",1.1774999999999975,0.9134687726794949,0.2300000000000001,0.15000000000000008,0.257825370675453,0.2652388797364086,0.0,1.0947281713344317,0.40168776371308046,0.3309624204849641,0.4165574584264087,0.2725069194134978,0.43067939922330717
16,Pidgey,Pidgey,Base,Normal,Flying,251,40,45,40,35,35,56,1,False,251,True,40.0,37.5,38.333333333333336,56,45,40,0.17647058823529413,0.09411764705882353,0.10975609756097564,0.2914285714285714,0.16553105144496824,Balanced,Pidgey,"('Flying', 'Normal')",1.2068749999999977,1.0434035227617604,0.2325000000000001,0.10250000000000004,0.12026359143327842,0.1375617792421746,0.0930807248764415,0.9584019769357496,0.44135021097046473,0.5041798089947124,0.2824224373293624,0.2620521244587171,0.260128555700391
17,Pidgeotto,Pidgeotto,Base,Normal,Flying,349,63,60,55,50,50,71,1,False,349,True,55.0,52.5,56.0,71,60,55,0.2647058823529412,0.16470588235294117,0.23902439024390248,0.37714285714285717,0.25705697888911666,Balanced,Pidgeotto,"('Flying', 'Normal')",1.2068749999999977,1.0434035227617604,0.2325000000000001,0.10250000000000004,0.12026359143327842,0.1375617792421746,0.0930807248764415,0.9584019769357496,0.44135021097046473,0.5041798089947124,0.3353636137999506,0.31907507998239,0.3249979449194933
18,Pidgeot,Pidgeot,Base,Normal,Flying,479,83,80,75,70,70,101,1,False,479,True,75.0,72.5,76.0,101,80,75,0.38235294117647056,0.25882352941176473,0.38536585365853665,0.5485714285714286,0.3853168682106989,Balanced,Pidgeot,"('Flying', 'Normal')",1.2068749999999977,1.0434035227617604,0.2325000000000001,0.10250000000000004,0.12026359143327842,0.1375617792421746,0.0930807248764415,0.9584019769357496,0.44135021097046473,0.5041798089947124,0.40595184909406823,0.38860162230663675,0.41904447084693747
18,PidgeotMega Pidgeot,Pidgeot,Mega Pidgeot,Normal,Flying,579,83,80,80,135,80,121,1,False,579,True,107.5,80.0,81.0,121,135,80,0.5735294117647058,0.29411764705882354,0.42195121951219516,0.6628571428571428,0.4912263783562205,DPS,Pidgeot (Mega Pidgeot),"('Flying', 'Normal')",1.2068749999999977,1.0434035227617604,0.2325000000000001,0.10250000000000004,0.12026359143327842,0.1375617792421746,0.0930807248764415,0.9584019769357496,0.44135021097046473,0.5041798089947124,0.5206577314470093,0.41010090494652196,0.5044058922447648
19,Rattata,Rattata,Base,Normal,None,253,30,56,35,25,35,72,1,False,253,True,40.5,35.0,33.333333333333336,72,56,35,0.17941176470588235,0.08235294117647059,0.07317073170731711,0.38285714285714284,0.17458792785406846,Balanced,Rattata,"('Normal',)",0.8799999999999981,0.9942669932784275,0.0,0.1787500000000001,0.04365733113673806,0.0,0.03789126853377265,1.0057660626029652,0.0,0.4386753822563193,0.10764705882352942,0.22258636524112171,0.19345149370842996
20,Raticate,Raticate,Base,Normal,None,413,55,81,60,50,70,97,1,False,413,True,65.5,65.0,61.666666666666664,97,81,70,0.3264705882352941,0.2235294117647059,0.28048780487804875,0.5257142857142857,0.33138747694199633,Balanced,Raticate,"('Normal',)",0.8799999999999981,0.9942669932784275,0.0,0.1787500000000001,0.04365733113673806,0.0,0.03789126853377265,1.0057660626029652,0.0,0.4386753822563193,0.19588235294117648,0.323827398239687,0.30406642504681897
21,Spearow,Spearow,Base,Normal,Flying,262,40,60,30,31,31,70,1,False,262,True,45.5,30.5,33.666666666666664,70,60,31,0.2088235294117647,0.0611764705882353,0.07560975609756097,0.37142857142857144,0.17779001844640296,Balanced,Spearow,"('Flying', 'Normal')",1.2068749999999977,1.0434035227617604,0.2325000000000001,0.10250000000000004,0.12026359143327842,0.1375617792421746,0.0930807248764415,0.9584019769357496,0.44135021097046473,0.5041798089947124,0.30183420203524475,0.24198612732815755,0.27571230749379133
22,Fearow,Fearow,Base,Normal,Flying,442,65,90,65,61,61,100,1,False,442,True,75.5,63.0,63.666666666666664,100,90,65,0.38529411764705884,0.21411764705882352,0.2951219512195122,0.5428571428571428,0.3559781717565075,Balanced,Fearow,"('Flying', 'Normal')",1.2068749999999977,1.0434035227617604,0.2325000000000001,0.10250000000000004,0.12026359143327842,0.1375617792421746,0.0930807248764415,0.9584019769357496,0.44135021097046473,0.5041798089947124,0.40771655497642123,0.3503935878733513,0.4030299955446214
23,Ekans,Ekans,Base,Poison,None,288,35,60,44,40,54,55,1,False,288,True,50.0,49.0,44.333333333333336,55,60,54,0.23529411764705882,0.14823529411764705,0.15365853658536588,0.2857142857142857,0.20728632916581266,Balanced,Ekans,"('Poison',)",0.9521874999999977,1.0033057841173445,0.12125000000000005,0.2762499999999998,0.12932454695222406,0.2652388797364086,0.0,0.9967051070840197,0.09746835443037949,0.4507250898473353,0.1801638123603871,0.27058702302645204,0.22719172408410518
24,Arbok,Arbok,Base,Poison,None,438,60,85,69,65,79,80,1,False,438,True,75.0,74.0,69.33333333333333,80,85,79,0.38235294117647056,0.26588235294117646,0.33658536585365856,0.42857142857142855,0.35332547653207624,Balanced,Arbok,"('Poison',)",0.9521874999999977,1.0033057841173445,0.12125000000000005,0.2762499999999998,0.12932454695222406,0.2652388797364086,0.0,0.9967051070840197,0.09746835443037949,0.4507250898473353,0.2683991064780341,0.3574952009317605,0.3318927386362675
25,Pikachu,Pikachu,Base,Electric,None,320,35,55,40,50,50,90,1,False,320,True,52.5,45.0,41.666666666666664,90,55,50,0.25,0.12941176470588237,0.13414634146341464,0.4857142857142857,0.24382506661201064,Balanced,Pikachu,"('Electric',)",1.0599999999999987,1.0279424206198797,0.2250000000000001,0.2787499999999998,0.05518945634266886,0.16474464579901152,0.0,0.972817133443163,0.24303797468354574,0.48356845033351176,0.24721518987341828,0.27225808314631716,0.28999440374220686
26,Raichu,Raichu,Base,Electric,None,485,60,90,55,90,80,110,1,False,485,True,90.0,67.5,65.0,110,90,80,0.47058823529411764,0.23529411764705882,0.30487804878048785,0.6,0.4045050215208034,Fast,Raichu,"('Electric',)",1.0599999999999987,1.0279424206198797,0.2250000000000001,0.2787499999999998,0.05518945634266886,0.16474464579901152,0.0,0.972817133443163,0.24303797468354574,0.48356845033351176,0.3795681310498889,0.35199983350499725,0.4081029556995753
27,Sandshrew,Sandshrew,Base,Ground,None,300,50,75,85,20,30,40,1,False,300,True,47.5,57.5,55.0,40,75,85,0.22058823529411764,0.18823529411764706,0.23170731707317074,0.2,0.21060616929698708,Balanced,Sandshrew,"('Ground',)",1.0974999999999973,0.8906823176219454,0.25375000000000003,0.2425000000000001,0.21334431630971992,0.09884678747940692,0.04118616144975288,1.1227347611202636,0.29367088607594893,0.30058555643616647,0.24982129560685018,0.24404340478393574,0.23473246507246884
28,Sandslash,Sandslash,Base,Ground,None,450,75,100,110,45,55,65,1,False,450,True,72.5,82.5,80.0,65,100,110,0.36764705882352944,0.3058823529411765,0.4146341463414635,0.34285714285714286,0.35664531666325067,Balanced,Sandslash,"('Ground',)",1.0974999999999973,0.8906823176219454,0.25375000000000003,0.2425000000000001,0.21334431630971992,0.09884678747940692,0.04118616144975288,1.1227347611202636,0.29367088607594893,0.30058555643616647,0.33805658972449726,0.33095158268924424,0.3394334796246312
29,Nidoran♀,Nidoran♀,Base,Poison,None,275,55,47,52,40,40,41,1,False,275,True,43.5,46.0,49.0,41,47,52,0.19705882352941176,0.13411764705882354,0.18780487804878052,0.2057142857142857,0.18120383275261326,Balanced,Nidoran♀,"('Poison',)",0.9521874999999977,1.0033057841173445,0.12125000000000005,0.2762499999999998,0.12932454695222406,0.2652388797364086,0.0,0.9967051070840197,0.09746835443037949,0.4507250898473353,0.15722263588979885,0.2741824319217175,0.20318150170246962
30,Nidorina,Nidorina,Base,Poison,None,365,70,62,67,55,55,56,1,False,365,True,58.5,61.0,64.0,56,62,67,0.2852941176470588,0.20470588235294118,0.29756097560975614,0.2914285714285714,0.26882732117237135,Balanced,Nidorina,"('Poison',)",0.9521874999999977,1.0033057841173445,0.12125000000000005,0.2762499999999998,0.12932454695222406,0.2652388797364086,0.0,0.9967051070840197,0.09746835443037949,0.4507250898473353,0.2101638123603871,0.32632733866490254,0.266002110433767
31,Nidoqueen,Nidoqueen,Base,Poison,Ground,505,90,92,87,75,85,76,1,False,505,True,83.5,86.0,87.33333333333333,76,92,87,0.4323529411764706,0.32235294117647056,0.4682926829268293,0.4057142857142857,0.4067131584341053,Balanced,Nidoqueen,"('Ground', 'Poison')",1.397499999999996,0.914845515365017,0.37374999999999936,0.02125,0.26441515650741354,0.23476112026359144,0.04118616144975288,1.0930807248764414,0.6987341772151888,0.3327977707087114,0.5389054355919578,0.3630158084269566,0.44633103338712876
32,Nidoran♂,Nidoran♂,Base,Poison,None,273,46,57,40,40,40,50,1,False,273,True,48.5,40.0,42.0,50,57,40,0.22647058823529412,0.10588235294117647,0.13658536585365855,0.2571428571428571,0.1844809387169502,Balanced,Nidoran♂,"('Poison',)",0.9521874999999977,1.0033057841173445,0.12125000000000005,0.2762499999999998,0.12932454695222406,0.2652388797364086,0.0,0.9967051070840197,0.09746835443037949,0.4507250898473353,0.17486969471332825,0.2514952009317605,0.2116400075438305
33,Nidorino,Nidorino,Base,Poison,None,365,61,72,57,55,55,65,1,False,365,True,63.5,56.0,57.666666666666664,65,72,57,0.31470588235294117,0.1811764705882353,0.25121951219512195,0.34285714285714286,0.2742565074810412,Balanced,Nidorino,"('Poison',)",0.9521874999999977,1.0033057841173445,0.12125000000000005,0.2762499999999998,0.12932454695222406,0.2652388797364086,0.0,0.9967051070840197,0.09746835443037949,0.4507250898473353,0.2278108711839165,0.30650667869359693,0.2756433996323733
34,Nidoking,Nidoking,Base,Poison,Ground,505,81,102,77,85,75,85,1,False,505,True,93.5,76.0,77.66666666666667,85,102,77,0.49117647058823527,0.2752941176470588,0.3975609756097562,0.45714285714285713,0.4116760606681697,Balanced,Nidoking,"('Ground', 'Poison')",1.397499999999996,0.914845515365017,0.37374999999999936,0.02125,0.26441515650741354,0.23476112026359144,0.04118616144975288,1.0930807248764414,0.6987341772151888,0.3327977707087114,0.5741995532390167,0.3288622933623942,0.458661346975979
35,Clefairy,Clefairy,Base,Fairy,None,323,70,45,48,60,65,35,1,False,323,True,52.5,56.5,61.0,35,60,65,0.25,0.18352941176470589,0.27560975609756105,0.17142857142857143,0.22279001844640295,Balanced,Clefairy,"('Fairy',)",1.0759374999999973,1.0227464184990613,0.15500000000000008,0.18750000000000008,0.09143327841845139,0.14497528830313017,0.04118616144975288,0.9777594728171335,0.2645569620253161,0.47664160499391295,0.25582278481012644,0.3237943751396025,0.2586002149471775
36,Clefable,Clefable,Base,Fairy,None,483,95,70,73,95,90,60,1,False,483,True,82.5,81.5,86.0,60,95,90,0.4264705882352941,0.30117647058823527,0.45853658536585373,0.3142857142857143,0.37912328345972535,Balanced,Clefable,"('Fairy',)",1.0759374999999973,1.0227464184990613,0.15500000000000008,0.18750000000000008,0.09143327841845139,0.14497528830313017,0.04118616144975288,0.9777594728171335,0.2645569620253161,0.47664160499391295,0.36170513775130286,0.410702553044911,0.37190417067581044
37,Vulpix,Vulpix,Base,Fire,None,299,38,41,40,50,65,65,1,False,299,True,45.5,52.5,47.666666666666664,65,50,65,0.2088235294117647,0.16470588235294117,0.17804878048780487,0.34285714285714286,0.2184458905513425,Balanced,Vulpix,"('Fire',)",1.1381249999999974,0.9440124407884671,0.25250000000000006,0.3074999999999998,0.2067545304777595,0.29489291598023065,0.0,1.0593080724876442,0.34852320675105475,0.371680507232312,0.26470340034748074,0.2508314568384054,0.26532625220178674
38,Ninetales,Ninetales,Base,Fire,None,505,73,76,75,81,100,100,1,False,505,True,78.5,87.5,82.66666666666667,100,81,100,0.40294117647058825,0.32941176470588235,0.43414634146341474,0.5428571428571428,0.418783049805288,Balanced,Ninetales,"('Fire',)",1.1381249999999974,0.9440124407884671,0.25250000000000006,0.3074999999999998,0.2067545304777595,0.29489291598023065,0.0,1.0593080724876442,0.34852320675105475,0.371680507232312,0.38117398858277485,0.3725029059058373,0.40846649610422575
39,Jigglypuff,Jigglypuff,Base,Normal,Fairy,270,115,45,20,45,25,20,1,False,270,True,45.0,22.5,53.333333333333336,20,45,25,0.20588235294117646,0.023529411764705882,0.21951219512195125,0.08571428571428572,0.13898647263783565,Balanced,Jigglypuff,"('Fairy', 'Normal')",1.138124999999997,1.0398286927089062,0.15500000000000008,0.06375000000000001,0.09143327841845139,0.1013179571663921,0.07907742998352553,0.9616968698517299,0.3485232067510542,0.49941416527177057,0.2629386944651276,0.26287900900684313,0.21774429424092218
40,Wigglytuff,Wigglytuff,Base,Normal,Fairy,435,140,70,45,85,50,45,1,False,435,True,77.5,47.5,78.33333333333333,45,85,50,0.39705882352941174,0.1411764705882353,0.4024390243902439,0.22857142857142856,0.30046679647468744,Balanced,Wigglytuff,"('Fairy', 'Normal')",1.138124999999997,1.0398286927089062,0.15500000000000008,0.06375000000000001,0.09143327841845139,0.1013179571663921,0.07907742998352553,0.9616968698517299,0.3485232067510542,0.49941416527177057,0.37764457681806873,0.3497871869121516,0.3353497205577904
41,Zubat,Zubat,Base,Poison,Flying,245,40,45,35,30,40,55,1,False,245,True,37.5,37.5,38.333333333333336,55,45,40,0.16176470588235295,0.09411764705882353,0.10975609756097564,0.2857142857142857,0.15924113547858168,Balanced,Zubat,"('Flying', 'Poison')",1.2534374999999973,1.0402742062871524,0.2737499999999999,0.10000000000000003,0.1943986820428336,0.2652388797364086,0.05518945634266886,0.9612850082372325,0.5042194092827006,0.5000080841312026,0.29874658724249203,0.2603834345133132,0.2643569784299209
42,Golbat,Golbat,Base,Poison,Flying,455,75,80,70,65,75,90,1,False,455,True,72.5,72.5,73.33333333333333,90,80,75,0.36764705882352944,0.25882352941176473,0.3658536585365854,0.4857142857142857,0.36369594179135073,Balanced,Golbat,"('Flying', 'Poison')",1.2534374999999973,1.0402742062871524,0.2737499999999999,0.10000000000000003,0.1943986820428336,0.2652388797364086,0.05518945634266886,0.9612850082372325,0.5042194092827006,0.5000080841312026,0.4222759990071979,0.382054883580745,0.41093839880294813
43,Oddish,Oddish,Base,Grass,Poison,320,45,50,55,75,65,30,1,False,320,True,62.5,60.0,55.0,30,75,65,0.3088235294117647,0.2,0.23170731707317074,0.14285714285714285,0.23300112728018038,Balanced,Oddish,"('Grass', 'Poison')",1.3374999999999972,0.9329490865455523,0.31874999999999964,0.11000000000000004,0.24135090609555185,0.29983525535420097,0.0,1.0718698517298186,0.6177215189873422,0.35693183277145646,0.4323827252419957,0.2706995623768753,0.3105416993304594
44,Gloom,Gloom,Base,Grass,Poison,395,60,65,70,85,75,40,1,False,395,True,75.0,72.5,68.33333333333333,40,85,75,0.38235294117647056,0.25882352941176473,0.32926829268292684,0.2,0.3043830703012912,Balanced,Gloom,"('Grass', 'Poison')",1.3374999999999972,0.9329490865455523,0.31874999999999964,0.11000000000000004,0.24135090609555185,0.29983525535420097,0.0,1.0718698517298186,0.6177215189873422,0.35693183277145646,0.4765003723008192,0.31567804157343193,0.360961021937551
45,Vileplume,Vileplume,Base,Grass,Poison,490,75,80,85,110,90,50,1,False,490,True,95.0,87.5,83.33333333333333,50,110,90,0.5,0.32941176470588235,0.4390243902439025,0.2571428571428571,0.3965863906538225,Heavy hitter,Vileplume,"('Grass', 'Poison')",1.3374999999999972,0.9329490865455523,0.31874999999999964,0.11000000000000004,0.24135090609555185,0.29983525535420097,0.0,1.0718698517298186,0.6177215189873422,0.35693183277145646,0.5470886075949368,0.367822948316617,0.4272417147024618
46,Paras,Paras,Base,Bug,Grass,285,35,70,55,45,55,25,1,False,285,True,57.5,55.0,48.333333333333336,25,70,55,0.27941176470588236,0.17647058823529413,0.18292682926829273,0.11428571428571428,0.20135427341668374,Balanced,Paras,"('Bug', 'Grass')",1.3296874999999975,0.7128596589163759,0.35249999999999965,0.2287500000000001,0.3253706754530478,0.32207578253706753,0.0,1.4028006589785833,0.6071729957805914,0.06352829085219168,0.41051625713576595,0.1329077295403028,0.2514248198717569
47,Parasect,Parasect,Base,Bug,Grass,405,60,95,80,60,80,30,1,False,405,True,77.5,80.0,73.33333333333333,30,95,80,0.39705882352941174,0.29411764705882354,0.3658536585365854,0.14285714285714285,0.31424216027874563,Balanced,Parasect,"('Bug', 'Grass')",1.3296874999999975,0.7128596589163759,0.35249999999999965,0.2287500000000001,0.3253706754530478,0.32207578253706753,0.0,1.4028006589785833,0.6071729957805914,0.06352829085219168,0.4811044924298836,0.21981590744561125,0.3269514646760201
48,Venonat,Venonat,Base,Bug,Poison,305,60,55,50,40,55,45,1,False,305,True,47.5,52.5,55.0,45,55,55,0.22058823529411764,0.16470588235294117,0.23170731707317074,0.22857142857142856,0.21043810207009633,Balanced,Venonat,"('Bug', 'Poison')",1.1774999999999975,0.9134687726794949,0.2300000000000001,0.15000000000000008,0.257825370675453,0.2652388797364086,0.0,1.0947281713344317,0.40168776371308046,0.3309624204849641,0.2930280466617028,0.24795885628580774,0.2574503051466522
49,Venomoth,Venomoth,Base,Bug,Poison,450,70,65,60,90,75,90,1,False,450,True,77.5,67.5,68.33333333333333,90,90,75,0.39705882352941174,0.23529411764705882,0.32926829268292684,0.4857142857142857,0.3607906333265013,Balanced,Venomoth,"('Bug', 'Poison')",1.1774999999999975,0.9134687726794949,0.2300000000000001,0.15000000000000008,0.257825370675453,0.2652388797364086,0.0,1.0947281713344317,0.40168776371308046,0.3309624204849641,0.3989103996028792,0.29705498254118795,0.3756563924596261
50,Diglett,Diglett,Base,Ground,None,265,10,55,25,35,45,95,1,False,265,True,45.0,35.0,26.666666666666668,95,55,45,0.20588235294117646,0.08235294117647059,0.024390243902439043,0.5142857142857142,0.20038225046116007,Balanced,Diglett,"('Ground',)",1.0974999999999973,0.8906823176219454,0.25375000000000003,0.2425000000000001,0.21334431630971992,0.09884678747940692,0.04118616144975288,1.1227347611202636,0.29367088607594893,0.30058555643616647,0.24099776619508545,0.15515531296184104,0.2501458950786176
51,Dugtrio,Dugtrio,Base,Ground,None,405,35,80,50,50,70,120,1,False,405,True,65.0,60.0,51.666666666666664,120,80,70,0.3235294117647059,0.2,0.20731707317073172,0.6571428571428571,0.33612728018036486,Fast,Dugtrio,"('Ground',)",1.0974999999999973,0.8906823176219454,0.25375000000000003,0.2425000000000001,0.21334431630971992,0.09884678747940692,0.04118616144975288,1.1227347611202636,0.29367088607594893,0.30058555643616647,0.3115860014892031,0.2420634908671495,0.34624396845430944
52,Meowth,Meowth,Base,Normal,None,290,40,45,35,40,40,90,1,False,290,True,42.5,37.5,38.333333333333336,90,45,40,0.19117647058823528,0.09411764705882353,0.10975609756097564,0.4857142857142857,0.20953525312564047,Balanced,Meowth,"('Normal',)",0.8799999999999981,0.9942669932784275,0.0,0.1787500000000001,0.04365733113673806,0.0,0.03789126853377265,1.0057660626029652,0.0,0.4386753822563193,0.11470588235294116,0.2358503537633599,0.22092488989617337
53,Persian,Persian,Base,Normal,None,440,65,70,60,65,65,115,1,False,440,True,67.5,62.5,63.333333333333336,115,70,65,0.3382352941176471,0.21176470588235294,0.29268292682926833,0.6285714285714286,0.3555744004919041,Fast,Persian,"('Normal',)",0.8799999999999981,0.9942669932784275,0.0,0.1787500000000001,0.04365733113673806,0.0,0.03789126853377265,1.0057660626029652,0.0,0.4386753822563193,0.20294117647058824,0.3227585316686683,0.32562590444833567
54,Psyduck,Psyduck,Base,Water,None,320,50,52,48,65,50,55,1,False,320,True,58.5,49.0,49.333333333333336,55,65,50,0.2852941176470588,0.14823529411764705,0.19024390243902442,0.2857142857142857,0.23210340233654436,Balanced,Psyduck,"('Water',)",1.0643749999999983,0.9946743128164401,0.17500000000000007,0.2874999999999998,0.11943986820428334,0.22817133443163096,0.0,1.005354200988468,0.24894514767932577,0.4392183842370741,0.2707545296599656,0.2751306822457622,0.2685136697453394
55,Golduck,Golduck,Base,Water,None,500,80,82,78,95,80,85,1,False,500,True,88.5,79.0,79.33333333333333,85,95,80,0.46176470588235297,0.28941176470588237,0.40975609756097564,0.45714285714285713,0.40735037917606065,Balanced,Golduck,"('Water',)",1.0643749999999983,0.9946743128164401,0.17500000000000007,0.2874999999999998,0.11943986820428334,0.22817133443163096,0.0,1.005354200988468,0.24894514767932577,0.4392183842370741,0.37663688260114203,0.37942049573213243,0.3941548872079342
56,Mankey,Mankey,Base,Fighting,None,305,40,80,35,35,45,70,1,False,305,True,57.5,40.0,40.0,70,80,45,0.27941176470588236,0.10588235294117647,0.12195121951219513,0.37142857142857144,0.22294066407050625,Balanced,Mankey,"('Fighting',)",1.064374999999999,0.8962716861660586,0.2475000000000001,0.35124999999999973,0.19028006589785829,0.14909390444810544,0.0,1.1157331136738053,0.24894514767932668,0.30803680271183054,0.26722511789526004,0.19076134949219276,0.2532738373306235
57,Primeape,Primeape,Base,Fighting,None,455,65,105,60,60,70,95,1,False,455,True,82.5,65.0,65.0,95,105,70,0.4264705882352941,0.2235294117647059,0.30487804878048785,0.5142857142857142,0.36897981143676983,Balanced,Primeape,"('Fighting',)",1.064374999999999,0.8962716861660586,0.2475000000000001,0.35124999999999973,0.19028006589785829,0.14909390444810544,0.0,1.1157331136738053,0.24894514767932668,0.30803680271183054,0.3554604120129071,0.2776695273975013,0.3579748518827859
58,Growlithe,Growlithe,Base,Fire,None,350,55,70,45,70,50,60,1,False,350,True,70.0,47.5,50.0,60,70,50,0.35294117647058826,0.1411764705882353,0.19512195121951223,0.3142857142857143,0.26070506251281,Balanced,Growlithe,"('Fire',)",1.1381249999999974,0.9440124407884671,0.25250000000000006,0.3074999999999998,0.2067545304777595,0.29489291598023065,0.0,1.0593080724876442,0.34852320675105475,0.371680507232312,0.3511739885827748,0.2468644554036852,0.30077754857399414
59,Arcanine,Arcanine,Base,Fire,None,555,90,110,80,100,80,95,1,False,555,True,105.0,80.0,83.33333333333333,95,110,80,0.5588235294117647,0.29411764705882354,0.4390243902439025,0.5142857142857142,0.4597796679647469,Heavy hitter,Arcanine,"('Fire',)",1.1381249999999974,0.9440124407884671,0.25250000000000006,0.3074999999999998,0.2067545304777595,0.29489291598023065,0.0,1.0593080724876442,0.34852320675105475,0.371680507232312,0.4747034003474807,0.3613694769244886,0.44440201055390804
60,Poliwag,Poliwag,Base,Water,None,300,40,50,40,40,40,90,1,False,300,True,45.0,40.0,40.0,90,50,40,0.20588235294117646,0.10588235294117647,0.12195121951219513,0.4857142857142857,0.22006251281000205,Balanced,Poliwag,"('Water',)",1.0643749999999983,0.9946743128164401,0.17500000000000007,0.2874999999999998,0.11943986820428334,0.22817133443163096,0.0,1.005354200988468,0.24894514767932577,0.4392183842370741,0.22310747083643617,0.2432339821022902,0.2680797027439047
61,Poliwhirl,Poliwhirl,Base,Water,None,385,65,65,65,50,50,90,1,False,385,True,57.5,57.5,60.0,90,65,65,0.27941176470588236,0.18823529411764706,0.26829268292682934,0.4857142857142857,0.2956543349046936,Balanced,Poliwhirl,"('Water',)",1.0643749999999983,0.9946743128164401,0.17500000000000007,0.2874999999999998,0.11943986820428334,0.22817133443163096,0.0,1.005354200988468,0.24894514767932577,0.4392183842370741,0.2672251178952597,0.30864287736771345,0.3166882034612648
62,Poliwrath,Poliwrath,Base,Water,Fighting,510,90,95,95,70,90,70,1,False,510,True,82.5,92.5,91.66666666666667,70,95,95,0.4264705882352941,0.35294117647058826,0.5000000000000001,0.37142857142857144,0.4117857142857143,Balanced,Poliwrath,"('Fighting', 'Water')",1.3862499999999973,0.8919911821580622,0.3649999999999995,0.09750000000000003,0.30971993410214166,0.3772652388797364,0.0,1.1210873146622735,0.683544303797469,0.3023304175815924,0.5293000744601641,0.36946157879734287,0.4400406462804114
63,Abra,Abra,Base,Psychic,None,310,25,20,15,105,55,90,1,False,310,True,62.5,35.0,31.666666666666668,90,105,55,0.3088235294117647,0.08235294117647059,0.06097560975609758,0.4857142857142857,0.23801444968231197,Balanced,Abra,"('Psychic',)",0.9878124999999977,0.9256576430623346,0.12250000000000003,0.21125000000000013,0.13920922570016475,0.11779242174629324,0.0,1.080313014827018,0.1455696202531643,0.3472115324066214,0.24352196574832455,0.18295204481343766,0.26085371005285074
64,Kadabra,Kadabra,Base,Psychic,None,400,40,35,30,120,70,105,1,False,400,True,77.5,50.0,46.666666666666664,105,120,70,0.39705882352941174,0.15294117647058825,0.17073170731707318,0.5714285714285714,0.3256379381020701,DPS,Kadabra,"('Psychic',)",0.9878124999999977,0.9256576430623346,0.12250000000000003,0.21125000000000013,0.13920922570016475,0.11779242174629324,0.0,1.080313014827018,0.1455696202531643,0.3472115324066214,0.2964631422189128,0.23509695155662275,0.32367431878414815
65,Alakazam,Alakazam,Base,Psychic,None,500,55,50,45,135,95,120,1,False,500,True,92.5,70.0,65.0,120,135,95,0.4852941176470588,0.24705882352941178,0.30487804878048785,0.6571428571428571,0.42402182824349255,DPS,Alakazam,"('Psychic',)",0.9878124999999977,0.9256576430623346,0.12250000000000003,0.21125000000000013,0.13920922570016475,0.11779242174629324,0.0,1.080313014827018,0.1455696202531643,0.3472115324066214,0.349404318689501,0.30157471339306463,0.3924088443016723
65,AlakazamMega Alakazam,Alakazam,Mega Alakazam,Psychic,None,590,55,50,65,175,95,150,1,False,590,True,112.5,80.0,71.66666666666667,150,175,95,0.6029411764705882,0.29411764705882354,0.35365853658536595,0.8285714285714286,0.5210048165607707,DPS,Alakazam (Mega Alakazam),"('Psychic',)",0.9878124999999977,0.9256576430623346,0.12250000000000003,0.21125000000000013,0.13920922570016475,0.11779242174629324,0.0,1.080313014827018,0.1455696202531643,0.3472115324066214,0.4199925539836187,0.3302404235795783,0.4695055854371508
66,Machop,Machop,Base,Fighting,None,305,70,80,50,35,35,35,1,False,305,True,57.5,42.5,51.666666666666664,35,80,50,0.27941176470588236,0.11764705882352941,0.20731707317073172,0.17142857142857143,0.2029550112728018,Balanced,Machop,"('Fighting',)",1.064374999999999,0.8962716861660586,0.2475000000000001,0.35124999999999973,0.19028006589785829,0.14909390444810544,0.0,1.1157331136738053,0.24894514767932668,0.30803680271183054,0.26722511789526004,0.21622045996565045,0.22791372255300515
67,Machoke,Machoke,Base,Fighting,None,405,80,100,70,50,60,45,1,False,405,True,75.0,65.0,70.0,45,100,70,0.38235294117647056,0.2235294117647059,0.3414634146341464,0.22857142857142856,0.30371285099405615,Balanced,Machoke,"('Fighting',)",1.064374999999999,0.8962716861660586,0.2475000000000001,0.35124999999999973,0.19028006589785829,0.14909390444810544,0.0,1.1157331136738053,0.24894514767932668,0.30803680271183054,0.328989823777613,0.2868158688609159,0.29748333210414263
68,Machamp,Machamp,Base,Fighting,None,505,90,130,80,65,85,55,1,False,505,True,97.5,82.5,85.0,55,130,85,0.5147058823529411,0.3058823529411765,0.451219512195122,0.2857142857142857,0.4040044066407051,Heavy hitter,Machamp,"('Fighting',)",1.064374999999999,0.8962716861660586,0.2475000000000001,0.35124999999999973,0.19028006589785829,0.14909390444810544,0.0,1.1157331136738053,0.24894514767932668,0.30803680271183054,0.40840158848349534,0.3430784226629245,0.3697419660455241
69,Bellsprout,Bellsprout,Base,Grass,Poison,300,50,75,35,70,30,40,1,False,300,True,72.5,32.5,38.333333333333336,40,75,35,0.36764705882352944,0.07058823529411765,0.10975609756097564,0.2,0.20827474892395983,Balanced,Bellsprout,"('Grass', 'Poison')",1.3374999999999972,0.9329490865455523,0.31874999999999964,0.11000000000000004,0.24135090609555185,0.29983525535420097,0.0,1.0718698517298186,0.6177215189873422,0.35693183277145646,0.46767684288905453,0.1949176398517677,0.30678724144974606
70,Weepinbell,Weepinbell,Base,Grass,Poison,390,65,90,50,85,45,55,1,False,390,True,87.5,47.5,53.333333333333336,55,90,50,0.45588235294117646,0.1411764705882353,0.21951219512195125,0.2857142857142857,0.29589823734371795,Balanced,Weepinbell,"('Grass', 'Poison')",1.3374999999999972,0.9329490865455523,0.31874999999999964,0.11000000000000004,0.24135090609555185,0.29983525535420097,0.0,1.0718698517298186,0.6177215189873422,0.35693183277145646,0.5206180193596428,0.24706254659495275,0.36960785018104353
71,Victreebel,Victreebel,Base,Grass,Poison,490,80,105,65,100,70,70,1,False,490,True,102.5,67.5,71.66666666666667,70,105,70,0.5441176470588235,0.23529411764705882,0.35365853658536595,0.37142857142857144,0.39428212748514035,Balanced,Victreebel,"('Grass', 'Poison')",1.3374999999999972,0.9329490865455523,0.31874999999999964,0.11000000000000004,0.24135090609555185,0.29983525535420097,0.0,1.0718698517298186,0.6177215189873422,0.35693183277145646,0.573559195830231,0.3135403084313947,0.4383423756985676
72,Tentacool,Tentacool,Base,Water,Poison,335,40,40,35,50,100,70,1,False,335,True,45.0,67.5,58.333333333333336,70,50,100,0.20588235294117646,0.23529411764705882,0.25609756097560976,0.37142857142857144,0.2563875794220127,Balanced,Tentacool,"('Poison', 'Water')",1.3281249999999962,1.0384944386135737,0.29624999999999985,0.01625,0.17051070840197693,0.41515650741350907,0.0,0.9629324546952226,0.6050632911392395,0.4976354570366325,0.3655547282204017,0.34543151423502605,0.34402376818625613
73,Tentacruel,Tentacruel,Base,Water,Poison,515,80,70,65,80,120,100,1,False,515,True,75.0,92.5,88.33333333333333,100,80,120,0.38235294117647056,0.35294117647058826,0.475609756097561,0.5428571428571428,0.4257522033203526,Balanced,Tentacruel,"('Poison', 'Water')",1.3281249999999962,1.0384944386135737,0.29624999999999985,0.01625,0.17051070840197693,0.41515650741350907,0.0,0.9629324546952226,0.6050632911392395,0.4976354570366325,0.4714370811615781,0.44148603360374916,0.4663120444723803
74,Geodude,Geodude,Base,Rock,Ground,300,40,80,100,30,30,20,1,False,300,True,55.0,65.0,56.666666666666664,20,80,100,0.2647058823529412,0.2235294117647059,0.24390243902439024,0.08571428571428572,0.2144527567124411,Balanced,Geodude,"('Ground', 'Rock')",1.5562499999999957,0.6652054790095564,0.4687499999999993,0.005,0.35255354200988465,0.31878088962108736,0.04118616144975288,1.5032948929159802,0.9130801687763704,0.0,0.5240555969223128,0.13921090387374463,0.2964105662950576
75,Graveler,Graveler,Base,Rock,Ground,390,55,95,115,45,45,35,1,False,390,True,70.0,80.0,71.66666666666667,35,95,115,0.35294117647058826,0.29411764705882354,0.35365853658536595,0.17142857142857143,0.3020762451321993,Balanced,Graveler,"('Ground', 'Rock')",1.5562499999999957,0.6652054790095564,0.4687499999999993,0.005,0.35255354200988465,0.31878088962108736,0.04118616144975288,1.5032948929159802,0.9130801687763704,0.0,0.5769967733929011,0.19135581061692972,0.359231175026355
76,Golem,Golem,Base,Rock,Ground,495,80,120,130,55,65,45,1,False,495,True,87.5,97.5,91.66666666666667,45,120,130,0.45588235294117646,0.3764705882352941,0.5000000000000001,0.22857142857142856,0.399390756302521,Heavy hitter,Golem,"('Ground', 'Rock')",1.5562499999999957,0.6652054790095564,0.4687499999999993,0.005,0.35255354200988465,0.31878088962108736,0.04118616144975288,1.5032948929159802,0.9130801687763704,0.0,0.6387614792752541,0.25676470588235295,0.4267283312058999
77,Ponyta,Ponyta,Base,Fire,None,410,50,85,55,65,65,90,1,False,410,True,75.0,60.0,56.666666666666664,90,85,65,0.38235294117647056,0.2,0.24390243902439024,0.4857142857142857,0.32974687435949984,Balanced,Ponyta,"('Fire',)",1.1381249999999974,0.9440124407884671,0.25250000000000006,0.3074999999999998,0.2067545304777595,0.29489291598023065,0.0,1.0593080724876442,0.34852320675105475,0.371680507232312,0.3688210474063042,0.2796478126490224,0.35374193676829624
78,Rapidash,Rapidash,Base,Fire,None,500,65,100,70,80,80,105,1,False,500,True,90.0,75.0,71.66666666666667,105,100,80,0.47058823529411764,0.27058823529411763,0.35365853658536595,0.5714285714285714,0.41737036277925804,DPS,Rapidash,"('Fire',)",1.1381249999999974,0.9440124407884671,0.25250000000000006,0.3074999999999998,0.2067545304777595,0.29489291598023065,0.0,1.0593080724876442,0.34852320675105475,0.371680507232312,0.4217622238768925,0.33179271939220745,0.41656254549959365
79,Slowpoke,Slowpoke,Base,Water,Psychic,315,90,65,65,40,40,15,1,False,315,True,52.5,52.5,65.0,15,65,65,0.25,0.16470588235294117,0.30487804878048785,0.05714285714285714,0.20108065177290427,Balanced,Slowpoke,"('Psychic', 'Water')",1.3074999999999963,0.9210925636432423,0.2849999999999999,0.035,0.25864909390444807,0.3459637561779242,0.0,1.085667215815486,0.5772151898734168,0.3411257767884045,0.38088607594936674,0.2703168817340132,0.27218302123731486
80,Slowbro,Slowbro,Base,Water,Psychic,490,95,75,110,100,80,30,1,False,490,True,87.5,95.0,95.0,30,100,110,0.45588235294117646,0.36470588235294116,0.524390243902439,0.14285714285714285,0.3841847714695634,Tank,Slowbro,"('Psychic', 'Water')",1.3074999999999963,0.9210925636432423,0.2849999999999999,0.035,0.25864909390444807,0.3459637561779242,0.0,1.085667215815486,0.5772151898734168,0.3411257767884045,0.5044154877140725,0.39519493051450094,0.3993809613889852
80,SlowbroMega Slowbro,Slowbro,Mega Slowbro,Water,Psychic,590,95,75,180,130,80,30,1,False,590,True,102.5,130.0,118.33333333333333,30,130,180,0.5441176470588235,0.5294117647058824,0.6951219512195123,0.14285714285714285,0.4903899364623898,Tank,Slowbro (Mega Slowbro),"('Psychic', 'Water')",1.3074999999999963,0.9210925636432423,0.2849999999999999,0.035,0.25864909390444807,0.3459637561779242,0.0,1.085667215815486,0.5772151898734168,0.3411257767884045,0.5573566641846608,0.49552491616729866,0.4665872024219838
81,Magnemite,Magnemite,Base,Electric,Steel,325,25,35,70,95,55,45,1,False,325,True,65.0,62.5,50.0,45,95,70,0.3235294117647059,0.21176470588235294,0.19512195121951223,0.22857142857142856,0.25091514654642344,Balanced,Magnemite,"('Electric', 'Steel')",1.332499999999996,1.1452830175562514,0.34124999999999966,0.07750000000000001,0.15156507413509063,0.6136738056013179,0.051070840197693576,0.8731466227347612,0.6109704641350199,0.6399964401870701,0.4385058327128315,0.3788967109385296,0.3609943326343693
82,Magneton,Magneton,Base,Electric,Steel,465,50,60,95,120,70,70,1,False,465,True,90.0,82.5,71.66666666666667,70,120,95,0.47058823529411764,0.3058823529411765,0.35365853658536595,0.37142857142857144,0.3861938921910228,Heavy hitter,Magneton,"('Electric', 'Steel')",1.332499999999996,1.1452830175562514,0.34124999999999966,0.07750000000000001,0.15156507413509063,0.6136738056013179,0.051070840197693576,0.8731466227347612,0.6109704641350199,0.6399964401870701,0.5267411268304786,0.4514720337505813,0.459781430400305
83,Farfetch'd,Farfetch'd,Base,Normal,Flying,352,52,65,55,58,62,60,1,False,352,True,61.5,58.5,56.333333333333336,60,65,62,0.3029411764705882,0.19294117647058823,0.24146341463414636,0.3142857142857143,0.26541453166632506,Balanced,Farfetch'd,"('Flying', 'Normal')",1.2068749999999977,1.0434035227617604,0.2325000000000001,0.10250000000000004,0.12026359143327842,0.1375617792421746,0.0930807248764415,0.9584019769357496,0.44135021097046473,0.5041798089947124,0.35830479027053885,0.32956718902112747,0.3291471097073597
84,Doduo,Doduo,Base,Normal,Flying,310,35,85,45,35,35,75,1,False,310,True,60.0,40.0,38.333333333333336,75,85,45,0.29411764705882354,0.10588235294117647,0.10975609756097564,0.4,0.2313629842180775,Balanced,Doduo,"('Flying', 'Normal')",1.2068749999999977,1.0434035227617604,0.2325000000000001,0.10250000000000004,0.12026359143327842,0.1375617792421746,0.0930807248764415,0.9584019769357496,0.44135021097046473,0.5041798089947124,0.35301067262348007,0.2661697715175406,0.31575964813736584
85,Dodrio,Dodrio,Base,Normal,Flying,460,60,110,70,60,60,100,1,False,460,True,85.0,65.0,63.333333333333336,100,110,70,0.4411764705882353,0.2235294117647059,0.29268292682926833,0.5428571428571428,0.377402131584341,DPS,Dodrio,"('Flying', 'Normal')",1.2068749999999977,1.0434035227617604,0.2325000000000001,0.10250000000000004,0.12026359143327842,0.1375617792421746,0.0930807248764415,0.9584019769357496,0.44135021097046473,0.5041798089947124,0.4412459667411271,0.3530779494228491,0.4204606626895281
86,Seel,Seel,Base,Water,None,325,65,45,55,45,70,45,1,False,325,True,45.0,62.5,63.333333333333336,45,45,70,0.20588235294117646,0.21176470588235294,0.29268292682926833,0.22857142857142856,0.22925087108013936,Balanced,Seel,"('Water',)",1.0643749999999983,0.9946743128164401,0.17500000000000007,0.2874999999999998,0.11943986820428334,0.22817133443163096,0.0,1.005354200988468,0.24894514767932577,0.4392183842370741,0.22310747083643617,0.3229757324609702,0.25480905302060075
87,Dewgong,Dewgong,Base,Water,Ice,475,90,70,80,70,95,70,1,False,475,True,70.0,87.5,88.33333333333333,70,70,95,0.35294117647058826,0.32941176470588235,0.475609756097561,0.37142857142857144,0.375290018446403,Balanced,Dewgong,"('Ice', 'Water')",1.4568749999999966,0.8806673913172793,0.4149999999999994,0.11625000000000002,0.21087314662273476,0.13509060955518945,0.0,1.135502471169687,0.7789029535864979,0.28723455233977574,0.5233258873169521,0.3490903776073594,0.4260652566902348
88,Grimer,Grimer,Base,Poison,None,325,80,80,50,40,50,25,1,False,325,True,60.0,50.0,60.0,25,80,50,0.29411764705882354,0.15294117647058825,0.26829268292682934,0.11428571428571428,0.21769215003074402,Balanced,Grimer,"('Poison',)",0.9521874999999977,1.0033057841173445,0.12125000000000005,0.2762499999999998,0.12932454695222406,0.2652388797364086,0.0,0.9967051070840197,0.09746835443037949,0.4507250898473353,0.21545793000744592,0.3008926184353473,0.22624763718105131
89,Muk,Muk,Base,Poison,None,500,105,105,75,65,100,50,1,False,500,True,85.0,87.5,93.33333333333333,50,105,100,0.4411764705882353,0.32941176470588235,0.5121951219512195,0.2571428571428571,0.3906323017011683,Tank,Muk,"('Poison',)",0.9521874999999977,1.0033057841173445,0.12125000000000005,0.2762499999999998,0.12932454695222406,0.2652388797364086,0.0,0.9967051070840197,0.09746835443037949,0.4507250898473353,0.303693224125093,0.4236329340737978,0.34573344369878034
90,Shellder,Shellder,Base,Water,None,305,30,65,100,45,25,40,1,False,305,True,55.0,62.5,51.666666666666664,40,65,100,0.2647058823529412,0.21176470588235294,0.20731707317073172,0.2,0.227051649928264,Balanced,Shellder,"('Water',)",1.0643749999999983,0.9946743128164401,0.17500000000000007,0.2874999999999998,0.11943986820428334,0.22817133443163096,0.0,1.005354200988468,0.24894514767932577,0.4392183842370741,0.25840158848349504,0.3016342690463361,0.25790866359653847
91,Cloyster,Cloyster,Base,Water,Ice,525,50,95,180,85,45,70,1,False,525,True,90.0,112.5,91.66666666666667,70,95,180,0.47058823529411764,0.4470588235294118,0.5000000000000001,0.37142857142857144,0.45075630252100846,Balanced,Cloyster,"('Ice', 'Water')",1.4568749999999966,0.8806673913172793,0.4149999999999994,0.11625000000000002,0.21087314662273476,0.13509060955518945,0.0,1.135502471169687,0.7789029535864979,0.28723455233977574,0.5939141226110698,0.3963644091712044,0.47980270288822624
92,Gastly,Gastly,Base,Ghost,Poison,310,30,35,30,100,35,80,1,False,310,True,67.5,32.5,31.666666666666668,80,100,35,0.3382352941176471,0.07058823529411765,0.06097560975609758,0.42857142857142855,0.2339388194302111,Balanced,Gastly,"('Ghost', 'Poison')",1.2693749999999961,1.060262007609469,0.2687499999999999,0.01375,0.20922570016474465,0.2215815485996705,0.12767710049423395,0.943163097199341,0.5257383966244713,0.5266540333088578,0.4132365351203768,0.25061139811550875,0.33985457068304925
93,Haunter,Haunter,Base,Ghost,Poison,405,45,50,45,115,55,95,1,False,405,True,82.5,50.0,48.333333333333336,95,115,55,0.4264705882352941,0.15294117647058825,0.18292682926829273,0.5142857142857142,0.3269425087108014,Heavy hitter,Haunter,"('Ghost', 'Poison')",1.2693749999999961,1.060262007609469,0.2687499999999999,0.01375,0.20922570016474465,0.2215815485996705,0.12767710049423395,0.943163097199341,0.5257383966244713,0.5266540333088578,0.466177711590965,0.3099227324053222,0.40563213780746
94,Gengar,Gengar,Base,Ghost,Poison,500,60,65,60,130,75,110,1,False,500,True,97.5,67.5,65.0,110,130,75,0.5147058823529411,0.23529411764705882,0.30487804878048785,0.6,0.41994619799139166,DPS,Gengar,"('Ghost', 'Poison')",1.2693749999999961,1.060262007609469,0.2687499999999999,0.01375,0.20922570016474465,0.2215815485996705,0.12767710049423395,0.943163097199341,0.5257383966244713,0.5266540333088578,0.5191188880615532,0.3692340666951357,0.4714097049318708
94,GengarMega Gengar,Gengar,Mega Gengar,Ghost,Poison,600,60,65,80,170,95,130,1,False,600,True,117.5,87.5,78.33333333333333,130,170,95,0.6323529411764706,0.32941176470588235,0.4024390243902439,0.7142857142857143,0.527021418323427,DPS,Gengar (Mega Gengar),"('Ghost', 'Poison')",1.2693749999999961,1.060262007609469,0.2687499999999999,0.01375,0.20922570016474465,0.2215815485996705,0.12767710049423395,0.943163097199341,0.5257383966244713,0.5266540333088578,0.5897071233556709,0.42656548706816294,0.5500485653540884
95,Onix,Onix,Base,Rock,Ground,385,35,45,160,30,45,70,1,False,385,True,37.5,102.5,80.0,70,45,160,0.16176470588235295,0.4,0.4146341463414635,0.37142857142857144,0.3138301906128305,Balanced,Onix,"('Ground', 'Rock')",1.5562499999999957,0.6652054790095564,0.4687499999999993,0.005,0.35255354200988465,0.31878088962108736,0.04118616144975288,1.5032948929159802,0.9130801687763704,0.0,0.46229089103995996,0.24365853658536585,0.360802731697804
96,Drowzee,Drowzee,Base,Psychic,None,328,60,48,45,43,90,42,1,False,328,True,45.5,67.5,65.0,42,48,90,0.2088235294117647,0.23529411764705882,0.30487804878048785,0.21142857142857144,0.2351730887476942,Balanced,Drowzee,"('Psychic',)",0.9878124999999977,0.9256576430623346,0.12250000000000003,0.21125000000000013,0.13920922570016475,0.11779242174629324,0.0,1.080313014827018,0.1455696202531643,0.3472115324066214,0.18352196574832455,0.29745706633424107,0.229636155226042
97,Hypno,Hypno,Base,Psychic,None,483,85,73,70,73,115,67,1,False,483,True,73.0,92.5,90.0,67,73,115,0.37058823529411766,0.35294117647058826,0.48780487804878053,0.35428571428571426,0.3863592949374872,Balanced,Hypno,"('Psychic',)",0.9878124999999977,0.9256576430623346,0.12250000000000003,0.21125000000000013,0.13920922570016475,0.11779242174629324,0.0,1.080313014827018,0.1455696202531643,0.3472115324066214,0.28058078927773633,0.38436524423954954,0.33863864036643965
98,Krabby,Krabby,Base,Water,None,325,30,105,90,25,25,50,1,False,325,True,65.0,57.5,48.333333333333336,50,105,90,0.3235294117647059,0.18823529411764706,0.18292682926829273,0.2571428571428571,0.24830805492928879,Balanced,Krabby,"('Water',)",1.0643749999999983,0.9946743128164401,0.17500000000000007,0.2874999999999998,0.11943986820428334,0.22817133443163096,0.0,1.005354200988468,0.24894514767932577,0.4392183842370741,0.29369570613055385,0.2873014139530793,0.27948634344896717
99,Kingler,Kingler,Base,Water,None,475,55,130,115,50,50,75,1,False,475,True,90.0,82.5,73.33333333333333,75,130,115,0.47058823529411764,0.3058823529411765,0.3658536585365854,0.4,0.39434720229555237,Heavy hitter,Kingler,"('Water',)",1.0643749999999983,0.9946743128164401,0.17500000000000007,0.2874999999999998,0.11943986820428334,0.22817133443163096,0.0,1.005354200988468,0.24894514767932577,0.4392183842370741,0.3819310002482009,0.37420959185838776,0.3841873580011295
100,Voltorb,Voltorb,Base,Electric,None,330,40,30,50,55,55,100,1,False,330,True,42.5,52.5,48.333333333333336,100,55,55,0.19117647058823528,0.16470588235294117,0.18292682926829273,0.5428571428571428,0.2532450297192047,Balanced,Voltorb,"('Electric',)",1.0599999999999987,1.0279424206198797,0.2250000000000001,0.2787499999999998,0.05518945634266886,0.16474464579901152,0.0,0.972817133443163,0.24303797468354574,0.48356845033351176,0.21192107222635947,0.2968061462740073,0.2932255986591981
101,Electrode,Electrode,Base,Electric,None,480,60,50,70,80,80,140,1,False,480,True,65.0,75.0,70.0,140,80,80,0.3235294117647059,0.27058823529411763,0.3414634146341464,0.7714285714285715,0.40346075015372007,Fast,Electrode,"('Electric',)",1.0599999999999987,1.0279424206198797,0.2250000000000001,0.2787499999999998,0.05518945634266886,0.16474464579901152,0.0,0.972817133443163,0.24303797468354574,0.48356845033351176,0.2913328369322418,0.3734991161448825,0.4048162678537052
102,Exeggcute,Exeggcute,Base,Grass,Psychic,325,60,40,80,60,45,40,1,False,325,True,50.0,62.5,61.666666666666664,40,60,80,0.23529411764705882,0.21176470588235294,0.28048780487804875,0.2,0.23139167862266857,Balanced,Exeggcute,"('Grass', 'Psychic')",1.3518749999999975,0.7824685781824575,0.3174999999999998,0.08625000000000002,0.3574958813838551,0.3962108731466228,0.0,1.2780065897858321,0.6371308016877645,0.15632467676606476,0.3960287912633411,0.20676946898476162,0.2851511089941652
103,Exeggutor,Exeggutor,Base,Grass,Psychic,520,95,95,85,125,65,55,1,False,520,True,110.0,75.0,81.66666666666667,55,125,85,0.5882352941176471,0.27058823529411763,0.42682926829268303,0.2857142857142857,0.4160381225660996,Heavy hitter,Exeggutor,"('Grass', 'Psychic')",1.3518749999999975,0.7824685781824575,0.3174999999999998,0.08625000000000002,0.3574958813838551,0.3962108731466228,0.0,1.2780065897858321,0.6371308016877645,0.15632467676606476,0.6077934971456941,0.2639430701325378,0.4275631811400968
104,Cubone,Cubone,Base,Ground,None,320,50,50,95,40,50,35,1,False,320,True,45.0,72.5,65.0,35,50,95,0.20588235294117646,0.25882352941176473,0.30487804878048785,0.17142857142857143,0.2320260299241648,Balanced,Cubone,"('Ground',)",1.0974999999999973,0.8906823176219454,0.25375000000000003,0.2425000000000001,0.21334431630971992,0.09884678747940692,0.04118616144975288,1.1227347611202636,0.29367088607594893,0.30058555643616647,0.24099776619508545,0.2870419700637062,0.24302988770005646
105,Marowak,Marowak,Base,Ground,None,425,60,80,110,50,80,45,1,False,425,True,65.0,95.0,83.33333333333333,45,80,110,0.3235294117647059,0.36470588235294116,0.4390243902439025,0.22857142857142856,0.33793092846894857,Balanced,Marowak,"('Ground',)",1.0974999999999973,0.8906823176219454,0.25375000000000003,0.2425000000000001,0.21334431630971992,0.09884678747940692,0.04118616144975288,1.1227347611202636,0.29367088607594893,0.30058555643616647,0.3115860014892031,0.35763737895897163,0.31690096783942934
106,Hitmonlee,Hitmonlee,Base,Fighting,None,455,50,120,53,35,110,87,1,False,455,True,77.5,81.5,71.0,87,120,110,0.39705882352941174,0.30117647058823527,0.3487804878048781,0.4685714285714286,0.3777350891576142,Heavy hitter,Hitmonlee,"('Fighting',)",1.064374999999999,0.8962716861660586,0.2475000000000001,0.35124999999999973,0.19028006589785829,0.14909390444810544,0.0,1.1157331136738053,0.24894514767932668,0.30803680271183054,0.3378133531893777,0.3158216077418341,0.3568178012576577
107,Hitmonchan,Hitmonchan,Base,Fighting,None,455,50,105,79,35,110,76,1,False,455,True,70.0,94.5,79.66666666666667,76,105,110,0.35294117647058826,0.3623529411764706,0.4121951219512196,0.4057142857142857,0.37769952859192457,Balanced,Hitmonchan,"('Fighting',)",1.064374999999999,0.8962716861660586,0.2475000000000001,0.35124999999999973,0.19028006589785829,0.14909390444810544,0.0,1.1157331136738053,0.24894514767932668,0.30803680271183054,0.31134276495408364,0.35308703098430183,0.34797528742285555
108,Lickitung,Lickitung,Base,Normal,None,385,90,55,75,60,75,30,1,False,385,True,57.5,75.0,80.0,30,60,75,0.27941176470588236,0.27058823529411763,0.4146341463414635,0.14285714285714285,0.2769394343103095,Balanced,Lickitung,"('Normal',)",0.8799999999999981,0.9942669932784275,0.0,0.1787500000000001,0.04365733113673806,0.0,0.03789126853377265,1.0057660626029652,0.0,0.4386753822563193,0.1676470588235294,0.3738345718408348,0.24217868165678008
109,Koffing,Koffing,Base,Poison,None,340,40,65,95,60,45,35,1,False,340,True,62.5,70.0,60.0,35,65,95,0.3088235294117647,0.24705882352941178,0.26829268292682934,0.17142857142857143,0.25779719204755075,Balanced,Koffing,"('Poison',)",0.9521874999999977,1.0033057841173445,0.12125000000000005,0.2762499999999998,0.12932454695222406,0.2652388797364086,0.0,0.9967051070840197,0.09746835443037949,0.4507250898473353,0.22428145941921063,0.33383379490593557,0.25424658676088324
110,Weezing,Weezing,Base,Poison,None,490,65,90,120,85,70,60,1,False,490,True,87.5,95.0,85.0,60,90,120,0.45588235294117646,0.36470588235294116,0.451219512195122,0.3142857142857143,0.40383633941381436,Balanced,Weezing,"('Poison',)",0.9521874999999977,1.0033057841173445,0.12125000000000005,0.2762499999999998,0.12932454695222406,0.2652388797364086,0.0,0.9967051070840197,0.09746835443037949,0.4507250898473353,0.31251675353685765,0.42074197281124404,0.3589476013130456
111,Rhyhorn,Rhyhorn,Base,Ground,Rock,345,80,85,95,30,30,25,1,False,345,True,57.5,62.5,68.33333333333333,25,85,95,0.27941176470588236,0.21176470588235294,0.32926829268292684,0.11428571428571428,0.23944609551137527,Balanced,Rhyhorn,"('Ground', 'Rock')",1.5562499999999957,0.6652054790095564,0.4687499999999993,0.005,0.35255354200988465,0.31878088962108736,0.04118616144975288,1.5032948929159802,0.9130801687763704,0.0,0.5328791263340776,0.15643472022955524,0.31314183807206103
112,Rhydon,Rhydon,Base,Ground,Rock,485,105,130,120,45,45,40,1,False,485,True,87.5,82.5,90.0,40,130,120,0.45588235294117646,0.3058823529411765,0.48780487804878053,0.2,0.37359038737446204,Tank,Rhydon,"('Ground', 'Rock')",1.5562499999999957,0.6652054790095564,0.4687499999999993,0.005,0.35255354200988465,0.31878088962108736,0.04118616144975288,1.5032948929159802,0.9130801687763704,0.0,0.6387614792752541,0.22901004304160688,0.410246162728753
113,Chansey,Chansey,Base,Normal,None,450,250,5,5,35,105,50,1,False,450,True,20.0,55.0,120.0,50,35,105,0.058823529411764705,0.17647058823529413,0.7073170731707318,0.2571428571428571,0.25759786841565896,Tank,Chansey,"('Normal',)",0.8799999999999981,0.9942669932784275,0.0,0.1787500000000001,0.04365733113673806,0.0,0.03789126853377265,1.0057660626029652,0.0,0.4386753822563193,0.03529411764705882,0.4140641270775636,0.21554799401587002
114,Tangela,Tangela,Base,Grass,None,435,65,55,115,100,40,60,1,False,435,True,77.5,77.5,73.33333333333333,60,100,115,0.39705882352941174,0.2823529411764706,0.3658536585365854,0.3142857142857143,0.34558669809387166,Balanced,Tangela,"('Grass',)",1.0306249999999983,0.8784370469852222,0.20000000000000007,0.42874999999999935,0.27759472817133446,0.2784184514003295,0.0,1.13838550247117,0.20337552742616116,0.28426125674000846,0.3195855050881115,0.3039914467419145,0.31801249791475683
115,Kangaskhan,Kangaskhan,Base,Normal,None,490,105,95,80,40,80,90,1,False,490,True,67.5,80.0,88.33333333333333,90,95,80,0.3382352941176471,0.29411764705882354,0.475609756097561,0.4857142857142857,0.3841765730682517,Balanced,Kangaskhan,"('Normal',)",0.8799999999999981,0.9942669932784275,0.0,0.1787500000000001,0.04365733113673806,0.0,0.03789126853377265,1.0057660626029652,0.0,0.4386753822563193,0.20294117647058824,0.3973137683975062,0.3308542299248678
115,KangaskhanMega Kangaskhan,Kangaskhan,Mega Kangaskhan,Normal,None,590,105,125,100,60,100,100,1,False,590,True,92.5,100.0,101.66666666666667,100,125,100,0.4852941176470588,0.38823529411764707,0.5731707317073171,0.5428571428571428,0.49011733961877435,DPS,Kangaskhan (Mega Kangaskhan),"('Normal',)",0.8799999999999981,0.9942669932784275,0.0,0.1787500000000001,0.04365733113673806,0.0,0.03789126853377265,1.0057660626029652,0.0,0.4386753822563193,0.29117647058823526,0.4546451887705335,0.40781031723784167
116,Horsea,Horsea,Base,Water,None,295,30,40,70,70,25,60,1,False,295,True,55.0,47.5,41.666666666666664,60,70,70,0.2647058823529412,0.1411764705882353,0.13414634146341464,0.3142857142857143,0.217627587620414,Balanced,Horsea,"('Water',)",1.0643749999999983,0.9946743128164401,0.17500000000000007,0.2874999999999998,0.11943986820428334,0.22817133443163096,0.0,1.005354200988468,0.24894514767932577,0.4392183842370741,0.25840158848349504,0.25863570376656564,0.26073834180928696
117,Seadra,Seadra,Base,Water,None,440,55,65,95,95,45,85,1,False,440,True,80.0,70.0,65.0,85,95,95,0.4117647058823529,0.24705882352941178,0.30487804878048785,0.45714285714285713,0.35828653412584544,Balanced,Seadra,"('Water',)",1.0643749999999983,0.9946743128164401,0.17500000000000007,0.2874999999999998,0.11943986820428334,0.22817133443163096,0.0,1.005354200988468,0.24894514767932577,0.4392183842370741,0.34663688260114206,0.3383774541252458,0.3624823979683359
118,Goldeen,Goldeen,Base,Water,None,320,45,67,60,35,50,63,1,False,320,True,51.0,55.0,51.666666666666664,63,67,60,0.2411764705882353,0.17647058823529413,0.20731707317073172,0.3314285714285714,0.23627854068456652,Balanced,Goldeen,"('Water',)",1.0643749999999983,0.9946743128164401,0.17500000000000007,0.2874999999999998,0.11943986820428334,0.22817133443163096,0.0,1.005354200988468,0.24894514767932577,0.4392183842370741,0.2442839414246715,0.28928132786986555,0.26965404174779894
119,Seaking,Seaking,Base,Water,None,450,80,92,65,65,80,68,1,False,450,True,78.5,72.5,75.0,68,92,80,0.40294117647058825,0.25882352941176473,0.37804878048780494,0.36,0.35334505021520807,Balanced,Seaking,"('Water',)",1.0643749999999983,0.9946743128164401,0.17500000000000007,0.2874999999999998,0.11943986820428334,0.22817133443163096,0.0,1.005354200988468,0.24894514767932577,0.4392183842370741,0.3413427649540832,0.3607877841108985,0.35177519874718405
120,Staryu,Staryu,Base,Water,None,340,30,45,55,70,55,85,1,False,340,True,57.5,55.0,46.666666666666664,85,70,55,0.27941176470588236,0.17647058823529413,0.17073170731707318,0.45714285714285713,0.2674866775978684,Balanced,Staryu,"('Water',)",1.0643749999999983,0.9946743128164401,0.17500000000000007,0.2874999999999998,0.11943986820428334,0.22817133443163096,0.0,1.005354200988468,0.24894514767932577,0.4392183842370741,0.2672251178952597,0.2801349864064509,0.29962497329114796
121,Starmie,Starmie,Base,Water,Psychic,520,60,75,85,100,85,115,1,False,520,True,87.5,85.0,76.66666666666667,115,100,85,0.45588235294117646,0.3176470588235294,0.39024390243902446,0.6285714285714286,0.4427336544373847,DPS,Starmie,"('Psychic', 'Water')",1.3074999999999963,0.9210925636432423,0.2849999999999999,0.035,0.25864909390444807,0.3459637561779242,0.0,1.085667215815486,0.5772151898734168,0.3411257767884045,0.5044154877140725,0.34518775691335324,0.46601828461095696
122,Mr. Mime,Mr. Mime,Base,Psychic,Fairy,460,40,45,65,100,120,90,1,False,460,True,72.5,92.5,75.0,90,100,120,0.36764705882352944,0.35294117647058826,0.37804878048780494,0.4857142857142857,0.3896643779463005,Balanced,Mr. Mime,"('Fairy', 'Psychic')",1.2287499999999962,0.9820020212803635,0.2375000000000001,0.05750000000000001,0.12932454695222403,0.11779242174629324,0.04118616144975288,1.01832784184514,0.47088607594936577,0.42232481846715014,0.40894266567386395,0.3869715342735172,0.4109753261006887
123,Scyther,Scyther,Base,Bug,Flying,500,70,110,80,55,80,105,1,False,500,True,82.5,80.0,76.66666666666667,105,110,80,0.4264705882352941,0.29411764705882354,0.39024390243902446,0.5714285714285714,0.41512861242057797,DPS,Scyther,"('Bug', 'Flying')",1.3637499999999967,0.8507358086665777,0.3412499999999996,0.05500000000000002,0.25617792421746294,0.18121911037891267,0.05518945634266886,1.1754530477759475,0.653164556962025,0.2473324431854836,0.5171481757259865,0.29943512935453775,0.44467338667412826
124,Jynx,Jynx,Base,Ice,Psychic,455,65,50,35,115,95,95,1,False,455,True,82.5,65.0,65.0,95,115,95,0.4264705882352941,0.2235294117647059,0.30487804878048785,0.5142857142857142,0.36897981143676983,Heavy hitter,Jynx,"('Ice', 'Psychic')",1.4174999999999962,0.8147651000072986,0.3849999999999996,0.07500000000000001,0.2800658978583196,0.10543657331136738,0.0,1.227347611202636,0.7257383966244718,0.19937951132652793,0.5461777115909652,0.2342066108433802,0.4212228967477727
125,Electabuzz,Electabuzz,Base,Electric,None,490,65,83,57,95,85,105,1,False,490,True,89.0,71.0,69.0,105,95,85,0.4647058823529412,0.25176470588235295,0.3341463414634147,0.5714285714285714,0.40670321787251484,Balanced,Electabuzz,"('Electric',)",1.0599999999999987,1.0279424206198797,0.2250000000000001,0.2787499999999998,0.05518945634266886,0.16474464579901152,0.0,0.972817133443163,0.24303797468354574,0.48356845033351176,0.376038719285183,0.3650816125580819,0.4066597398766607
126,Magmar,Magmar,Base,Fire,None,495,65,95,57,100,85,93,1,False,495,True,97.5,71.0,69.0,93,100,85,0.5147058823529411,0.25176470588235295,0.3341463414634147,0.5028571428571429,0.4104889321582291,Balanced,Magmar,"('Fire',)",1.1381249999999974,0.9440124407884671,0.25250000000000006,0.3074999999999998,0.2067545304777595,0.29489291598023065,0.0,1.0593080724876442,0.34852320675105475,0.371680507232312,0.4482328121121866,0.32032643531760197,0.41239296669246106
127,Pinsir,Pinsir,Base,Bug,None,500,65,125,100,55,70,85,1,False,500,True,90.0,85.0,78.33333333333333,85,125,100,0.47058823529411764,0.3176470588235294,0.4024390243902439,0.45714285714285713,0.4160340233654437,Heavy hitter,Pinsir,"('Bug',)",1.006874999999999,0.9131252342169732,0.17750000000000005,0.35999999999999954,0.18369028006589788,0.1771004942339374,0.0,1.0951400329489291,0.17130801687763886,0.3305044457299968,0.35087614792752614,0.343988004977795,0.3745233927405941
127,PinsirMega Pinsir,Pinsir,Mega Pinsir,Bug,Flying,600,65,155,120,65,90,105,1,False,600,True,110.0,105.0,91.66666666666667,105,155,120,0.5882352941176471,0.4117647058823529,0.5000000000000001,0.5714285714285714,0.523109243697479,DPS,Pinsir (Mega Pinsir),"('Bug', 'Flying')",1.3637499999999967,0.8507358086665777,0.3412499999999996,0.05500000000000002,0.25617792421746294,0.18121911037891267,0.05518945634266886,1.1754530477759475,0.653164556962025,0.2473324431854836,0.6142069992553982,0.36805062433301705,0.5202786592709719
128,Tauros,Tauros,Base,Normal,None,490,75,100,95,40,70,110,1,False,490,True,70.0,82.5,80.0,110,100,95,0.35294117647058826,0.3058823529411765,0.4146341463414635,0.6,0.4029268292682927,DPS,Tauros,"('Normal',)",0.8799999999999981,0.9942669932784275,0.0,0.1787500000000001,0.04365733113673806,0.0,0.03789126853377265,1.0057660626029652,0.0,0.4386753822563193,0.21176470588235294,0.38618751301730536,0.35100116064837666
129,Magikarp,Magikarp,Base,Water,None,200,20,10,55,15,20,80,1,False,200,True,12.5,37.5,31.666666666666668,80,15,55,0.014705882352941176,0.09411764705882353,0.06097560975609758,0.42857142857142855,0.1265858782537405,Balanced,Magikarp,"('Water',)",1.0643749999999983,0.9946743128164401,0.17500000000000007,0.2874999999999998,0.11943986820428334,0.22817133443163096,0.0,1.005354200988468,0.24894514767932577,0.4392183842370741,0.10840158848349501,0.22387243260444228,0.19379596119850603
130,Gyarados,Gyarados,Base,Water,Flying,540,95,125,79,60,100,81,1,False,540,True,92.5,89.5,91.33333333333333,81,125,100,0.4852941176470588,0.3388235294117647,0.49756097560975615,0.4342857142857143,0.44092816150850583,Tank,Gyarados,"('Flying', 'Water')",1.451874999999997,1.0349531106083263,0.3937499999999994,0.00875,0.08896210873146623,0.29983525535420097,0.05518945634266886,0.9662273476112028,0.7721518987341776,0.4929144752474112,0.6000372300819063,0.4401442692955212,0.5033402541905518
130,GyaradosMega Gyarados,Gyarados,Mega Gyarados,Water,Dark,640,95,155,109,70,130,81,1,False,640,True,112.5,119.5,111.33333333333333,81,155,130,0.6029411764705882,0.48,0.6439024390243903,0.4342857142857143,0.5466670424267268,Tank,Gyarados (Mega Gyarados),"('Dark', 'Water')",1.329374999999996,0.973536486622395,0.3062499999999998,0.028749999999999998,0.25535420098846784,0.30807248764415157,0.07413509060955518,1.027182866556837,0.6067510548523194,0.41103932474923666,0.6044651278232807,0.4933913396557922,0.536946366532916
131,Lapras,Lapras,Base,Water,Ice,535,130,85,80,85,95,60,1,False,535,True,85.0,87.5,101.66666666666667,60,85,95,0.4411764705882353,0.32941176470588235,0.5731707317073171,0.3142857142857143,0.4142559950809592,Balanced,Lapras,"('Ice', 'Water')",1.4568749999999966,0.8806673913172793,0.4149999999999994,0.11625000000000002,0.21087314662273476,0.13509060955518945,0.0,1.135502471169687,0.7789029535864979,0.28723455233977574,0.5762670637875403,0.37348062150979844,0.4518322683729567
132,Ditto,Ditto,Base,Normal,None,288,48,48,48,48,48,48,1,False,288,True,48.0,48.0,48.0,48,48,48,0.2235294117647059,0.14352941176470588,0.1804878048780488,0.24571428571428572,0.19935806517729043,Balanced,Ditto,"('Normal',)",0.8799999999999981,0.9942669932784275,0.0,0.1787500000000001,0.04365733113673806,0.0,0.03789126853377265,1.0057660626029652,0.0,0.4386753822563193,0.13411764705882354,0.270827398239687,0.20165613092917195
133,Eevee,Eevee,Base,Normal,None,325,55,55,50,45,65,55,1,False,325,True,50.0,57.5,56.666666666666664,55,55,65,0.23529411764705882,0.18823529411764706,0.24390243902439024,0.2857142857142857,0.2353351096536175,Balanced,Eevee,"('Normal',)",0.8799999999999981,0.9942669932784275,0.0,0.1787500000000001,0.04365733113673806,0.0,0.03789126853377265,1.0057660626029652,0.0,0.4386753822563193,0.1411764705882353,0.30232811559980177,0.22532643222042012
134,Vaporeon,Vaporeon,Base,Water,None,525,130,65,60,110,95,65,1,False,525,True,87.5,77.5,95.0,65,110,95,0.45588235294117646,0.2823529411764706,0.524390243902439,0.34285714285714286,0.4035965361754458,Heavy hitter,Vaporeon,"('Water',)",1.0643749999999983,0.9946743128164401,0.17500000000000007,0.2874999999999998,0.11943986820428334,0.22817133443163096,0.0,1.005354200988468,0.24894514767932577,0.4392183842370741,0.37310747083643614,0.4056084440822041,0.38289357341412394
135,Jolteon,Jolteon,Base,Electric,None,525,65,65,60,110,95,130,1,False,525,True,87.5,77.5,73.33333333333333,130,110,95,0.45588235294117646,0.2823529411764706,0.3658536585365854,0.7142857142857143,0.4461749333879894,DPS,Jolteon,"('Electric',)",1.0599999999999987,1.0279424206198797,0.2250000000000001,0.2787499999999998,0.05518945634266886,0.16474464579901152,0.0,0.972817133443163,0.24303797468354574,0.48356845033351176,0.37074460163812417,0.3837143241793158,0.43748123506009995
136,Flareon,Flareon,Base,Fire,None,525,65,130,60,95,110,65,1,False,525,True,112.5,85.0,78.33333333333333,65,130,110,0.6029411764705882,0.3176470588235294,0.4024390243902439,0.34285714285714286,0.43950040992006556,Heavy hitter,Flareon,"('Fire',)",1.1381249999999974,0.9440124407884671,0.25250000000000006,0.3074999999999998,0.2067545304777595,0.29489291598023065,0.0,1.0593080724876442,0.34852320675105475,0.371680507232312,0.5011739885827748,0.3604584295787211,0.4259607572233075
137,Porygon,Porygon,Base,Normal,None,395,65,60,70,85,75,40,1,False,395,True,72.5,72.5,70.0,40,85,75,0.36764705882352944,0.25882352941176473,0.3414634146341464,0.2,0.3016750358680058,Balanced,Porygon,"('Normal',)",0.8799999999999981,0.9942669932784275,0.0,0.1787500000000001,0.04365733113673806,0.0,0.03789126853377265,1.0057660626029652,0.0,0.4386753822563193,0.22058823529411767,0.35142424185518195,0.26891382205440256
138,Omanyte,Omanyte,Base,Rock,Water,355,35,40,100,90,55,35,1,False,355,True,65.0,77.5,63.333333333333336,35,90,100,0.3235294117647059,0.2823529411764706,0.29268292682926833,0.17142857142857143,0.2766458290633327,Balanced,Omanyte,"('Rock', 'Water')",1.462499999999996,0.8261313365070272,0.3737499999999996,0.012499999999999999,0.21828665568369027,0.3023064250411862,0.0,1.2104612850082372,0.7864978902953577,0.21453196132485894,0.5087168031769667,0.25780704564902535,0.34803999503927985
139,Omastar,Omastar,Base,Rock,Water,495,70,60,125,115,70,55,1,False,495,True,87.5,97.5,88.33333333333333,55,115,125,0.45588235294117646,0.3764705882352941,0.475609756097561,0.2857142857142857,0.40594127895060467,Heavy hitter,Omastar,"('Rock', 'Water')",1.462499999999996,0.8261313365070272,0.3737499999999996,0.012499999999999999,0.21828665568369027,0.3023064250411862,0.0,1.2104612850082372,0.7864978902953577,0.21453196132485894,0.588128567882849,0.33647992943668675,0.43994374068387915
140,Kabuto,Kabuto,Base,Rock,Water,355,30,80,90,55,45,55,1,False,355,True,67.5,67.5,55.0,55,80,90,0.3382352941176471,0.23529411764705882,0.23170731707317074,0.2857142857142857,0.28069020291043245,Balanced,Kabuto,"('Rock', 'Water')",1.462499999999996,0.8261313365070272,0.3737499999999996,0.012499999999999999,0.21828665568369027,0.3023064250411862,0.0,1.2104612850082372,0.7864978902953577,0.21453196132485894,0.5175403325887313,0.22609255497470687,0.3598045728216124
141,Kabutops,Kabutops,Base,Rock,Water,495,60,115,105,65,70,80,1,False,495,True,90.0,87.5,78.33333333333333,80,115,105,0.47058823529411764,0.32941176470588235,0.4024390243902439,0.42857142857142855,0.41326091412174626,Heavy hitter,Kabutops,"('Rock', 'Water')",1.462499999999996,0.8261313365070272,0.3737499999999996,0.012499999999999999,0.21828665568369027,0.3023064250411862,0.0,1.2104612850082372,0.7864978902953577,0.21453196132485894,0.5969520972946136,0.30171665827456334,0.4555706878041907
142,Aerodactyl,Aerodactyl,Base,Rock,Flying,515,80,105,65,60,75,130,1,False,515,True,82.5,70.0,73.33333333333333,130,105,75,0.4264705882352941,0.24705882352941178,0.3658536585365854,0.7142857142857143,0.42705728632916584,DPS,Aerodactyl,"('Flying', 'Rock')",1.4881249999999964,0.9577909261043327,0.42874999999999935,0.05625000000000001,0.26441515650741354,0.33031301482701814,0.05518945634266886,1.0440691927512356,0.8210970464135019,0.3900487516205382,0.5843211715065773,0.33395350351765574,0.5051159697501596
142,AerodactylMega Aerodactyl,Aerodactyl,Mega Aerodactyl,Rock,Flying,615,80,135,85,70,95,150,1,False,615,True,102.5,90.0,86.66666666666667,150,135,95,0.5441176470588235,0.3411764705882353,0.46341463414634154,0.8285714285714286,0.534132506661201,DPS,Aerodactyl (Mega Aerodactyl),"('Flying', 'Rock')",1.4881249999999964,0.9577909261043327,0.42874999999999935,0.05625000000000001,0.26441515650741354,0.33031301482701814,0.05518945634266886,1.0440691927512356,0.8210970464135019,0.3900487516205382,0.6549094068006949,0.39128492389068303,0.5837548301723773
143,Snorlax,Snorlax,Base,Normal,None,540,160,110,65,65,110,30,1,False,540,True,87.5,87.5,111.66666666666667,30,110,110,0.45588235294117646,0.32941176470588235,0.6463414634146343,0.14285714285714285,0.3997514859602378,Tank,Snorlax,"('Normal',)",0.8799999999999981,0.9942669932784275,0.0,0.1787500000000001,0.04365733113673806,0.0,0.03789126853377265,1.0057660626029652,0.0,0.4386753822563193,0.27352941176470585,0.4523496364032451,0.3265079499494629
144,Articuno,Articuno,Base,Ice,Flying,580,90,85,100,95,125,85,1,True,580,True,90.0,112.5,105.0,85,95,125,0.47058823529411764,0.4470588235294118,0.5975609756097562,0.45714285714285713,0.48741135478581676,Tank,Articuno,"('Flying', 'Ice')",1.4612499999999966,0.8668332730793746,0.3999999999999995,0.06250000000000001,0.18204283360790774,0.1375617792421746,0.05518945634266886,1.1536243822075785,0.7848101265822784,0.26879214311523986,0.596276991809382,0.41337768938382913,0.5042072353282026
145,Zapdos,Zapdos,Base,Electric,Flying,580,90,90,85,125,90,100,1,True,580,True,107.5,87.5,88.33333333333333,100,125,90,0.5735294117647058,0.32941176470588235,0.475609756097561,0.5428571428571428,0.48678161508505846,DPS,Zapdos,"('Electric', 'Flying')",1.4449999999999967,1.1474480138062364,0.4337499999999995,0.06750000000000002,0.07907742998352554,0.30477759472817134,0.05518945634266886,0.8714991762767711,0.7628691983122364,0.6428826195680161,0.649265326383718,0.4913496044986555,0.561556825594414
146,Moltres,Moltres,Base,Fire,Flying,580,90,100,90,125,85,90,1,True,580,True,112.5,87.5,88.33333333333333,90,125,90,0.6029411764705882,0.32941176470588235,0.475609756097561,0.4857142857142857,0.4856471613035458,Heavy hitter,Moltres,"('Fire', 'Flying')",1.343749999999996,0.9568472897248371,0.3162499999999997,0.06000000000000001,0.1927512355848435,0.3072487644151565,0.05518945634266886,1.0450988467874796,0.6261603375527414,0.38879077999050443,0.6122288409034495,0.38971286866765087,0.5075096140143498
147,Dratini,Dratini,Base,Dragon,None,300,41,64,45,50,50,50,1,False,300,True,57.0,47.5,45.333333333333336,50,64,50,0.27647058823529413,0.1411764705882353,0.1609756097560976,0.2571428571428571,0.21568251690920273,Balanced,Dratini,"('Dragon',)",0.9818749999999979,1.0336313314135135,0.06000000000000001,0.10625000000000004,0.10543657331136738,0.2759472817133443,0.0,0.9674629324546953,0.13755274261603387,0.4911523974339931,0.22090344998759004,0.28611662611850397,0.24512017393839616
148,Dragonair,Dragonair,Base,Dragon,None,420,61,84,65,70,70,70,1,False,420,True,77.0,67.5,65.33333333333333,70,84,70,0.3941176470588235,0.23529411764705882,0.3073170731707317,0.37142857142857144,0.3325138348022136,Balanced,Dragonair,"('Dragon',)",0.9818749999999979,1.0336313314135135,0.06000000000000001,0.10625000000000004,0.10543657331136738,0.2759472817133443,0.0,0.9674629324546953,0.13755274261603387,0.4911523974339931,0.29149168528170766,0.3556431684427508,0.328880985580126
149,Dragonite,Dragonite,Base,Dragon,Flying,600,91,134,95,100,100,80,1,False,600,True,117.0,97.5,95.33333333333333,80,134,100,0.6294117647058823,0.3764705882352941,0.526829268292683,0.42857142857142855,0.5054919040787047,Tank,Dragonite,"('Dragon', 'Flying')",1.2937499999999964,1.028595635459678,0.29124999999999995,0.05000000000000002,0.15321252059308071,0.33772652388797364,0.05518945634266886,0.9721993410214168,0.558649789029535,0.484439257939745,0.6011069744353434,0.4572477261314216,0.5177266075110839
150,Mewtwo,Mewtwo,Base,Psychic,None,680,106,110,90,154,90,130,1,True,680,True,132.0,90.0,95.33333333333333,130,154,90,0.7176470588235294,0.3411764705882353,0.526829268292683,0.7142857142857143,0.5846935847509735,DPS,Mewtwo,"('Psychic',)",0.9878124999999977,0.9256576430623346,0.12250000000000003,0.21125000000000013,0.13920922570016475,0.11779242174629324,0.0,1.080313014827018,0.1455696202531643,0.3472115324066214,0.4888160833953834,0.3900036947417016,0.507374436636167
150,MewtwoMega Mewtwo X,Mewtwo,Mega Mewtwo X,Psychic,Fighting,780,106,190,100,154,100,130,1,True,780,True,172.0,100.0,102.0,130,190,100,0.9529411764705882,0.38823529411764707,0.575609756097561,0.7142857142857143,0.6885673293707727,DPS,Mewtwo (Mega Mewtwo X),"('Fighting', 'Psychic')",1.357499999999997,0.9022668144962083,0.36624999999999946,0.09375000000000003,0.15403624382207576,0.0914332784184514,0.0,1.1083196046128498,0.6447257383966247,0.31602897164640625,0.8296550012410027,0.4061963806241292,0.6641488712321129
150,MewtwoMega Mewtwo Y,Mewtwo,Mega Mewtwo Y,Psychic,None,780,106,150,70,194,120,140,1,True,780,True,172.0,95.0,98.66666666666667,140,194,120,0.9529411764705882,0.36470588235294116,0.5512195121951221,0.7714285714285715,0.6892354990776799,DPS,Mewtwo (Mega Mewtwo Y),"('Psychic',)",0.9878124999999977,0.9256576430623346,0.12250000000000003,0.21125000000000013,0.13920922570016475,0.11779242174629324,0.0,1.080313014827018,0.1455696202531643,0.3472115324066214,0.6299925539836185,0.4043365498349585,0.5923975971198727
151,Mew,Mew,Base,Psychic,None,600,100,100,100,100,100,100,1,False,600,True,100.0,100.0,100.0,100,100,100,0.5294117647058824,0.38823529411764707,0.5609756097560976,0.5428571428571428,0.5031194916991186,DPS,Mew,"('Psychic',)",0.9878124999999977,0.9256576430623346,0.12250000000000003,0.21125000000000013,0.13920922570016475,0.11779242174629324,0.0,1.080313014827018,0.1455696202531643,0.3472115324066214,0.37587490692479514,0.4150108683428494,0.4317497184562121
152,Chikorita,Chikorita,Base,Grass,None,318,45,49,65,49,65,45,2,False,318,True,49.0,65.0,58.333333333333336,45,49,65,0.22941176470588234,0.2235294117647059,0.25609756097560976,0.22857142857142856,0.23311026849764294,Balanced,Chikorita,"('Grass',)",1.0306249999999983,0.8784370469852222,0.20000000000000007,0.42874999999999935,0.27759472817133446,0.2784184514003295,0.0,1.13838550247117,0.20337552742616116,0.28426125674000846,0.21899726979399387,0.2559641870575529,0.23364041859522416
153,Bayleef,Bayleef,Base,Grass,None,405,60,62,80,63,80,60,2,False,405,True,62.5,80.0,73.33333333333333,60,63,80,0.3088235294117647,0.29411764705882354,0.3658536585365854,0.3142857142857143,0.3176455216232835,Balanced,Bayleef,"('Grass',)",1.0306249999999983,0.8784370469852222,0.20000000000000007,0.42874999999999935,0.27759472817133446,0.2784184514003295,0.0,1.13838550247117,0.20337552742616116,0.28426125674000846,0.2666443286175233,0.308109093800738,0.2938801449735804
154,Meganium,Meganium,Base,Grass,None,525,80,82,100,83,100,80,2,False,525,True,82.5,100.0,93.33333333333333,80,83,100,0.4264705882352941,0.38823529411764707,0.5121951219512195,0.42857142857142855,0.43447683951629434,Balanced,Meganium,"('Grass',)",1.0306249999999983,0.8784370469852222,0.20000000000000007,0.42874999999999935,0.27759472817133446,0.2784184514003295,0.0,1.13838550247117,0.20337552742616116,0.28426125674000846,0.3372325639116409,0.37763563612498474,0.3776409566153102
155,Cyndaquil,Cyndaquil,Base,Fire,None,309,39,52,43,60,50,65,2,False,309,True,56.0,46.5,44.0,65,60,50,0.27058823529411763,0.13647058823529412,0.15121951219512197,0.34285714285714286,0.22763886042221765,Balanced,Cyndaquil,"('Fire',)",1.1381249999999974,0.9440124407884671,0.25250000000000006,0.3074999999999998,0.2067545304777595,0.29489291598023065,0.0,1.0593080724876442,0.34852320675105475,0.371680507232312,0.30176222387689244,0.23424178682405822,0.2765518260898785
156,Quilava,Quilava,Base,Fire,None,405,58,64,58,80,65,80,2,False,405,True,72.0,61.5,60.333333333333336,80,80,65,0.36470588235294116,0.20705882352941177,0.2707317073170732,0.42857142857142855,0.3192723918835827,Balanced,Quilava,"('Fire',)",1.1381249999999974,0.9440124407884671,0.25250000000000006,0.3074999999999998,0.2067545304777595,0.29489291598023065,0.0,1.0593080724876442,0.34852320675105475,0.371680507232312,0.3582328121121866,0.28882571795748724,0.3421174133003725
157,Typhlosion,Typhlosion,Base,Fire,None,534,78,84,78,109,85,100,2,False,534,True,96.5,81.5,80.33333333333333,100,109,85,0.5088235294117647,0.30117647058823527,0.41707317073170735,0.5428571428571428,0.44536841565894647,DPS,Typhlosion,"('Fire',)",1.1381249999999974,0.9440124407884671,0.25250000000000006,0.3074999999999998,0.2067545304777595,0.29489291598023065,0.0,1.0593080724876442,0.34852320675105475,0.371680507232312,0.4447034003474807,0.35835226028173395,0.43362087200092586
158,Totodile,Totodile,Base,Water,None,314,50,65,64,44,48,43,2,False,314,True,54.5,56.0,54.0,43,65,64,0.26176470588235295,0.1811764705882353,0.22439024390243906,0.21714285714285714,0.2252183849149416,Balanced,Totodile,"('Water',)",1.0643749999999983,0.9946743128164401,0.17500000000000007,0.2874999999999998,0.11943986820428334,0.22817133443163096,0.0,1.005354200988468,0.24894514767932577,0.4392183842370741,0.2566368826011421,0.29519667937632177,0.25756794316202314
159,Croconaw,Croconaw,Base,Water,None,405,65,80,80,59,63,58,2,False,405,True,69.5,71.5,69.33333333333333,58,80,80,0.35,0.2541176470588235,0.33658536585365856,0.3028571428571429,0.31391791350686615,Balanced,Croconaw,"('Water',)",1.0643749999999983,0.9946743128164401,0.17500000000000007,0.2874999999999998,0.11943986820428334,0.22817133443163096,0.0,1.005354200988468,0.24894514767932577,0.4392183842370741,0.3095780590717303,0.3487748716288325,0.32097994357194326
160,Feraligatr,Feraligatr,Base,Water,None,530,85,105,100,79,83,78,2,False,530,True,92.0,91.5,89.33333333333333,78,105,100,0.4823529411764706,0.34823529411764703,0.4829268292682927,0.41714285714285715,0.4358962902234065,Balanced,Feraligatr,"('Water',)",1.0643749999999983,0.9946743128164401,0.17500000000000007,0.2874999999999998,0.11943986820428334,0.22817133443163096,0.0,1.005354200988468,0.24894514767932577,0.4392183842370741,0.3889898237776127,0.4183014139530793,0.4090422258019084
161,Sentret,Sentret,Base,Normal,None,215,35,46,34,35,45,20,2,False,215,True,40.5,39.5,38.0,20,46,45,0.17941176470588235,0.10352941176470588,0.10731707317073172,0.08571428571428572,0.1272827423652388,Balanced,Sentret,"('Normal',)",0.8799999999999981,0.9942669932784275,0.0,0.1787500000000001,0.04365733113673806,0.0,0.03789126853377265,1.0057660626029652,0.0,0.4386753822563193,0.10764705882352942,0.23853471531285772,0.14656879233519773
162,Furret,Furret,Base,Normal,None,415,85,76,64,45,55,90,2,False,415,True,60.5,59.5,68.0,90,76,64,0.29705882352941176,0.1976470588235294,0.326829268292683,0.4857142857142857,0.3158910637425702,Balanced,Furret,"('Normal',)",0.8799999999999981,0.9942669932784275,0.0,0.1787500000000001,0.04365733113673806,0.0,0.03789126853377265,1.0057660626029652,0.0,0.4386753822563193,0.17823529411764705,0.32635394056393374,0.2894411022347673
163,Hoothoot,Hoothoot,Base,Normal,Flying,262,60,30,30,36,56,50,2,False,262,True,33.0,43.0,48.666666666666664,50,36,56,0.13529411764705881,0.12,0.18536585365853658,0.2571428571428571,0.16585468333674933,Balanced,Hoothoot,"('Flying', 'Normal')",1.2068749999999977,1.0434035227617604,0.2325000000000001,0.10250000000000004,0.12026359143327842,0.1375617792421746,0.0930807248764415,0.9584019769357496,0.44135021097046473,0.5041798089947124,0.2577165549764212,0.2900133870125191,0.25354026916626515
164,Noctowl,Noctowl,Base,Normal,Flying,442,100,50,50,76,96,70,2,False,442,True,63.0,73.0,82.0,70,76,96,0.31176470588235294,0.2611764705882353,0.4292682926829269,0.37142857142857144,0.334551137528182,Balanced,Noctowl,"('Flying', 'Normal')",1.2068749999999977,1.0434035227617604,0.2325000000000001,0.10250000000000004,0.12026359143327842,0.1375617792421746,0.0930807248764415,0.9584019769357496,0.44135021097046473,0.5041798089947124,0.36359890791759764,0.400400761474499,0.3714567479529018
165,Ledyba,Ledyba,Base,Bug,Flying,265,40,20,30,40,80,55,2,False,265,True,30.0,55.0,50.0,55,40,80,0.11764705882352941,0.17647058823529413,0.19512195121951223,0.2857142857142857,0.1814613650338184,Balanced,Ledyba,"('Bug', 'Flying')",1.3637499999999967,0.8507358086665777,0.3412499999999996,0.05500000000000002,0.25617792421746294,0.18121911037891267,0.05518945634266886,1.1754530477759475,0.653164556962025,0.2473324431854836,0.33185405807892765,0.20947817096142446,0.265661422132214
166,Ledian,Ledian,Base,Bug,Flying,390,55,35,50,55,110,85,2,False,390,True,45.0,80.0,71.66666666666667,85,55,110,0.20588235294117646,0.29411764705882354,0.35365853658536595,0.45714285714285713,0.3077485140397622,Balanced,Ledian,"('Bug', 'Flying')",1.3637499999999967,0.8507358086665777,0.3412499999999996,0.05500000000000002,0.25617792421746294,0.18121911037891267,0.05518945634266886,1.1754530477759475,0.653164556962025,0.2473324431854836,0.3847952345495159,0.29028878789112317,0.3557384358645362
167,Spinarak,Spinarak,Base,Bug,Poison,250,40,60,40,40,40,30,2,False,250,True,50.0,40.0,40.0,30,60,40,0.23529411764705882,0.10588235294117647,0.12195121951219513,0.14285714285714285,0.1617852018856323,Balanced,Spinarak,"('Bug', 'Poison')",1.1774999999999975,0.9134687726794949,0.2300000000000001,0.15000000000000008,0.257825370675453,0.2652388797364086,0.0,1.0947281713344317,0.40168776371308046,0.3309624204849641,0.30185157607346746,0.19993159660144622,0.22641646112123714
168,Ariados,Ariados,Base,Bug,Poison,390,70,90,70,60,60,40,2,False,390,True,75.0,65.0,66.66666666666667,40,90,70,0.38235294117647056,0.2235294117647059,0.31707317073170743,0.2,0.2931205164992826,Balanced,Ariados,"('Bug', 'Poison')",1.1774999999999975,0.9134687726794949,0.2300000000000001,0.15000000000000008,0.257825370675453,0.2652388797364086,0.0,1.0947281713344317,0.40168776371308046,0.3309624204849641,0.39008687019111454,0.28988855499455957,0.3169693920497061
169,Crobat,Crobat,Base,Poison,Flying,535,85,90,80,70,80,130,2,False,535,True,80.0,80.0,81.66666666666667,130,90,80,0.4117647058823529,0.29411764705882354,0.42682926829268303,0.7142857142857143,0.44587005533920887,Fast,Crobat,"('Flying', 'Poison')",1.2534374999999973,1.0402742062871524,0.2737499999999999,0.10000000000000003,0.1943986820428336,0.2652388797364086,0.05518945634266886,0.9612850082372325,0.5042194092827006,0.5000080841312026,0.448746587242492,0.40965172719624,0.4764175184996073
170,Chinchou,Chinchou,Base,Water,Electric,330,75,38,38,56,56,67,2,False,330,True,47.0,47.0,56.333333333333336,67,56,56,0.21764705882352942,0.1388235294117647,0.24146341463414636,0.35428571428571426,0.23003217872514858,Balanced,Chinchou,"('Electric', 'Water')",1.3696874999999973,1.0334113630520867,0.3874999999999995,0.14000000000000004,0.13344316309719934,0.3113673805601318,0.0,0.9676688632619438,0.6611814345991567,0.49085915528670765,0.3950608091337803,0.3052977510673373,0.33726133292534277
171,Lanturn,Lanturn,Base,Water,Electric,460,125,58,58,76,76,67,2,False,460,True,67.0,67.0,86.33333333333333,67,76,76,0.3352941176470588,0.23294117647058823,0.4609756097560976,0.35428571428571426,0.33864050010248,Balanced,Lanturn,"('Electric', 'Water')",1.3696874999999973,1.0334113630520867,0.3874999999999995,0.14000000000000004,0.13344316309719934,0.3113673805601318,0.0,0.9676688632619438,0.6611814345991567,0.49085915528670765,0.4656490444278979,0.39311697631841336,0.4081336428249123
172,Pichu,Pichu,Base,Electric,None,205,20,40,15,35,35,60,2,False,205,True,37.5,25.0,23.333333333333332,60,40,35,0.16176470588235295,0.03529411764705882,0.0,0.3142857142857143,0.12829831932773111,Balanced,Pichu,"('Electric',)",1.0599999999999987,1.0279424206198797,0.2250000000000001,0.2787499999999998,0.05518945634266886,0.16474464579901152,0.0,0.972817133443163,0.24303797468354574,0.48356845033351176,0.19427401340283007,0.2057803213098753,0.20583130679611142
173,Cleffa,Cleffa,Base,Fairy,None,218,50,25,28,45,55,15,2,False,218,True,35.0,41.5,44.333333333333336,15,45,55,0.14705882352941177,0.11294117647058824,0.15365853658536588,0.05714285714285714,0.12186616109858578,Balanced,Cleffa,"('Fairy',)",1.0759374999999973,1.0227464184990613,0.15500000000000008,0.18750000000000008,0.09143327841845139,0.14497528830313017,0.04118616144975288,0.9777594728171335,0.2645569620253161,0.47664160499391295,0.1940580789277735,0.2686006879086125,0.1850547906799096
174,Igglybuff,Igglybuff,Base,Normal,Fairy,210,90,30,15,40,20,15,2,False,210,True,35.0,17.5,41.666666666666664,15,40,20,0.14705882352941177,0.0,0.13414634146341464,0.05714285714285714,0.08972842795654848,Balanced,Igglybuff,"('Fairy', 'Normal')",1.138124999999997,1.0398286927089062,0.15500000000000008,0.06375000000000001,0.09143327841845139,0.1013179571663921,0.07907742998352553,0.9616968698517299,0.3485232067510542,0.49941416527177057,0.22764457681806877,0.2333022514745619,0.18307919893450694
175,Togepi,Togepi,Base,Fairy,None,245,35,20,65,40,65,20,2,False,245,True,30.0,65.0,55.0,20,40,65,0.11764705882352941,0.2235294117647059,0.23170731707317074,0.08571428571428572,0.16054314408690307,Balanced,Togepi,"('Fairy',)",1.0759374999999973,1.0227464184990613,0.15500000000000008,0.18750000000000008,0.09143327841845139,0.14497528830313017,0.04118616144975288,0.9777594728171335,0.2645569620253161,0.47664160499391295,0.1764110201042441,0.32681876538350496,0.20554865212692744
176,Togetic,Togetic,Base,Fairy,Flying,405,55,40,85,80,105,40,2,False,405,True,60.0,95.0,81.66666666666667,40,80,105,0.29411764705882354,0.36470588235294116,0.42682926829268303,0.2,0.3194835007173601,Balanced,Togetic,"('Fairy', 'Flying')",1.3524999999999963,1.0225310581247817,0.3324999999999997,0.04500000000000001,0.2116968698517298,0.2232289950576606,0.09637561779242174,0.9779654036243823,0.637974683544303,0.47635450580299155,0.4316604616530153,0.4248961782178968,0.37805556323417927
177,Natu,Natu,Base,Psychic,Flying,320,40,50,45,70,45,70,2,False,320,True,60.0,45.0,43.333333333333336,70,70,45,0.29411764705882354,0.12941176470588237,0.1463414634146342,0.37142857142857144,0.23884812461569993,Balanced,Natu,"('Flying', 'Psychic')",1.2768749999999969,0.9652156619584402,0.2699999999999999,0.05125000000000002,0.200164744645799,0.19604612850082373,0.05518945634266886,1.0360378912685337,0.5358649789029533,0.3999467454536655,0.39081657979647544,0.2418581816821836,0.320425590829886
178,Xatu,Xatu,Base,Psychic,Flying,470,65,75,70,95,70,95,2,False,470,True,85.0,70.0,68.33333333333333,95,95,70,0.4411764705882353,0.24705882352941178,0.32926829268292684,0.5142857142857142,0.3848872719819635,Balanced,Xatu,"('Flying', 'Psychic')",1.2768749999999969,0.9652156619584402,0.2699999999999999,0.05125000000000002,0.200164744645799,0.19604612850082373,0.05518945634266886,1.0360378912685337,0.5358649789029533,0.3999467454536655,0.4790518739141225,0.328766359587492,0.4251266053820483
179,Mareep,Mareep,Base,Electric,None,280,55,40,40,65,45,35,2,False,280,True,52.5,42.5,46.666666666666664,35,65,45,0.25,0.11764705882352941,0.17073170731707318,0.17142857142857143,0.18534382045501127,Balanced,Mareep,"('Electric',)",1.0599999999999987,1.0279424206198797,0.2250000000000001,0.2787499999999998,0.05518945634266886,0.16474464579901152,0.0,0.972817133443163,0.24303797468354574,0.48356845033351176,0.24721518987341828,0.2772867775509083,0.2355879679971772
180,Flaaffy,Flaaffy,Base,Electric,None,365,70,55,55,80,60,45,2,False,365,True,67.5,57.5,61.666666666666664,45,80,60,0.3382352941176471,0.18823529411764706,0.28048780487804875,0.22857142857142856,0.2672530231604837,Balanced,Flaaffy,"('Electric',)",1.0599999999999987,1.0279424206198797,0.2250000000000001,0.2787499999999998,0.05518945634266886,0.16474464579901152,0.0,0.972817133443163,0.24303797468354574,0.48356845033351176,0.30015636634400655,0.32943168429409336,0.2932657195856175
181,Ampharos,Ampharos,Base,Electric,None,510,90,75,85,115,90,55,2,False,510,True,95.0,87.5,88.33333333333333,55,115,90,0.5,0.32941176470588235,0.475609756097561,0.2857142857142857,0.40961774953883995,Heavy hitter,Ampharos,"('Electric',)",1.0599999999999987,1.0279424206198797,0.2250000000000001,0.2787499999999998,0.05518945634266886,0.16474464579901152,0.0,0.972817133443163,0.24303797468354574,0.48356845033351176,0.3972151898734183,0.4276239368048538,0.39147306227879225
181,AmpharosMega Ampharos,Ampharos,Mega Ampharos,Electric,Dragon,610,90,95,105,165,110,45,2,False,610,True,130.0,107.5,101.66666666666667,45,165,110,0.7058823529411765,0.4235294117647059,0.5731707317073171,0.22857142857142856,0.5132896085263374,Tank,Ampharos (Mega Ampharos),"('Dragon', 'Electric')",1.2949999999999955,1.0519930664842985,0.2849999999999999,0.015,0.16062602965403622,0.39950576606260296,0.0,0.9505766062602966,0.5603375527426139,0.5156306205071549,0.6476644328617515,0.4977802252473383,0.519678996283567
182,Bellossom,Bellossom,Base,Grass,None,490,75,80,95,90,100,50,2,False,490,True,85.0,97.5,90.0,50,90,100,0.4411764705882353,0.3764705882352941,0.48780487804878053,0.2571428571428571,0.3975189588030334,Balanced,Bellossom,"('Grass',)",1.0306249999999983,0.8784370469852222,0.20000000000000007,0.42874999999999935,0.27759472817133446,0.2784184514003295,0.0,1.13838550247117,0.20337552742616116,0.28426125674000846,0.34605609332340564,0.3674204280905515,0.3468478381484113
183,Marill,Marill,Base,Water,Fairy,250,70,20,50,20,50,40,2,False,250,True,20.0,50.0,56.666666666666664,40,20,50,0.058823529411764705,0.15294117647058825,0.24390243902439024,0.2,0.14760401721664276,Balanced,Marill,"('Fairy', 'Water')",1.3587499999999957,1.0384944386135737,0.3224999999999998,0.0275,0.17051070840197693,0.3327841845140033,0.04118616144975288,0.9629324546952225,0.646413502109703,0.4976354570366325,0.29385951849094005,0.3135592043354565,0.2637521712795094
184,Azumarill,Azumarill,Base,Water,Fairy,420,100,50,80,60,80,50,2,False,420,True,55.0,80.0,86.66666666666667,50,60,80,0.2647058823529412,0.29411764705882354,0.46341463414634154,0.2571428571428571,0.31028796884607507,Balanced,Azumarill,"('Fairy', 'Water')",1.3587499999999957,1.0384944386135737,0.3224999999999998,0.0275,0.17051070840197693,0.3327841845140033,0.04118616144975288,0.9629324546952225,0.646413502109703,0.4976354570366325,0.41738893025564594,0.4178490178218266,0.3774249013471462
185,Sudowoodo,Sudowoodo,Base,Rock,None,410,70,100,115,30,65,30,2,False,410,True,65.0,90.0,83.33333333333333,30,100,115,0.3235294117647059,0.3411764705882353,0.4390243902439025,0.14285714285714285,0.314905718384915,Balanced,Sudowoodo,"('Rock',)",1.2499999999999976,0.8433483841446162,0.27374999999999994,0.1637500000000001,0.32125205930807244,0.271004942339374,0.0,1.1857495881383855,0.4995780590717305,0.2374841894835534,0.3939488706875157,0.32416153806027936,0.32349243887939877
186,Politoed,Politoed,Base,Water,None,500,90,75,75,90,100,70,2,False,500,True,82.5,87.5,88.33333333333333,70,90,100,0.4264705882352941,0.32941176470588235,0.475609756097561,0.37142857142857144,0.40102531256405005,Tank,Politoed,"('Water',)",1.0643749999999983,0.9946743128164401,0.17500000000000007,0.2874999999999998,0.11943986820428334,0.22817133443163096,0.0,1.005354200988468,0.24894514767932577,0.4392183842370741,0.3554604120129068,0.4098839103662787,0.3810174205139395
187,Hoppip,Hoppip,Base,Grass,Flying,250,35,35,40,35,55,50,2,False,250,True,35.0,47.5,43.333333333333336,50,35,55,0.14705882352941177,0.1411764705882353,0.1463414634146342,0.2571428571428571,0.1674615699938512,Balanced,Hoppip,"('Flying', 'Grass')",1.5068749999999969,0.8763761046281028,0.4287499999999994,0.04375000000000001,0.2660626029654037,0.2257001647446458,0.05518945634266886,1.1410626029654036,0.8464135021097051,0.2815137927033029,0.42680069496152917,0.19860264764086205,0.2939917363473766
188,Skiploom,Skiploom,Base,Grass,Flying,340,55,45,50,45,65,80,2,False,340,True,45.0,57.5,56.666666666666664,80,45,65,0.20588235294117646,0.18823529411764706,0.24390243902439024,0.42857142857142855,0.2536124205779873,Balanced,Skiploom,"('Flying', 'Grass')",1.5068749999999969,0.8763761046281028,0.4287499999999994,0.04375000000000001,0.2660626029654037,0.2257001647446458,0.05518945634266886,1.1410626029654036,0.8464135021097051,0.2815137927033029,0.462094812608588,0.23946347977859517,0.35900454634942613
189,Jumpluff,Jumpluff,Base,Grass,Flying,460,75,55,70,55,95,110,2,False,460,True,55.0,82.5,80.0,110,55,95,0.2647058823529412,0.3058823529411765,0.4146341463414635,0.6,0.37204447632711624,Fast,Jumpluff,"('Flying', 'Grass')",1.5068749999999969,0.8763761046281028,0.4287499999999994,0.04375000000000001,0.2660626029654037,0.2257001647446458,0.05518945634266886,1.1410626029654036,0.8464135021097051,0.2815137927033029,0.4973889302556468,0.3233228771960988,0.4417591067101558
190,Aipom,Aipom,Base,Normal,None,360,55,70,55,40,55,85,2,False,360,True,55.0,55.0,55.0,85,70,55,0.2647058823529412,0.17647058823529413,0.23170731707317074,0.45714285714285713,0.2745347407255585,Balanced,Aipom,"('Normal',)",0.8799999999999981,0.9942669932784275,0.0,0.1787500000000001,0.04365733113673806,0.0,0.03789126853377265,1.0057660626029652,0.0,0.4386753822563193,0.1588235294117647,0.29516168805317333,0.2618295578609202
191,Sunkern,Sunkern,Base,Grass,None,180,30,30,30,30,30,30,2,False,180,True,30.0,30.0,30.0,30,30,30,0.11764705882352941,0.058823529411764705,0.04878048780487806,0.14285714285714285,0.09420987907358065,Balanced,Sunkern,"('Grass',)",1.0306249999999983,0.8784370469852222,0.20000000000000007,0.42874999999999935,0.27759472817133446,0.2784184514003295,0.0,1.13838550247117,0.20337552742616116,0.28426125674000846,0.1519384462645821,0.14648785994134056,0.14028178977784356
192,Sunflora,Sunflora,Base,Grass,None,425,75,75,55,105,85,30,2,False,425,True,90.0,70.0,71.66666666666667,30,105,85,0.47058823529411764,0.24705882352941178,0.35365853658536595,0.14285714285714285,0.3257737241237959,Balanced,Sunflora,"('Grass',)",1.0306249999999983,0.8784370469852222,0.20000000000000007,0.42874999999999935,0.27759472817133446,0.2784184514003295,0.0,1.13838550247117,0.20337552742616116,0.28426125674000846,0.36370315214693505,0.288589725077639,0.30235280842920653
193,Yanma,Yanma,Base,Bug,Flying,390,65,65,45,75,45,95,2,False,390,True,70.0,45.0,51.666666666666664,95,75,45,0.35294117647058826,0.12941176470588237,0.20731707317073172,0.5142857142857142,0.30020291043246566,Balanced,Yanma,"('Bug', 'Flying')",1.3637499999999967,0.8507358086665777,0.3412499999999996,0.05500000000000002,0.25617792421746294,0.18121911037891267,0.05518945634266886,1.1754530477759475,0.653164556962025,0.2473324431854836,0.473030528667163,0.19605636321393521,0.37020241413877275
194,Wooper,Wooper,Base,Water,Ground,210,55,45,45,25,25,15,2,False,210,True,35.0,35.0,41.666666666666664,15,45,45,0.14705882352941177,0.08235294117647059,0.13414634146341464,0.05714285714285714,0.11031666325066611,Balanced,Wooper,"('Ground', 'Water')",1.3187499999999965,0.911069417556444,0.3124999999999997,0.11250000000000004,0.07825370675453047,0.19192751235584846,0.04118616144975288,1.0976112026359144,0.5924050632911386,0.32776381481358496,0.3251973194341025,0.19346564070305233,0.21323754804358522
195,Quagsire,Quagsire,Base,Water,Ground,430,95,85,85,65,65,35,2,False,430,True,75.0,75.0,81.66666666666667,35,85,85,0.38235294117647056,0.27058823529411763,0.42682926829268303,0.17142857142857143,0.321122156179545,Balanced,Quagsire,"('Ground', 'Water')",1.3187499999999965,0.911069417556444,0.3124999999999997,0.11250000000000004,0.07825370675453047,0.19192751235584846,0.04118616144975288,1.0976112026359144,0.5924050632911386,0.32776381481358496,0.4663737900223378,0.3325187253515459,0.3601877427556163
196,Espeon,Espeon,Base,Psychic,None,525,65,65,60,130,95,110,2,False,525,True,97.5,77.5,73.33333333333333,110,130,95,0.5147058823529411,0.2823529411764706,0.3658536585365854,0.6,0.44390602582496413,DPS,Espeon,"('Psychic',)",0.9878124999999977,0.9256576430623346,0.12250000000000003,0.21125000000000013,0.13920922570016475,0.11779242174629324,0.0,1.080313014827018,0.1455696202531643,0.3472115324066214,0.3670513775130304,0.3291715570085596,0.40215792198152467
197,Umbreon,Umbreon,Base,Dark,None,525,95,65,110,60,130,65,2,False,525,True,62.5,120.0,111.66666666666667,65,65,130,0.3088235294117647,0.4823529411764706,0.6463414634146343,0.34285714285714286,0.42651619184259076,Tank,Umbreon,"('Dark',)",1.0709374999999979,0.9786376451527078,0.14625000000000005,0.15375000000000008,0.13591433278418452,0.07990115321252059,0.07413509060955518,1.0218286655683688,0.2578059071729961,0.41783973309600736,0.2884164805162573,0.4975447885038262,0.3800360289626108
198,Murkrow,Murkrow,Base,Dark,Flying,405,60,85,42,85,42,91,2,False,405,True,85.0,42.0,48.0,91,85,42,0.4411764705882353,0.11529411764705882,0.1804878048780488,0.49142857142857144,0.3176185693789711,Balanced,Murkrow,"('Dark', 'Flying')",1.384374999999996,1.0584132508414004,0.36124999999999957,0.01375,0.15321252059308071,0.15815485996705106,0.12932454695222406,0.9448105436573312,0.6810126582278468,0.5241894361233334,0.5371109456440799,0.29515066684531616,0.4247466494323582
199,Slowking,Slowking,Base,Water,Psychic,490,95,75,80,100,110,30,2,False,490,True,87.5,95.0,95.0,30,100,110,0.45588235294117646,0.36470588235294116,0.524390243902439,0.14285714285714285,0.3841847714695634,Tank,Slowking,"('Psychic', 'Water')",1.3074999999999963,0.9210925636432423,0.2849999999999999,0.035,0.25864909390444807,0.3459637561779242,0.0,1.085667215815486,0.5772151898734168,0.3411257767884045,0.5044154877140725,0.39519493051450094,0.3993809613889852
200,Misdreavus,Misdreavus,Base,Ghost,None,435,60,60,60,85,85,85,2,False,435,True,72.5,72.5,68.33333333333333,85,85,85,0.36764705882352944,0.25882352941176473,0.32926829268292684,0.45714285714285713,0.3506645829063333,Balanced,Misdreavus,"('Ghost',)",1.0056249999999984,1.114784204450553,0.15875000000000006,0.18375000000000005,0.07990115321252059,0.11037891268533773,0.12767710049423395,0.8970345963756177,0.16962025316455784,0.5993381501186227,0.28843633655994083,0.41264056851229847,0.3603378211850444
201,Unown,Unown,Base,Psychic,None,336,48,72,48,72,48,48,2,False,336,True,72.0,48.0,48.0,48,72,48,0.36470588235294116,0.14352941176470588,0.1804878048780488,0.24571428571428572,0.24876982988317278,Balanced,Unown,"('Psychic',)",0.9878124999999977,0.9256576430623346,0.12250000000000003,0.21125000000000013,0.13920922570016475,0.11779242174629324,0.0,1.080313014827018,0.1455696202531643,0.3472115324066214,0.27705137751303044,0.23424185829980781,0.2552657258347733
202,Wobbuffet,Wobbuffet,Base,Psychic,None,405,190,33,58,33,58,33,2,False,405,True,33.0,58.0,102.0,33,33,58,0.13529411764705881,0.19058823529411764,0.575609756097561,0.16,0.24212195121951222,Balanced,Wobbuffet,"('Psychic',)",0.9878124999999977,0.9256576430623346,0.12250000000000003,0.21125000000000013,0.13920922570016475,0.11779242174629324,0.0,1.080313014827018,0.1455696202531643,0.3472115324066214,0.139404318689501,0.34949293433997997,0.22092790046072122
203,Girafarig,Girafarig,Base,Normal,Psychic,455,70,80,65,90,65,85,2,False,455,True,85.0,65.0,66.66666666666667,85,90,65,0.4411764705882353,0.2235294117647059,0.31707317073170743,0.45714285714285713,0.3651373232219717,Balanced,Girafarig,"('Normal', 'Psychic')",1.0918749999999977,0.9743178160651511,0.12250000000000003,0.06750000000000002,0.1013179571663921,0.07413509060955518,0.03789126853377265,1.0263591433278416,0.2860759493670888,0.41208092328661255,0.3791362620997767,0.3223359561152189,0.3716973187292007
204,Pineco,Pineco,Base,Bug,None,290,50,65,90,35,35,15,2,False,290,True,50.0,62.5,58.333333333333336,15,65,90,0.23529411764705882,0.21176470588235294,0.25609756097560976,0.05714285714285714,0.1979422012707522,Balanced,Pineco,"('Bug',)",1.006874999999999,0.9131252342169732,0.17750000000000005,0.35999999999999954,0.18369028006589788,0.1771004942339374,0.0,1.0951400329489291,0.17130801687763886,0.3305044457299968,0.20969967733929085,0.27034381559472465,0.20324577437617514
205,Forretress,Forretress,Base,Bug,Steel,465,75,90,140,60,60,40,2,False,465,True,75.0,100.0,91.66666666666667,40,90,140,0.38235294117647056,0.38823529411764707,0.5000000000000001,0.2,0.37088235294117644,Balanced,Forretress,"('Bug', 'Steel')",1.2553124999999972,1.1537182215247197,0.2875,0.13375000000000006,0.05271828665568369,0.4415156507413509,0.051070840197693576,0.8667627677100493,0.5067510548523207,0.6512414997422705,0.4321121866468106,0.5213789528380847,0.41489091345132617
206,Dunsparce,Dunsparce,Base,Normal,None,415,100,70,70,65,65,45,2,False,415,True,67.5,67.5,78.33333333333333,45,70,70,0.3382352941176471,0.23529411764705882,0.4024390243902439,0.22857142857142856,0.30340797294527566,Balanced,Dunsparce,"('Normal',)",0.8799999999999981,0.9942669932784275,0.0,0.1787500000000001,0.04365733113673806,0.0,0.03789126853377265,1.0057660626029652,0.0,0.4386753822563193,0.20294117647058824,0.35843285017655935,0.2685032358687087
207,Gligar,Gligar,Base,Ground,Flying,430,65,75,105,35,65,85,2,False,430,True,55.0,85.0,78.33333333333333,85,75,105,0.2647058823529412,0.3176470588235294,0.4024390243902439,0.45714285714285713,0.343975199836032,Balanced,Gligar,"('Flying', 'Ground')",1.5262499999999963,0.9762766375671894,0.4749999999999991,0.012499999999999999,0.13509060955518945,0.15403624382207579,0.09637561779242174,1.0242998352553543,0.8725738396624471,0.4146922489321769,0.5078530652767436,0.37766312625866705,0.4366078725351309
208,Steelix,Steelix,Base,Steel,Ground,510,75,85,200,55,65,30,2,False,510,True,70.0,132.5,113.33333333333333,30,85,200,0.35294117647058826,0.5411764705882353,0.6585365853658537,0.14285714285714285,0.419102275056364,Balanced,Steelix,"('Ground', 'Steel')",1.3706249999999958,1.0873264654545325,0.3424999999999996,0.02875,0.25535420098846784,0.4629324546952224,0.09225700164744646,0.9196869851729821,0.6624472573839648,0.562733948084435,0.4767436088359389,0.5791394902811198,0.4487332033057375
208,SteelixMega Steelix,Steelix,Mega Steelix,Steel,Ground,610,75,125,230,55,95,30,2,False,610,True,90.0,162.5,133.33333333333334,30,125,230,0.47058823529411764,0.6823529411764706,0.804878048780488,0.14285714285714285,0.524841155974585,Heavy hitter,Steelix (Mega Steelix),"('Ground', 'Steel')",1.3706249999999958,1.0873264654545325,0.3424999999999996,0.02875,0.25535420098846784,0.4629324546952224,0.09225700164744646,0.9196869851729821,0.6624472573839648,0.562733948084435,0.5473318441300565,0.6651366208406607,0.5186284687289799
209,Snubbull,Snubbull,Base,Fairy,None,300,60,80,50,40,40,30,2,False,300,True,60.0,45.0,50.0,30,80,50,0.29411764705882354,0.12941176470588237,0.19512195121951223,0.14285714285714285,0.20288993646238984,Balanced,Snubbull,"('Fairy',)",1.0759374999999973,1.0227464184990613,0.15500000000000008,0.18750000000000008,0.09143327841845139,0.14497528830313017,0.04118616144975288,0.9777594728171335,0.2645569620253161,0.47664160499391295,0.28229337304542057,0.28473124744950207,0.25019878535094875
210,Granbull,Granbull,Base,Fairy,None,450,90,120,75,60,60,45,2,False,450,True,90.0,67.5,75.0,45,120,75,0.47058823529411764,0.23529411764705882,0.37804878048780494,0.22857142857142856,0.34485345357655256,Heavy hitter,Granbull,"('Fairy',)",1.0759374999999973,1.0227464184990613,0.15500000000000008,0.18750000000000008,0.09143327841845139,0.14497528830313017,0.04118616144975288,0.9777594728171335,0.2645569620253161,0.47664160499391295,0.388175725986597,0.367521778295987,0.35154055620563207
211,Qwilfish,Qwilfish,Base,Water,Poison,430,65,95,75,55,55,85,2,False,430,True,75.0,65.0,65.0,85,95,75,0.38235294117647056,0.2235294117647059,0.30487804878048785,0.45714285714285713,0.34211006353761014,Balanced,Qwilfish,"('Poison', 'Water')",1.3281249999999962,1.0384944386135737,0.29624999999999985,0.01625,0.17051070840197693,0.41515650741350907,0.0,0.9629324546952226,0.6050632911392395,0.4976354570366325,0.4714370811615781,0.353508989127422,0.41451546730492794
212,Scizor,Scizor,Base,Bug,Steel,500,70,130,100,55,80,65,2,False,500,True,92.5,90.0,83.33333333333333,65,130,100,0.4852941176470588,0.3411764705882353,0.4390243902439025,0.34285714285714286,0.41152336544373846,Heavy hitter,Scizor,"('Bug', 'Steel')",1.2553124999999972,1.1537182215247197,0.2875,0.13375000000000006,0.05271828665568369,0.4415156507413509,0.051070840197693576,0.8667627677100493,0.5067510548523207,0.6512414997422705,0.49387689252916356,0.4896644621637662,0.45760717190592753
212,ScizorMega Scizor,Scizor,Mega Scizor,Bug,Steel,600,70,150,140,65,100,75,2,False,600,True,107.5,120.0,103.33333333333333,75,150,140,0.5735294117647058,0.4823529411764706,0.5853658536585367,0.4,0.518396700143472,Heavy hitter,Scizor (Mega Scizor),"('Bug', 'Steel')",1.2553124999999972,1.1537182215247197,0.2875,0.13375000000000006,0.05271828665568369,0.4415156507413509,0.051070840197693576,0.8667627677100493,0.5067510548523207,0.6512414997422705,0.5468180689997517,0.5756615927233071,0.5291852104384136
213,Shuckle,Shuckle,Base,Bug,Rock,505,20,10,230,10,230,5,2,False,505,True,10.0,230.0,160.0,5,10,230,0.0,1.0,1.0,0.0,0.45,Balanced,Shuckle,"('Bug', 'Rock')",1.4784374999999963,0.8893772885862974,0.4349999999999994,0.07625000000000003,0.19192751235584846,0.13509060955518948,0.0,1.1243822075782537,0.8080168776371305,0.2988458084369498,0.3232067510548522,0.7195383233747799,0.41264419743437486
214,Heracross,Heracross,Base,Bug,Fighting,500,80,125,75,40,95,85,2,False,500,True,82.5,85.0,83.33333333333333,85,125,95,0.4264705882352941,0.3176470588235294,0.4390243902439025,0.45714285714285713,0.40790992006558724,Heavy hitter,Heracross,"('Bug', 'Fighting')",1.341874999999998,0.7872892341402274,0.37999999999999945,0.18000000000000008,0.24299835255354196,0.2784184514003295,0.0,1.270181219110379,0.6236286919831238,0.1627511441689742,0.505333829734426,0.2860330258168006,0.4177013562200772
214,HeracrossMega Heracross,Heracross,Mega Heracross,Bug,Fighting,600,80,185,115,40,105,75,2,False,600,True,112.5,110.0,100.0,75,185,115,0.6029411764705882,0.43529411764705883,0.5609756097560976,0.4,0.51204806312769,Heavy hitter,Heracross (Mega Heracross),"('Bug', 'Fighting')",1.341874999999998,0.7872892341402274,0.37999999999999945,0.18000000000000008,0.24299835255354196,0.2784184514003295,0.0,1.270181219110379,0.6236286919831238,0.1627511441689742,0.6112161826756024,0.3576973012830847,0.48860287292431986
215,Sneasel,Sneasel,Base,Dark,Ice,430,55,95,55,35,75,115,2,False,430,True,65.0,65.0,61.666666666666664,115,95,75,0.3235294117647059,0.2235294117647059,0.28048780487804875,0.6285714285714286,0.350929493748719,Fast,Sneasel,"('Dark', 'Ice')",1.4493749999999959,0.8101434761538109,0.4012499999999995,0.03875000000000001,0.27677100494233936,0.11120263591433277,0.07413509060955518,1.234349258649094,0.7687763713080158,0.19321837572524606,0.5016281955820299,0.22564459562725767,0.41526979526901137
216,Teddiursa,Teddiursa,Base,Normal,None,330,60,80,50,50,50,40,2,False,330,True,65.0,50.0,53.333333333333336,40,80,50,0.3235294117647059,0.15294117647058825,0.21951219512195125,0.2,0.2353730272596844,Balanced,Teddiursa,"('Normal',)",0.8799999999999981,0.9942669932784275,0.0,0.1787500000000001,0.04365733113673806,0.0,0.03789126853377265,1.0057660626029652,0.0,0.4386753822563193,0.19411764705882353,0.28387761344772144,0.2281162969467985
217,Ursaring,Ursaring,Base,Normal,None,500,90,130,75,75,75,55,2,False,500,True,102.5,75.0,80.0,55,130,75,0.5441176470588235,0.27058823529411763,0.4146341463414635,0.2857142857142857,0.3981579217052675,Heavy hitter,Ursaring,"('Normal',)",0.8799999999999981,0.9942669932784275,0.0,0.1787500000000001,0.04365733113673806,0.0,0.03789126853377265,1.0057660626029652,0.0,0.4386753822563193,0.32647058823529407,0.3738345718408348,0.34531943795930103
218,Slugma,Slugma,Base,Fire,None,250,40,40,40,70,40,20,2,False,250,True,55.0,40.0,40.0,20,70,40,0.2647058823529412,0.10588235294117647,0.12195121951219513,0.08571428571428572,0.1606507481041197,Balanced,Slugma,"('Fire',)",1.1381249999999974,0.9440124407884671,0.25250000000000006,0.3074999999999998,0.2067545304777595,0.29489291598023065,0.0,1.0593080724876442,0.34852320675105475,0.371680507232312,0.2982328121121866,0.21621883130038533,0.22111352930775102
219,Magcargo,Magcargo,Base,Fire,Rock,410,50,50,120,80,80,30,2,False,410,True,65.0,100.0,83.33333333333333,30,80,120,0.3235294117647059,0.38823529411764707,0.4390243902439025,0.14285714285714285,0.3266704242672679,Balanced,Magcargo,"('Fire', 'Rock')",1.5099999999999962,0.7364270543560675,0.42374999999999935,0.037500000000000006,0.2504118616144976,0.39456342668863265,0.0,1.3579077429983528,0.8506329113924047,0.0949462347775489,0.5343708116157855,0.28361694441317165,0.3692625430389273
220,Swinub,Swinub,Base,Ice,Ground,250,50,50,40,30,30,50,2,False,250,True,40.0,35.0,40.0,50,50,40,0.17647058823529413,0.08235294117647059,0.12195121951219513,0.2571428571428571,0.15817175650748105,Balanced,Swinub,"('Ground', 'Ice')",1.6206249999999962,0.7986842098884194,0.526249999999999,0.00125,0.3187808896210873,0.051070840197693576,0.04118616144975288,1.2520593080724876,1.0,0.17794190676315355,0.5058823529411764,0.1304880969950749,0.3037965623225438
221,Piloswine,Piloswine,Base,Ice,Ground,450,100,100,80,60,60,50,2,False,450,True,80.0,70.0,80.0,50,100,80,0.4117647058823529,0.24705882352941178,0.4146341463414635,0.2571428571428571,0.3402377536380406,Balanced,Piloswine,"('Ground', 'Ice')",1.6206249999999962,0.7986842098884194,0.526249999999999,0.00125,0.3187808896210873,0.051070840197693576,0.04118616144975288,1.2520593080724876,1.0,0.17794190676315355,0.6470588235294118,0.26130588752592143,0.4268223872866759
222,Corsola,Corsola,Base,Water,Rock,380,55,55,85,65,85,35,2,False,380,True,60.0,85.0,75.0,35,65,85,0.29411764705882354,0.3176470588235294,0.37804878048780494,0.17142857142857143,0.29224841155974585,Balanced,Corsola,"('Rock', 'Water')",1.462499999999996,0.8261313365070272,0.3737499999999996,0.012499999999999999,0.21828665568369027,0.3023064250411862,0.0,1.2104612850082372,0.7864978902953577,0.21453196132485894,0.4910697443534372,0.2915014502401301,0.35342988026166144
223,Remoraid,Remoraid,Base,Water,None,300,35,65,35,65,35,65,2,False,300,True,65.0,35.0,35.0,65,65,35,0.3235294117647059,0.08235294117647059,0.0853658536585366,0.34285714285714286,0.21946812871490062,Balanced,Remoraid,"('Water',)",1.0643749999999983,0.9946743128164401,0.17500000000000007,0.2874999999999998,0.11943986820428334,0.22817133443163096,0.0,1.005354200988468,0.24894514767932577,0.4392183842370741,0.29369570613055385,0.22585234652122851,0.2695827771443966
224,Octillery,Octillery,Base,Water,None,480,75,105,75,105,75,45,2,False,480,True,105.0,75.0,75.0,45,105,75,0.5588235294117647,0.27058823529411763,0.37804878048780494,0.22857142857142856,0.38455933592949376,Balanced,Octillery,"('Water',)",1.0643749999999983,0.9946743128164401,0.17500000000000007,0.2874999999999998,0.11943986820428334,0.22817133443163096,0.0,1.005354200988468,0.24894514767932577,0.4392183842370741,0.4348721767187891,0.36490543116972207,0.37539011471357053
225,Delibird,Delibird,Base,Ice,Flying,330,45,55,45,65,45,75,2,False,330,True,60.0,45.0,45.0,75,65,45,0.29411764705882354,0.12941176470588237,0.1585365853658537,0.4,0.24700143472022956,Balanced,Delibird,"('Flying', 'Ice')",1.4612499999999966,0.8668332730793746,0.3999999999999995,0.06250000000000001,0.18204283360790774,0.1375617792421746,0.05518945634266886,1.1536243822075785,0.7848101265822784,0.26879214311523986,0.49039463886820556,0.19244512123461818,0.3509416071257021
226,Mantine,Mantine,Base,Water,Flying,465,65,40,70,80,140,70,2,False,465,True,60.0,105.0,91.66666666666667,70,80,140,0.29411764705882354,0.4117647058823529,0.5000000000000001,0.37142857142857144,0.3801680672268908,Balanced,Mantine,"('Flying', 'Water')",1.451874999999997,1.0349531106083263,0.3937499999999994,0.00875,0.08896210873146623,0.29983525535420097,0.05518945634266886,0.9662273476112028,0.7721518987341776,0.4929144752474112,0.48533134772896513,0.4662834371577881,0.4467570660372418
227,Skarmory,Skarmory,Base,Steel,Flying,465,65,80,140,40,70,70,2,False,465,True,60.0,105.0,91.66666666666667,70,80,140,0.29411764705882354,0.4117647058823529,0.5000000000000001,0.37142857142857144,0.3801680672268908,Balanced,Skarmory,"('Flying', 'Steel')",1.3478124999999965,1.4153308053416356,0.3524999999999996,0.08750000000000002,0.09390444810543658,0.4934102141680395,0.10626029654036244,0.706548599670511,0.6316455696202526,1.0,0.42912881608339515,0.6691176470588236,0.48512631634932446
228,Houndour,Houndour,Base,Dark,Fire,330,45,60,30,80,50,65,2,False,330,True,70.0,40.0,41.666666666666664,65,80,50,0.35294117647058826,0.10588235294117647,0.13414634146341464,0.34285714285714286,0.24540069686411148,Balanced,Houndour,"('Dark', 'Fire')",1.3918749999999964,0.9661758844624452,0.3637499999999996,0.03875000000000001,0.2504118616144976,0.2825370675453048,0.07413509060955518,1.03500823723229,0.6911392405063286,0.401226828221568,0.4882204020848844,0.23108614018389265,0.35285267884730964
229,Houndoom,Houndoom,Base,Dark,Fire,500,75,90,50,110,80,95,2,False,500,True,100.0,65.0,68.33333333333333,95,110,80,0.5294117647058824,0.2235294117647059,0.32926829268292684,0.5142857142857142,0.4098872719819635,Heavy hitter,Houndoom,"('Dark', 'Fire')",1.3918749999999964,0.9661758844624452,0.3637499999999996,0.03875000000000001,0.2504118616144976,0.2825370675453048,0.07413509060955518,1.03500823723229,0.6911392405063286,0.401226828221568,0.5941027550260609,0.32104309857700597,0.4725799795236778
229,HoundoomMega Houndoom,Houndoom,Mega Houndoom,Dark,Fire,600,75,90,90,140,90,115,2,False,600,True,115.0,90.0,85.0,115,140,90,0.6176470588235294,0.3411764705882353,0.451219512195122,0.6285714285714286,0.5174287763886043,DPS,Houndoom (Mega Houndoom),"('Dark', 'Fire')",1.3918749999999964,0.9661758844624452,0.3637499999999996,0.03875000000000001,0.2504118616144976,0.2825370675453048,0.07413509060955518,1.03500823723229,0.6911392405063286,0.401226828221568,0.6470439314966492,0.3927073740432901,0.5485298155556516
230,Kingdra,Kingdra,Base,Water,Dragon,540,75,95,95,95,95,85,2,False,540,True,95.0,95.0,88.33333333333333,85,95,95,0.5,0.36470588235294116,0.475609756097561,0.45714285714285713,0.45272699323631893,Balanced,Kingdra,"('Dragon', 'Water')",1.2649999999999957,1.0677220744976124,0.2350000000000001,0.009999999999999998,0.07413509060955518,0.19686985172981877,0.0,0.9365733113673806,0.51983122362869,0.5365991273168432,0.5079324894514761,0.46118914877465694,0.478010217969864
231,Phanpy,Phanpy,Base,Ground,None,330,90,60,60,40,40,40,2,False,330,True,50.0,50.0,63.333333333333336,40,60,60,0.23529411764705882,0.15294117647058825,0.29268292682926833,0.2,0.21912482065997133,Balanced,Phanpy,"('Ground',)",1.0974999999999973,0.8906823176219454,0.25375000000000003,0.2425000000000001,0.21334431630971992,0.09884678747940692,0.04118616144975288,1.1227347611202636,0.29367088607594893,0.30058555643616647,0.25864482501861485,0.24693436604648955,0.24040696292038852
232,Donphan,Donphan,Base,Ground,None,500,90,120,120,60,60,50,2,False,500,True,90.0,90.0,90.0,50,120,120,0.47058823529411764,0.3411764705882353,0.48780487804878053,0.2571428571428571,0.39898954703832756,Tank,Donphan,"('Ground',)",1.0974999999999973,0.8906823176219454,0.25375000000000003,0.2425000000000001,0.21334431630971992,0.09884678747940692,0.04118616144975288,1.1227347611202636,0.29367088607594893,0.30058555643616647,0.39982129560685015,0.36159720679254403,0.366827540907681
233,Porygon2,Porygon,2,Normal,None,515,85,80,90,105,95,60,2,False,515,True,92.5,92.5,90.0,60,105,95,0.4852941176470588,0.35294117647058826,0.48780487804878053,0.3142857142857143,0.41850635376101664,Balanced,Porygon (2),"('Normal',)",0.8799999999999981,0.9942669932784275,0.0,0.1787500000000001,0.04365733113673806,0.0,0.03789126853377265,1.0057660626029652,0.0,0.4386753822563193,0.29117647058823526,0.42095078417942877,0.3526746336961324
234,Stantler,Stantler,Base,Normal,None,465,73,95,62,85,65,85,2,False,465,True,90.0,63.5,66.66666666666667,85,95,65,0.47058823529411764,0.2164705882352941,0.31707317073170743,0.45714285714285713,0.3736667349866776,Balanced,Stantler,"('Normal',)",0.8799999999999981,0.9942669932784275,0.0,0.1787500000000001,0.04365733113673806,0.0,0.03789126853377265,1.0057660626029652,0.0,0.4386753822563193,0.2823529411764706,0.3305031514678075,0.3367135607303607
235,Smeargle,Smeargle,Base,Normal,None,250,55,20,35,20,45,75,2,False,250,True,20.0,40.0,45.0,75,20,45,0.058823529411764705,0.10588235294117647,0.1585365853658537,0.4,0.1587661406025825,Balanced,Smeargle,"('Normal',)",0.8799999999999981,0.9942669932784275,0.0,0.1787500000000001,0.04365733113673806,0.0,0.03789126853377265,1.0057660626029652,0.0,0.4386753822563193,0.03529411764705882,0.2521631227734029,0.1735815049812318
236,Tyrogue,Tyrogue,Base,Fighting,None,210,35,35,35,35,35,35,2,False,210,True,35.0,35.0,35.0,35,35,35,0.14705882352941177,0.08235294117647059,0.0853658536585366,0.17142857142857143,0.12341770854683337,Balanced,Tyrogue,"('Fighting',)",1.064374999999999,0.8962716861660586,0.2475000000000001,0.35124999999999973,0.19028006589785829,0.14909390444810544,0.0,1.1157331136738053,0.24894514767932668,0.30803680271183054,0.18781335318937775,0.17337971391113108,0.17136619744540116
237,Hitmontop,Hitmontop,Base,Fighting,None,455,50,95,95,35,110,70,2,False,455,True,65.0,102.5,85.0,70,95,110,0.3235294117647059,0.4,0.451219512195122,0.37142857142857144,0.3777649108423858,Balanced,Hitmontop,"('Fighting',)",1.064374999999999,0.8962716861660586,0.2475000000000001,0.35124999999999973,0.19028006589785829,0.14909390444810544,0.0,1.1157331136738053,0.24894514767932668,0.30803680271183054,0.2936957061305542,0.3760195991335127,0.34266318453291905
238,Smoochum,Smoochum,Base,Ice,Psychic,305,45,30,15,85,65,65,2,False,305,True,57.5,40.0,41.666666666666664,65,85,65,0.27941176470588236,0.10588235294117647,0.13414634146341464,0.34285714285714286,0.21966540274646446,Balanced,Smoochum,"('Ice', 'Psychic')",1.4174999999999962,0.8147651000072986,0.3849999999999996,0.07500000000000001,0.2800658978583196,0.10543657331136738,0.0,1.227347611202636,0.7257383966244718,0.19937951132652793,0.4579424174733181,0.1503472134258766,0.3126595128576313
239,Elekid,Elekid,Base,Electric,None,360,45,63,37,65,55,95,2,False,360,True,64.0,46.0,45.666666666666664,95,65,55,0.3176470588235294,0.13411764705882354,0.16341463414634147,0.5142857142857142,0.2802459520393523,Balanced,Elekid,"('Electric',)",1.0599999999999987,1.0279424206198797,0.2250000000000001,0.2787499999999998,0.05518945634266886,0.16474464579901152,0.0,0.972817133443163,0.24303797468354574,0.48356845033351176,0.28780342516753593,0.2812222151405783,0.31866778455794786
240,Magby,Magby,Base,Fire,None,365,45,75,37,70,55,83,2,False,365,True,72.5,46.0,45.666666666666664,83,75,55,0.36764705882352944,0.13411764705882354,0.16341463414634147,0.44571428571428573,0.28403166632506666,Balanced,Magby,"('Fire',)",1.1381249999999974,0.9440124407884671,0.25250000000000006,0.3074999999999998,0.2067545304777595,0.29489291598023065,0.0,1.0593080724876442,0.34852320675105475,0.371680507232312,0.3599975179945396,0.2364670379000984,0.3244010113737482
241,Miltank,Miltank,Base,Normal,None,490,95,80,105,40,70,100,2,False,490,True,60.0,87.5,90.0,100,80,105,0.29411764705882354,0.32941176470588235,0.48780487804878053,0.5428571428571428,0.39142652182824356,Tank,Miltank,"('Normal',)",0.8799999999999981,0.9942669932784275,0.0,0.1787500000000001,0.04365733113673806,0.0,0.03789126853377265,1.0057660626029652,0.0,0.4386753822563193,0.17647058823529413,0.41271549006178165,0.3345454320154601
242,Blissey,Blissey,Base,Normal,None,540,255,10,10,75,135,55,2,False,540,True,42.5,72.5,133.33333333333334,55,75,135,0.19117647058823528,0.25882352941176473,0.804878048780488,0.2857142857142857,0.34973611395777826,Tank,Blissey,"('Normal',)",0.8799999999999981,0.9942669932784275,0.0,0.1787500000000001,0.04365733113673806,0.0,0.03789126853377265,1.0057660626029652,0.0,0.4386753822563193,0.11470588235294116,0.4672779003917674,0.28138328300951626
243,Raikou,Raikou,Base,Electric,None,580,90,85,75,115,100,115,2,True,580,True,100.0,87.5,88.33333333333333,115,115,100,0.5294117647058824,0.32941176470588235,0.475609756097561,0.6285714285714286,0.48848329575732735,DPS,Raikou,"('Electric',)",1.0599999999999987,1.0279424206198797,0.2250000000000001,0.2787499999999998,0.05518945634266886,0.16474464579901152,0.0,0.972817133443163,0.24303797468354574,0.48356845033351176,0.4148622486969477,0.4276239368048538,0.4617902891695486
244,Entei,Entei,Base,Fire,None,580,115,115,85,90,75,100,2,True,580,True,102.5,80.0,91.66666666666667,100,115,85,0.5441176470588235,0.29411764705882354,0.5000000000000001,0.5428571428571428,0.4725420168067227,DPS,Entei,"('Fire',)",1.1381249999999974,0.9440124407884671,0.25250000000000006,0.3074999999999998,0.2067545304777595,0.29489291598023065,0.0,1.0593080724876442,0.34852320675105475,0.371680507232312,0.465879870935716,0.376613379363513,0.4516458361329201
245,Suicune,Suicune,Base,Water,None,580,100,75,115,90,115,85,2,True,580,True,82.5,115.0,110.0,85,90,115,0.4264705882352941,0.4588235294117647,0.6341463414634148,0.45714285714285713,0.4822284279565485,Tank,Suicune,"('Water',)",1.0643749999999983,0.9946743128164401,0.17500000000000007,0.2874999999999998,0.11943986820428334,0.22817133443163096,0.0,1.005354200988468,0.24894514767932577,0.4392183842370741,0.3554604120129068,0.49481217435480096,0.43153350987651384
246,Larvitar,Larvitar,Base,Rock,Ground,300,50,64,50,45,50,41,2,False,300,True,54.5,50.0,50.0,41,64,50,0.26176470588235295,0.15294117647058825,0.19512195121951223,0.2057142857142857,0.21002018856323018,Balanced,Larvitar,"('Ground', 'Rock')",1.5562499999999957,0.6652054790095564,0.4687499999999993,0.005,0.35255354200988465,0.31878088962108736,0.04118616144975288,1.5032948929159802,0.9130801687763704,0.0,0.52229089103996,0.10230989956958395,0.30196949742848656
247,Pupitar,Pupitar,Base,Rock,Ground,410,70,84,70,65,70,51,2,False,410,True,74.5,70.0,70.0,51,84,70,0.37941176470588234,0.24705882352941178,0.3414634146341464,0.26285714285714284,0.3154229350276696,Balanced,Pupitar,"('Ground', 'Rock')",1.5562499999999957,0.6652054790095564,0.4687499999999993,0.005,0.35255354200988465,0.31878088962108736,0.04118616144975288,1.5032948929159802,0.9130801687763704,0.0,0.5928791263340776,0.17183644189383074,0.37544459478450215
248,Tyranitar,Tyranitar,Base,Rock,Dark,600,100,134,110,95,100,61,2,False,600,True,114.5,105.0,103.33333333333333,61,134,110,0.6147058823529412,0.4117647058823529,0.5853658536585367,0.32,0.499161406025825,Tank,Tyranitar,"('Dark', 'Rock')",1.4318749999999962,0.799210005944542,0.3974999999999996,0.05625000000000002,0.41350906095551887,0.3509060955518946,0.07413509060955518,1.2512355848434924,0.7451476793248939,0.178642851042283,0.6668826011417223,0.3619162508903709,0.49820212662767394
248,TyranitarMega Tyranitar,Tyranitar,Mega Tyranitar,Rock,Dark,700,100,164,150,95,120,71,2,False,700,True,129.5,135.0,123.33333333333333,71,164,150,0.7029411764705882,0.5529411764705883,0.7317073170731708,0.37714285714285717,0.6060347407255585,Tank,Tyranitar (Mega Tyranitar),"('Dark', 'Rock')",1.4318749999999962,0.799210005944542,0.3974999999999996,0.05625000000000002,0.41350906095551887,0.3509060955518946,0.07413509060955518,1.2512355848434924,0.7451476793248939,0.178642851042283,0.7198237776123104,0.4479133814499118,0.5697801651601601
249,Lugia,Lugia,Base,Psychic,Flying,680,106,90,130,90,154,110,2,True,680,True,90.0,142.0,130.0,110,90,154,0.47058823529411764,0.5858823529411765,0.7804878048780489,0.6,0.5872740315638451,Tank,Lugia,"('Flying', 'Psychic')",1.2768749999999969,0.9652156619584402,0.2699999999999999,0.05125000000000002,0.200164744645799,0.19604612850082373,0.05518945634266886,1.0360378912685337,0.5358649789029533,0.3999467454536655,0.49669893273765187,0.5601594729303903,0.5448185197087545
250,Ho-oh,Ho-oh,Base,Fire,Flying,680,106,130,90,110,154,90,2,True,680,True,120.0,122.0,116.66666666666667,90,130,154,0.6470588235294118,0.49176470588235294,0.6829268292682928,0.4857142857142857,0.5831399877023982,Tank,Ho-oh,"('Fire', 'Flying')",1.343749999999996,0.9568472897248371,0.3162499999999997,0.06000000000000001,0.1927512355848435,0.3072487644151565,0.05518945634266886,1.0450988467874796,0.6261603375527414,0.38879077999050443,0.6386994291387436,0.49836566637209845,0.5653176125796295
251,Celebi,Celebi,Base,Psychic,Grass,600,100,100,100,100,100,100,2,False,600,True,100.0,100.0,100.0,100,100,100,0.5294117647058824,0.38823529411764707,0.5609756097560976,0.5428571428571428,0.5031194916991186,DPS,Celebi,"('Grass', 'Psychic')",1.3518749999999975,0.7824685781824575,0.3174999999999998,0.08625000000000002,0.3574958813838551,0.3962108731466228,0.0,1.2780065897858321,0.6371308016877645,0.15632467676606476,0.5724993794986353,0.33865612608662676,0.4874930848088813
252,Treecko,Treecko,Base,Grass,None,310,40,45,35,65,55,70,3,False,310,True,55.0,45.0,43.333333333333336,70,65,55,0.2647058823529412,0.12941176470588237,0.1463414634146342,0.37142857142857144,0.22855400696864114,Balanced,Treecko,"('Grass',)",1.0306249999999983,0.8784370469852222,0.20000000000000007,0.42874999999999935,0.27759472817133446,0.2784184514003295,0.0,1.13838550247117,0.20337552742616116,0.28426125674000846,0.24017374038222916,0.19558398619672077,0.2447420787714898
253,Grovyle,Grovyle,Base,Grass,None,405,50,65,45,85,65,95,3,False,405,True,75.0,55.0,53.333333333333336,95,85,65,0.38235294117647056,0.17647058823529413,0.21951219512195125,0.5142857142857142,0.3247007583521213,Balanced,Grovyle,"('Grass',)",1.0306249999999983,0.8784370469852222,0.20000000000000007,0.42874999999999935,0.27759472817133446,0.2784184514003295,0.0,1.13838550247117,0.20337552742616116,0.28426125674000846,0.3107619756763468,0.23034725735884415,0.3192569383738673
254,Sceptile,Sceptile,Base,Grass,None,530,70,85,65,105,85,120,3,False,530,True,95.0,75.0,73.33333333333333,120,105,85,0.5,0.27058823529411763,0.3658536585365854,0.6571428571428571,0.4472463619594179,DPS,Sceptile,"('Grass',)",1.0306249999999983,0.8784370469852222,0.20000000000000007,0.42874999999999935,0.27759472817133446,0.2784184514003295,0.0,1.13838550247117,0.20337552742616116,0.28426125674000846,0.38135021097046445,0.2998737996830909,0.4081606071584543
254,SceptileMega Sceptile,Sceptile,Mega Sceptile,Grass,Dragon,630,70,110,75,145,85,145,3,False,630,True,127.5,80.0,76.66666666666667,145,145,85,0.6911764705882353,0.29411764705882354,0.39024390243902446,0.8,0.5534899569583931,DPS,Sceptile (Mega Sceptile),"('Dragon', 'Grass')",1.305624999999996,0.8571932914099679,0.25999999999999995,0.05375000000000002,0.299011532125206,0.2784184514003295,0.0,1.1665980230642505,0.5746835443037961,0.25594098167459933,0.6445793000744596,0.30287854475018405,0.5517187769985981
255,Torchic,Torchic,Base,Fire,None,310,45,60,40,70,50,45,3,False,310,True,65.0,45.0,45.0,45,70,50,0.3235294117647059,0.12941176470588237,0.1585365853658537,0.22857142857142856,0.2230098380815741,Balanced,Torchic,"('Fire',)",1.1381249999999974,0.9440124407884671,0.25250000000000006,0.3074999999999998,0.2067545304777595,0.29489291598023065,0.0,1.0593080724876442,0.34852320675105475,0.371680507232312,0.33352692975924547,0.23360046688144703,0.2712281019660827
256,Combusken,Combusken,Base,Fire,Fighting,405,60,85,60,85,60,55,3,False,405,True,85.0,60.0,60.0,55,85,60,0.4411764705882353,0.2,0.26829268292682934,0.2857142857142857,0.31521315843410536,Balanced,Combusken,"('Fighting', 'Fire')",1.493749999999997,0.8699390891751299,0.44374999999999926,0.06000000000000001,0.3163097199341021,0.30395387149917624,0.0,1.1495057660626031,0.8286919831223636,0.2729325393753447,0.5961826756018866,0.2462461864818452,0.4024860428075669
257,Blaziken,Blaziken,Base,Fire,Fighting,530,80,120,70,110,70,80,3,False,530,True,115.0,70.0,73.33333333333333,80,120,70,0.6176470588235294,0.24705882352941178,0.3658536585365854,0.42857142857142855,0.436826193892191,Heavy hitter,Blaziken,"('Fighting', 'Fire')",1.493749999999997,0.8699390891751299,0.44374999999999926,0.06000000000000001,0.3163097199341021,0.30395387149917624,0.0,1.1495057660626031,0.8286919831223636,0.2729325393753447,0.7020650285430632,0.2871070186195783,0.4967677603726417
257,BlazikenMega Blaziken,Blaziken,Mega Blaziken,Fire,Fighting,630,80,160,80,130,80,100,3,False,630,True,145.0,80.0,80.0,100,160,80,0.7941176470588235,0.29411764705882354,0.4146341463414635,0.5428571428571428,0.5429688460750154,DPS,Blaziken (Mega Blaziken),"('Fighting', 'Fire')",1.493749999999997,0.8699390891751299,0.44374999999999926,0.06000000000000001,0.3163097199341021,0.30395387149917624,0.0,1.1495057660626031,0.8286919831223636,0.2729325393753447,0.8079473814842395,0.315772728806092,0.5807846695753471
258,Mudkip,Mudkip,Base,Water,None,310,50,70,50,50,50,40,3,False,310,True,60.0,50.0,50.0,40,70,50,0.29411764705882354,0.15294117647058825,0.19512195121951223,0.2,0.22020086083213775,Balanced,Mudkip,"('Water',)",1.0643749999999983,0.9946743128164401,0.17500000000000007,0.2874999999999998,0.11943986820428334,0.22817133443163096,0.0,1.005354200988468,0.24894514767932577,0.4392183842370741,0.27604864730702444,0.2779972532644136,0.2568487640269545
259,Marshtomp,Marshtomp,Base,Water,Ground,405,70,85,70,60,70,50,3,False,405,True,72.5,70.0,70.0,50,85,70,0.36764705882352944,0.24705882352941178,0.3414634146341464,0.2571428571428571,0.310162430825989,Balanced,Marshtomp,"('Ground', 'Water')",1.3187499999999965,0.911069417556444,0.3124999999999997,0.11250000000000004,0.07825370675453047,0.19192751235584846,0.04118616144975288,1.0976112026359144,0.5924050632911386,0.32776381481358496,0.45755026061057313,0.30294196781926475,0.35899848778533566
260,Swampert,Swampert,Base,Water,Ground,535,100,110,90,85,90,60,3,False,535,True,97.5,90.0,93.33333333333333,60,110,90,0.5147058823529411,0.3411764705882353,0.5121951219512195,0.3142857142857143,0.4307373437179749,Heavy hitter,Swampert,"('Ground', 'Water')",1.3187499999999965,0.911069417556444,0.3124999999999997,0.11250000000000004,0.07825370675453047,0.19192751235584846,0.04118616144975288,1.0976112026359144,0.5924050632911386,0.32776381481358496,0.5457855547282201,0.3785660711191212,0.4436375019275778
260,SwampertMega Swampert,Swampert,Mega Swampert,Water,Ground,635,100,150,110,95,110,70,3,False,635,True,122.5,110.0,106.66666666666667,70,150,110,0.6617647058823529,0.43529411764705883,0.6097560975609757,0.37142857142857144,0.5366781102684977,Tank,Swampert (Mega Swampert),"('Ground', 'Water')",1.3187499999999965,0.911069417556444,0.3124999999999997,0.11250000000000004,0.07825370675453047,0.19192751235584846,0.04118616144975288,1.0976112026359144,0.5924050632911386,0.32776381481358496,0.6340208488458672,0.4358974914921485,0.5205935892405518
261,Poochyena,Poochyena,Base,Dark,None,220,35,55,35,30,30,35,3,False,220,True,42.5,32.5,33.333333333333336,35,55,35,0.19117647058823528,0.07058823529411765,0.07317073170731711,0.17142857142857143,0.13347868415658945,Balanced,Poochyena,"('Dark',)",1.0709374999999979,0.9786376451527078,0.14625000000000005,0.15375000000000008,0.13591433278418452,0.07990115321252059,0.07413509060955518,1.0218286655683688,0.2578059071729961,0.41783973309600736,0.21782824522213962,0.2101344585181734,0.19590772398208198
262,Mightyena,Mightyena,Base,Dark,None,420,70,90,70,60,60,70,3,False,420,True,75.0,65.0,66.66666666666667,70,90,70,0.38235294117647056,0.2235294117647059,0.31707317073170743,0.37142857142857144,0.3274062307849969,Balanced,Mightyena,"('Dark',)",1.0709374999999979,0.9786376451527078,0.14625000000000005,0.15375000000000008,0.13591433278418452,0.07990115321252059,0.07413509060955518,1.0218286655683688,0.2578059071729961,0.41783973309600736,0.3325341275750808,0.32463948003897686,0.3352307153737606
263,Zigzagoon,Zigzagoon,Base,Normal,None,240,38,30,41,30,41,60,3,False,240,True,30.0,41.0,40.0,60,30,41,0.11764705882352941,0.11058823529411765,0.12195121951219513,0.3142857142857143,0.1560709161713466,Balanced,Zigzagoon,"('Normal',)",0.8799999999999981,0.9942669932784275,0.0,0.1787500000000001,0.04365733113673806,0.0,0.03789126853377265,1.0057660626029652,0.0,0.4386753822563193,0.07058823529411765,0.2446638401335177,0.17218794072626148
264,Linoone,Linoone,Base,Normal,None,420,78,70,61,50,61,100,3,False,420,True,60.0,61.0,66.66666666666667,100,70,61,0.29411764705882354,0.20470588235294118,0.31707317073170743,0.5428571428571428,0.3261037097765936,Balanced,Linoone,"('Normal',)",0.8799999999999981,0.9942669932784275,0.0,0.1787500000000001,0.04365733113673806,0.0,0.03789126853377265,1.0057660626029652,0.0,0.4386753822563193,0.17647058823529413,0.326385504408984,0.2988480145118733
265,Wurmple,Wurmple,Base,Bug,None,195,45,45,35,20,30,20,3,False,195,True,32.5,32.5,36.666666666666664,20,45,35,0.1323529411764706,0.07058823529411765,0.0975609756097561,0.08571428571428572,0.10062564050010248,Balanced,Wurmple,"('Bug',)",1.006874999999999,0.9131252342169732,0.17750000000000005,0.35999999999999954,0.18369028006589788,0.1771004942339374,0.0,1.0951400329489291,0.17130801687763886,0.3305044457299968,0.1479349714569379,0.18129790454737893,0.14151434887914707
266,Silcoon,Silcoon,Base,Bug,None,205,50,35,55,25,25,15,3,False,205,True,30.0,40.0,43.333333333333336,15,35,55,0.11764705882352941,0.10588235294117647,0.1463414634146342,0.05714285714285714,0.10834392293502768,Balanced,Silcoon,"('Bug',)",1.006874999999999,0.9131252342169732,0.17750000000000005,0.35999999999999954,0.18369028006589788,0.1771004942339374,0.0,1.0951400329489291,0.17130801687763886,0.3305044457299968,0.13911144204517317,0.20584596767506902,0.1422213841322727
267,Beautifly,Beautifly,Base,Bug,Flying,395,60,70,50,100,50,65,3,False,395,True,85.0,50.0,53.333333333333336,65,100,50,0.4411764705882353,0.15294117647058825,0.21951219512195125,0.34285714285714286,0.30512092641934824,Balanced,Beautifly,"('Bug', 'Flying')",1.3637499999999967,0.8507358086665777,0.3412499999999996,0.05500000000000002,0.25617792421746294,0.18121911037891267,0.05518945634266886,1.1754530477759475,0.653164556962025,0.2473324431854836,0.5259717051377513,0.20734043781938716,0.3697875237923903
268,Cascoon,Cascoon,Base,Bug,None,205,50,35,55,25,25,15,3,False,205,True,30.0,40.0,43.333333333333336,15,35,55,0.11764705882352941,0.10588235294117647,0.1463414634146342,0.05714285714285714,0.10834392293502768,Balanced,Cascoon,"('Bug',)",1.006874999999999,0.9131252342169732,0.17750000000000005,0.35999999999999954,0.18369028006589788,0.1771004942339374,0.0,1.0951400329489291,0.17130801687763886,0.3305044457299968,0.13911144204517317,0.20584596767506902,0.1422213841322727
269,Dustox,Dustox,Base,Bug,Poison,385,60,50,70,50,90,65,3,False,385,True,50.0,80.0,73.33333333333333,65,50,90,0.23529411764705882,0.29411764705882354,0.3658536585365854,0.34285714285714286,0.2976245132199221,Balanced,Dustox,"('Bug', 'Poison')",1.1774999999999975,0.9134687726794949,0.2300000000000001,0.15000000000000008,0.257825370675453,0.2652388797364086,0.0,1.0947281713344317,0.40168776371308046,0.3309624204849641,0.30185157607346746,0.3267895592987202,0.3148497466305628
270,Lotad,Lotad,Base,Water,Grass,220,40,30,30,40,50,30,3,False,220,True,35.0,40.0,40.0,30,40,50,0.14705882352941177,0.10588235294117647,0.12195121951219513,0.14285714285714285,0.13090284894445584,Balanced,Lotad,"('Grass', 'Water')",1.3153124999999972,0.9363671414294255,0.3087499999999998,0.15625000000000003,0.19357495881383857,0.19934102141680396,0.0,1.0679571663920924,0.5877637130801691,0.3614884778598,0.3233407793497147,0.21214201955138057,0.23404291637553987
271,Lombre,Lombre,Base,Water,Grass,340,60,50,50,60,70,50,3,False,340,True,55.0,60.0,60.0,50,60,70,0.2647058823529412,0.2,0.26829268292682934,0.2571428571428571,0.2477341668374667,Balanced,Lombre,"('Grass', 'Water')",1.3153124999999972,0.9363671414294255,0.3087499999999998,0.15625000000000003,0.19357495881383857,0.19934102141680396,0.0,1.0679571663920924,0.5877637130801691,0.3614884778598,0.39392901464383234,0.28166856187562733,0.3178037280172697
272,Ludicolo,Ludicolo,Base,Water,Grass,480,80,70,70,90,100,70,3,False,480,True,80.0,85.0,83.33333333333333,70,90,100,0.4117647058823529,0.3176470588235294,0.4390243902439025,0.37142857142857144,0.38562000409920066,Balanced,Ludicolo,"('Grass', 'Water')",1.3153124999999972,0.9363671414294255,0.3087499999999998,0.15625000000000003,0.19357495881383857,0.19934102141680396,0.0,1.0679571663920924,0.5877637130801691,0.3614884778598,0.4821643087614794,0.3655279592931309,0.4160813976216968
273,Seedot,Seedot,Base,Grass,None,220,40,40,50,30,30,30,3,False,220,True,35.0,40.0,40.0,30,40,50,0.14705882352941177,0.10588235294117647,0.12195121951219513,0.14285714285714285,0.13090284894445584,Balanced,Seedot,"('Grass',)",1.0306249999999983,0.8784370469852222,0.20000000000000007,0.42874999999999935,0.27759472817133446,0.2784184514003295,0.0,1.13838550247117,0.20337552742616116,0.28426125674000846,0.16958550508811154,0.18125113110346394,0.16327354013652362
274,Nuzleaf,Nuzleaf,Base,Grass,Dark,340,70,70,40,60,40,60,3,False,340,True,65.0,40.0,50.0,60,70,40,0.3235294117647059,0.10588235294117647,0.19512195121951223,0.3142857142857143,0.2415874154539865,Balanced,Nuzleaf,"('Dark', 'Grass')",1.3768749999999976,0.8199932448527714,0.32999999999999974,0.05625000000000002,0.35420098846787484,0.3583196046128501,0.07413509060955518,1.219522240527183,0.6708860759493681,0.20634920647205382,0.46247207743857077,0.16837899392311134,0.31888349861331683
275,Shiftry,Shiftry,Base,Grass,Dark,480,90,100,60,90,60,80,3,False,480,True,95.0,60.0,70.0,80,100,60,0.5,0.2,0.3414634146341464,0.42857142857142855,0.37900696864111494,Balanced,Shiftry,"('Dark', 'Grass')",1.3768749999999976,0.8199932448527714,0.32999999999999974,0.05625000000000002,0.35420098846787484,0.3583196046128501,0.07413509060955518,1.219522240527183,0.6708860759493681,0.20634920647205382,0.5683544303797472,0.23790553624735816,0.41985019260798784
276,Taillow,Taillow,Base,Normal,Flying,270,40,55,30,30,30,85,3,False,270,True,42.5,30.0,33.333333333333336,85,55,30,0.19117647058823528,0.058823529411764705,0.07317073170731711,0.45714285714285713,0.18768036482885836,Balanced,Taillow,"('Flying', 'Normal')",1.2068749999999977,1.0434035227617604,0.2325000000000001,0.10250000000000004,0.12026359143327842,0.1375617792421746,0.0930807248764415,0.9584019769357496,0.44135021097046473,0.5041798089947124,0.29124596674112707,0.2405528418188319,0.2853877225378577
277,Swellow,Swellow,Base,Normal,Flying,430,60,85,60,50,50,125,3,False,430,True,67.5,55.0,56.666666666666664,125,85,60,0.3382352941176471,0.17647058823529413,0.24390243902439024,0.6857142857142857,0.3484233449477352,Fast,Swellow,"('Flying', 'Normal')",1.2068749999999977,1.0434035227617604,0.2325000000000001,0.10250000000000004,0.12026359143327842,0.1375617792421746,0.0930807248764415,0.9584019769357496,0.44135021097046473,0.5041798089947124,0.37948126085877415,0.32441223923633544,0.4042368207137134
278,Wingull,Wingull,Base,Water,Flying,270,40,30,30,55,30,85,3,False,270,True,42.5,30.0,33.333333333333336,85,55,30,0.19117647058823528,0.058823529411764705,0.07317073170731711,0.45714285714285713,0.18768036482885836,Balanced,Wingull,"('Flying', 'Water')",1.451874999999997,1.0349531106083263,0.3937499999999994,0.00875,0.08896210873146623,0.29983525535420097,0.05518945634266886,0.9662273476112028,0.7721518987341776,0.4929144752474112,0.4235666418466122,0.23604670831991142,0.3369641525303756
279,Pelipper,Pelipper,Base,Water,Flying,430,60,50,100,85,70,65,3,False,430,True,67.5,85.0,76.66666666666667,65,85,100,0.3382352941176471,0.3176470588235294,0.39024390243902446,0.34285714285714286,0.3444143267062923,Balanced,Pelipper,"('Flying', 'Water')",1.451874999999997,1.0349531106083263,0.3937499999999994,0.00875,0.08896210873146623,0.29983525535420097,0.05518945634266886,0.9662273476112028,0.7721518987341776,0.4929144752474112,0.5118019359642593,0.4059032362969559,0.42958246570930575
280,Ralts,Ralts,Base,Psychic,Fairy,198,28,25,25,45,35,40,3,False,198,True,35.0,30.0,29.333333333333332,40,45,35,0.14705882352941177,0.058823529411764705,0.04390243902439025,0.2,0.11495695839311335,Balanced,Ralts,"('Fairy', 'Psychic')",1.2287499999999962,0.9820020212803635,0.2375000000000001,0.05750000000000001,0.12932454695222403,0.11779242174629324,0.04118616144975288,1.01832784184514,0.47088607594936577,0.42232481846715014,0.2765897244973934,0.20049377243707528,0.21802756528904693
281,Kirlia,Kirlia,Base,Psychic,Fairy,278,38,35,35,65,55,50,3,False,278,True,50.0,45.0,42.666666666666664,50,65,55,0.23529411764705882,0.12941176470588237,0.14146341463414636,0.2571428571428571,0.19442713670834189,Balanced,Kirlia,"('Fairy', 'Psychic')",1.2287499999999962,0.9820020212803635,0.2375000000000001,0.05750000000000001,0.12932454695222403,0.11779242174629324,0.04118616144975288,1.01832784184514,0.47088607594936577,0.42232481846715014,0.3295309009679816,0.2495898986924555,0.2744248290726091
282,Gardevoir,Gardevoir,Base,Psychic,Fairy,518,68,65,65,125,115,80,3,False,518,True,95.0,90.0,82.66666666666667,80,125,115,0.5,0.3411764705882353,0.43414634146341474,0.42857142857142855,0.4328376716540274,Heavy hitter,Gardevoir,"('Fairy', 'Psychic')",1.2287499999999962,0.9820020212803635,0.2375000000000001,0.05750000000000001,0.12932454695222403,0.11779242174629324,0.04118616144975288,1.01832784184514,0.47088607594936577,0.42232481846715014,0.4883544303797463,0.3968782774585961,0.44361662042329575
282,GardevoirMega Gardevoir,Gardevoir,Mega Gardevoir,Psychic,Fairy,618,68,85,65,165,135,100,3,False,618,True,125.0,100.0,89.33333333333333,100,165,135,0.6764705882352942,0.38823529411764707,0.4829268292682927,0.5428571428571428,0.5389803238368518,DPS,Gardevoir (Mega Gardevoir),"('Fairy', 'Psychic')",1.2287499999999962,0.9820020212803635,0.2375000000000001,0.05750000000000001,0.12932454695222403,0.11779242174629324,0.04118616144975288,1.01832784184514,0.47088607594936577,0.42232481846715014,0.5942367833209228,0.4255439876451097,0.5276335296260012
283,Surskit,Surskit,Base,Bug,Water,269,40,30,32,50,52,65,3,False,269,True,40.0,42.0,41.333333333333336,65,50,52,0.17647058823529413,0.11529411764705882,0.13170731707317077,0.34285714285714286,0.18550112728018037,Balanced,Surskit,"('Bug', 'Water')",1.3787499999999964,0.966175884462445,0.3412499999999996,0.04000000000000001,0.17215815485996702,0.27429983525535423,0.0,1.0350082372322902,0.6734177215189867,0.4012268282215677,0.37524944154877116,0.23377050173339037,0.29948466766012405
284,Masquerain,Masquerain,Base,Bug,Flying,414,70,60,62,80,82,60,3,False,414,True,70.0,72.0,71.33333333333333,60,80,82,0.35294117647058826,0.2564705882352941,0.351219512195122,0.3142857142857143,0.3207481041196967,Balanced,Masquerain,"('Bug', 'Flying')",1.3637499999999967,0.8507358086665777,0.3412499999999996,0.05500000000000002,0.25617792421746294,0.18121911037891267,0.05518945634266886,1.1754530477759475,0.653164556962025,0.2473324431854836,0.473030528667163,0.2765025612053269,0.3674180525892749
285,Shroomish,Shroomish,Base,Grass,None,295,60,40,60,40,60,35,3,False,295,True,40.0,60.0,60.0,35,40,60,0.17647058823529413,0.2,0.26829268292682934,0.17142857142857143,0.19970895675343311,Balanced,Shroomish,"('Grass',)",1.0306249999999983,0.8784370469852222,0.20000000000000007,0.42874999999999935,0.27759472817133446,0.2784184514003295,0.0,1.13838550247117,0.20337552742616116,0.28426125674000846,0.18723256391164095,0.25077767342771073,0.20579695682027027
286,Breloom,Breloom,Base,Grass,Fighting,460,60,130,80,60,60,70,3,False,460,True,95.0,70.0,66.66666666666667,70,130,80,0.5,0.24705882352941178,0.31707317073170743,0.37142857142857144,0.3744650543144087,Heavy hitter,Breloom,"('Fighting', 'Grass')",1.3756249999999983,0.7647244088640155,0.3812499999999995,0.20750000000000007,0.32537067545304776,0.3682042833607908,0.0,1.307660626029654,0.6691983122362889,0.13266973712390326,0.5676793248945156,0.2188067757677823,0.40459780654958793
287,Slakoth,Slakoth,Base,Normal,None,280,60,60,60,35,35,30,3,False,280,True,47.5,47.5,51.666666666666664,30,60,60,0.22058823529411764,0.1411764705882353,0.20731707317073172,0.14285714285714285,0.18253484320557492,Balanced,Slakoth,"('Normal',)",0.8799999999999981,0.9942669932784275,0.0,0.1787500000000001,0.04365733113673806,0.0,0.03789126853377265,1.0057660626029652,0.0,0.4386753822563193,0.1323529411764706,0.276711185901093,0.1847633301503238
288,Vigoroth,Vigoroth,Base,Normal,None,440,80,80,80,55,55,90,3,False,440,True,67.5,67.5,71.66666666666667,90,80,80,0.3382352941176471,0.23529411764705882,0.35365853658536595,0.4857142857142857,0.3450804468128715,Balanced,Vigoroth,"('Normal',)",0.8799999999999981,0.9942669932784275,0.0,0.1787500000000001,0.04365733113673806,0.0,0.03789126853377265,1.0057660626029652,0.0,0.4386753822563193,0.20294117647058824,0.3462377282253398,0.3096669989349108
289,Slaking,Slaking,Base,Normal,None,670,150,160,100,95,65,100,3,False,670,True,127.5,82.5,105.0,100,160,100,0.6911764705882353,0.3058823529411765,0.5975609756097562,0.5428571428571428,0.5464659766345562,DPS,Slaking,"('Normal',)",0.8799999999999981,0.9942669932784275,0.0,0.1787500000000001,0.04365733113673806,0.0,0.03789126853377265,1.0057660626029652,0.0,0.4386753822563193,0.41470588235294115,0.4319192203343786,0.4588565869652449
290,Nincada,Nincada,Base,Bug,Ground,266,31,45,90,30,30,40,3,False,266,True,37.5,60.0,50.333333333333336,40,45,90,0.16176470588235295,0.2,0.19756097560975613,0.2,0.18612984218077477,Balanced,Nincada,"('Bug', 'Ground')",1.4190624999999963,0.8659058480376534,0.42624999999999924,0.11000000000000004,0.271004942339374,0.14991762767710048,0.04118616144975288,1.154859967051071,0.7278481012658222,0.26755578299091753,0.38819806403574064,0.22641255709880603,0.2811224690710543
291,Ninjask,Ninjask,Base,Bug,Flying,456,61,90,45,50,50,160,3,False,456,True,70.0,47.5,52.0,160,90,50,0.35294117647058826,0.1411764705882353,0.20975609756097563,0.8857142857142857,0.377917606066817,Fast,Ninjask,"('Bug', 'Flying')",1.3637499999999967,0.8507358086665777,0.3412499999999996,0.05500000000000002,0.25617792421746294,0.18121911037891267,0.05518945634266886,1.1754530477759475,0.653164556962025,0.2473324431854836,0.473030528667163,0.2007837663703197,0.4389921251451265
292,Shedinja,Shedinja,Base,Bug,Ghost,236,1,90,45,30,30,40,3,False,236,True,60.0,37.5,25.333333333333332,40,90,45,0.29411764705882354,0.09411764705882353,0.014634146341463415,0.2,0.1693974175035868,Balanced,Shedinja,"('Bug', 'Ghost')",1.2706249999999957,0.9861900883856745,0.26624999999999993,0.04125,0.2635914332784185,0.24382207578253706,0.12767710049423395,1.0140032948929159,0.5274261603375509,0.4279079749855276,0.38744105237031445,0.20776290305016512,0.27271490448871333
293,Whismur,Whismur,Base,Normal,None,240,64,51,23,51,23,28,3,False,240,True,51.0,23.0,36.666666666666664,28,51,23,0.2411764705882353,0.02588235294117647,0.0975609756097561,0.13142857142857142,0.13668026234884198,Balanced,Whismur,"('Normal',)",0.8799999999999981,0.9942669932784275,0.0,0.1787500000000001,0.04365733113673806,0.0,0.03789126853377265,1.0057660626029652,0.0,0.4386753822563193,0.14470588235294118,0.20891922033437854,0.16077444410810204
294,Loudred,Loudred,Base,Normal,None,360,84,71,43,71,43,48,3,False,360,True,71.0,43.0,56.666666666666664,48,71,43,0.3588235294117647,0.12,0.24390243902439024,0.24571428571428572,0.25351158024185283,Balanced,Loudred,"('Normal',)",0.8799999999999981,0.9942669932784275,0.0,0.1787500000000001,0.04365733113673806,0.0,0.03789126853377265,1.0057660626029652,0.0,0.4386753822563193,0.21529411764705883,0.2784457626586253,0.24453525574983193
295,Exploud,Exploud,Base,Normal,None,490,104,91,63,91,73,68,3,False,490,True,91.0,68.0,80.0,68,91,73,0.4764705882352941,0.2376470588235294,0.4146341463414635,0.36,0.38110329985652797,Balanced,Exploud,"('Normal',)",0.8799999999999981,0.9942669932784275,0.0,0.1787500000000001,0.04365733113673806,0.0,0.03789126853377265,1.0057660626029652,0.0,0.4386753822563193,0.2858823529411764,0.3623051600761289,0.3342099841777884
296,Makuhita,Makuhita,Base,Fighting,None,237,72,60,30,20,30,25,3,False,237,True,40.0,30.0,44.0,25,60,30,0.17647058823529413,0.058823529411764705,0.15121951219512197,0.11428571428571428,0.12957163353146137,Balanced,Makuhita,"('Fighting',)",1.064374999999999,0.8962716861660586,0.2475000000000001,0.35124999999999973,0.19028006589785829,0.14909390444810544,0.0,1.1157331136738053,0.24894514767932668,0.30803680271183054,0.20546041201290716,0.18160783442763034,0.1732451173060283
297,Hariyama,Hariyama,Base,Fighting,None,474,144,120,60,40,60,50,3,False,474,True,80.0,60.0,88.0,50,120,60,0.4117647058823529,0.2,0.47317073170731716,0.2571428571428571,0.3401803648288584,Heavy hitter,Hariyama,"('Fighting',)",1.064374999999999,0.8962716861660586,0.2475000000000001,0.35124999999999973,0.19028006589785829,0.14909390444810544,0.0,1.1157331136738053,0.24894514767932668,0.30803680271183054,0.34663688260114245,0.3115074040115615,0.3217054575396828
298,Azurill,Azurill,Base,Normal,Fairy,190,50,20,40,20,40,20,3,False,190,True,20.0,40.0,43.333333333333336,20,20,40,0.058823529411764705,0.10588235294117647,0.1463414634146342,0.08571428571428572,0.09346997335519575,Balanced,Azurill,"('Fairy', 'Normal')",1.138124999999997,1.0398286927089062,0.15500000000000008,0.06375000000000001,0.09143327841845139,0.1013179571663921,0.07907742998352553,0.9616968698517299,0.3485232067510542,0.49941416527177057,0.1747034003474805,0.27340985549177854,0.178781955646948
299,Nosepass,Nosepass,Base,Rock,None,375,30,45,135,45,90,30,3,False,375,True,45.0,112.5,85.0,30,45,135,0.20588235294117646,0.4470588235294118,0.451219512195122,0.14285714285714285,0.3026388604222177,Balanced,Nosepass,"('Rock',)",1.2499999999999976,0.8433483841446162,0.27374999999999994,0.1637500000000001,0.32125205930807244,0.271004942339374,0.0,1.1857495881383855,0.4995780590717305,0.2374841894835534,0.3233606353933981,0.364269142077496,0.30544939727251214
300,Skitty,Skitty,Base,Normal,None,260,50,45,45,35,35,50,3,False,260,True,40.0,40.0,43.333333333333336,50,45,45,0.17647058823529413,0.10588235294117647,0.1463414634146342,0.2571428571428571,0.16893215822914534,Balanced,Skitty,"('Normal',)",0.8799999999999981,0.9942669932784275,0.0,0.1787500000000001,0.04365733113673806,0.0,0.03789126853377265,1.0057660626029652,0.0,0.4386753822563193,0.10588235294117647,0.24911434228559803,0.18099849616795036
301,Delcatty,Delcatty,Base,Normal,None,380,70,65,65,55,55,70,3,False,380,True,60.0,60.0,63.333333333333336,70,65,65,0.29411764705882354,0.2,0.29268292682926833,0.37142857142857144,0.2857634761221562,Balanced,Delcatty,"('Normal',)",0.8799999999999981,0.9942669932784275,0.0,0.1787500000000001,0.04365733113673806,0.0,0.03789126853377265,1.0057660626029652,0.0,0.4386753822563193,0.17647058823529413,0.31864088460984485,0.26475930780968027
302,Sableye,Sableye,Base,Dark,Ghost,380,50,75,75,65,65,50,3,False,380,True,70.0,70.0,63.333333333333336,50,75,75,0.35294117647058826,0.24705882352941178,0.29268292682926833,0.2571428571428571,0.2952592744414839,Balanced,Sableye,"('Dark', 'Ghost')",1.1312499999999972,1.2413087919151853,0.16125000000000006,0.06500000000000003,0.032948929159802305,0.051070840197693576,0.20181219110378915,0.8056013179571664,0.33924050632911357,0.768009414803559,0.34746090841399835,0.46684508586403484,0.361898208862461
302,SableyeMega Sableye,Sableye,Mega Sableye,Dark,Ghost,480,50,85,125,85,115,20,3,False,480,True,85.0,120.0,96.66666666666667,20,85,125,0.4411764705882353,0.4823529411764706,0.5365853658536587,0.08571428571428572,0.39945993031358884,Balanced,Sableye (Mega Sableye),"('Dark', 'Ghost')",1.1312499999999972,1.2413087919151853,0.16125000000000006,0.06500000000000003,0.032948929159802305,0.051070840197693576,0.20181219110378915,0.8056013179571664,0.33924050632911357,0.768009414803559,0.4004020848845866,0.610173636796603,0.4159890573969967
303,Mawile,Mawile,Base,Steel,Fairy,380,50,85,85,55,55,50,3,False,380,True,70.0,70.0,63.333333333333336,50,85,85,0.35294117647058826,0.24705882352941178,0.29268292682926833,0.2571428571428571,0.2952592744414839,Balanced,Mawile,"('Fairy', 'Steel')",1.239687499999996,1.3617498579325134,0.26749999999999996,0.11000000000000004,0.10790774299835255,0.5329489291598023,0.09225700164744646,0.734349258649094,0.485654008438817,0.9285706727552856,0.40602630925787975,0.5310695890447255,0.40459172015422074
303,MawileMega Mawile,Mawile,Mega Mawile,Steel,Fairy,480,50,105,125,55,95,50,3,False,480,True,80.0,110.0,90.0,50,105,125,0.4117647058823529,0.43529411764705883,0.48780487804878053,0.2571428571428571,0.4019307235089158,Balanced,Mawile (Mega Mawile),"('Fairy', 'Steel')",1.239687499999996,1.3617498579325134,0.26749999999999996,0.11000000000000004,0.10790774299835255,0.5329489291598023,0.09225700164744646,0.734349258649094,0.485654008438817,0.9285706727552856,0.44132042690493856,0.6457324297907799,0.46910893679697535
304,Aron,Aron,Base,Steel,Rock,330,50,70,100,40,40,30,3,False,330,True,55.0,70.0,63.333333333333336,30,70,100,0.2647058823529412,0.24705882352941178,0.29268292682926833,0.14285714285714285,0.2415197786431646,Balanced,Aron,"('Rock', 'Steel')",1.3956249999999963,0.9254812265115042,0.3512499999999997,0.05625000000000002,0.2026359143327842,0.4538714991762768,0.051070840197693576,1.080518945634267,0.696202531645569,0.3469763496383059,0.4373045420699923,0.29843185979793363,0.3221079129924231
305,Lairon,Lairon,Base,Steel,Rock,430,60,90,140,50,50,40,3,False,430,True,70.0,95.0,83.33333333333333,40,90,140,0.35294117647058826,0.36470588235294116,0.4390243902439025,0.2,0.3425107604017217,Balanced,Lairon,"('Rock', 'Steel')",1.3956249999999963,0.9254812265115042,0.3512499999999997,0.05625000000000002,0.2026359143327842,0.4538714991762768,0.051070840197693576,1.080518945634267,0.696202531645569,0.3469763496383059,0.4902457185405805,0.3761936962398274,0.39033301034843865
306,Aggron,Aggron,Base,Steel,Rock,530,70,110,180,60,60,50,3,False,530,True,85.0,120.0,103.33333333333333,50,110,180,0.4411764705882353,0.4823529411764706,0.5853658536585367,0.2571428571428571,0.44350174216027877,Heavy hitter,Aggron,"('Rock', 'Steel')",1.3956249999999963,0.9254812265115042,0.3512499999999997,0.05625000000000002,0.2026359143327842,0.4538714991762768,0.051070840197693576,1.080518945634267,0.696202531645569,0.3469763496383059,0.5431868950111688,0.4539555326817213,0.45855810770445427
306,AggronMega Aggron,Aggron,Mega Aggron,Steel,None,630,70,140,230,60,80,50,3,False,630,True,100.0,155.0,126.66666666666667,50,140,230,0.5294117647058824,0.6470588235294118,0.7560975609756099,0.2571428571428571,0.5497069071531051,Heavy hitter,Aggron (Mega Aggron),"('Steel',)",0.9799999999999983,1.2281234178139182,0.12625000000000006,0.3112499999999997,0.15156507413509063,0.5724876441515651,0.051070840197693576,0.8142504118616145,0.13502109704641413,0.7504318532436258,0.37165549764209505,0.715667719776647,0.4843899796342265
307,Meditite,Meditite,Base,Fighting,Psychic,280,30,40,55,40,55,60,3,False,280,True,40.0,55.0,46.666666666666664,60,40,55,0.17647058823529413,0.17647058823529413,0.17073170731707318,0.3142857142857143,0.20288583726173398,Balanced,Meditite,"('Fighting', 'Psychic')",1.357499999999997,0.9022668144962083,0.36624999999999946,0.09375000000000003,0.15403624382207576,0.0914332784184514,0.0,1.1083196046128498,0.6447257383966247,0.31602897164640625,0.36377264829982636,0.23085922137018375,0.2923425584631029
308,Medicham,Medicham,Base,Fighting,Psychic,410,60,60,75,60,75,80,3,False,410,True,60.0,75.0,70.0,80,60,75,0.29411764705882354,0.27058823529411763,0.3414634146341464,0.42857142857142855,0.32459520393523267,Balanced,Medicham,"('Fighting', 'Psychic')",1.357499999999997,0.9022668144962083,0.36624999999999946,0.09375000000000003,0.15403624382207576,0.0914332784184514,0.0,1.1083196046128498,0.6447257383966247,0.31602897164640625,0.434360883593944,0.30648332467004025,0.37866434571458885
308,MedichamMega Medicham,Medicham,Mega Medicham,Fighting,Psychic,510,60,100,85,80,85,100,3,False,510,True,90.0,85.0,76.66666666666667,100,100,85,0.47058823529411764,0.3176470588235294,0.39024390243902446,0.5428571428571428,0.4307378561180569,DPS,Medicham (Mega Medicham),"('Fighting', 'Psychic')",1.357499999999997,0.9022668144962083,0.36624999999999946,0.09375000000000003,0.15403624382207576,0.0914332784184514,0.0,1.1083196046128498,0.6447257383966247,0.31602897164640625,0.5402432365351204,0.3351490348565539,0.4626812549172943
309,Electrike,Electrike,Base,Electric,None,295,40,45,40,65,40,65,3,False,295,True,55.0,40.0,40.0,65,65,40,0.2647058823529412,0.10588235294117647,0.12195121951219513,0.34285714285714286,0.2120793195326911,Balanced,Electrike,"('Electric',)",1.0599999999999987,1.0279424206198797,0.2250000000000001,0.2787499999999998,0.05518945634266886,0.16474464579901152,0.0,0.972817133443163,0.24303797468354574,0.48356845033351176,0.256038719285183,0.2609740085408653,0.2639481596348079
310,Manectric,Manectric,Base,Electric,None,475,70,75,60,105,60,105,3,False,475,True,90.0,60.0,63.333333333333336,105,105,60,0.47058823529411764,0.2,0.29268292682926833,0.5714285714285714,0.3875281820045091,DPS,Manectric,"('Electric',)",1.0599999999999987,1.0279424206198797,0.2250000000000001,0.2787499999999998,0.05518945634266886,0.16474464579901152,0.0,0.972817133443163,0.24303797468354574,0.48356845033351176,0.3795681310498889,0.3365981118407218,0.39665019898713416
310,ManectricMega Manectric,Manectric,Mega Manectric,Electric,None,575,70,75,80,135,80,135,3,False,575,True,105.0,80.0,76.66666666666667,135,135,80,0.5588235294117647,0.29411764705882354,0.39024390243902446,0.7428571428571429,0.495737856118057,DPS,Manectric (Mega Manectric),"('Electric',)",1.0599999999999987,1.0279424206198797,0.2250000000000001,0.2787499999999998,0.05518945634266886,0.16474464579901152,0.0,0.972817133443163,0.24303797468354574,0.48356845033351176,0.4325093075204771,0.39392953221374905,0.47697183251859554
311,Plusle,Plusle,Base,Electric,None,405,60,50,40,85,75,95,3,False,405,True,67.5,57.5,58.333333333333336,95,85,75,0.3382352941176471,0.18823529411764706,0.25609756097560976,0.5142857142857142,0.31951783152285307,Balanced,Plusle,"('Electric',)",1.0599999999999987,1.0279424206198797,0.2250000000000001,0.2787499999999998,0.05518945634266886,0.16474464579901152,0.0,0.972817133443163,0.24303797468354574,0.48356845033351176,0.30015636634400655,0.3233341233184836,0.3421333154044328
312,Minun,Minun,Base,Electric,None,405,60,40,50,75,85,95,3,False,405,True,57.5,67.5,65.0,95,75,85,0.27941176470588236,0.23529411764705882,0.30487804878048785,0.5142857142857142,0.32045039967206396,Balanced,Minun,"('Electric',)",1.0599999999999987,1.0279424206198797,0.2250000000000001,0.2787499999999998,0.05518945634266886,0.16474464579901152,0.0,0.972817133443163,0.24303797468354574,0.48356845033351176,0.2648622486969477,0.35199983350499725,0.33675526662394495
313,Volbeat,Volbeat,Base,Bug,None,400,65,73,55,47,75,85,3,False,400,True,60.0,65.0,65.0,85,73,75,0.29411764705882354,0.2235294117647059,0.30487804878048785,0.45714285714285713,0.31122771059643367,Balanced,Volbeat,"('Bug',)",1.006874999999999,0.9131252342169732,0.17750000000000005,0.35999999999999954,0.18369028006589788,0.1771004942339374,0.0,1.0951400329489291,0.17130801687763886,0.3305044457299968,0.24499379498634966,0.28665658460476773,0.2992500785368638
314,Illumise,Illumise,Base,Bug,None,400,65,47,55,73,75,85,3,False,400,True,60.0,65.0,65.0,85,73,75,0.29411764705882354,0.2235294117647059,0.30487804878048785,0.45714285714285713,0.31122771059643367,Balanced,Illumise,"('Bug',)",1.006874999999999,0.9131252342169732,0.17750000000000005,0.35999999999999954,0.18369028006589788,0.1771004942339374,0.0,1.0951400329489291,0.17130801687763886,0.3305044457299968,0.24499379498634966,0.28665658460476773,0.2992500785368638
315,Roselia,Roselia,Base,Grass,Poison,400,50,60,45,100,80,65,3,False,400,True,80.0,62.5,58.333333333333336,65,100,80,0.4117647058823529,0.21176470588235294,0.25609756097560976,0.34285714285714286,0.3168497642959623,Balanced,Roselia,"('Grass', 'Poison')",1.3374999999999972,0.9329490865455523,0.31874999999999964,0.11000000000000004,0.24135090609555185,0.29983525535420097,0.0,1.0718698517298186,0.6177215189873422,0.35693183277145646,0.49414743112434867,0.2809147704113085,0.3808894396460978
316,Gulpin,Gulpin,Base,Poison,None,302,70,43,53,43,53,40,3,False,302,True,43.0,53.0,58.666666666666664,40,43,53,0.19411764705882353,0.16705882352941176,0.25853658536585367,0.2,0.2014131994261119,Balanced,Gulpin,"('Poison',)",0.9521874999999977,1.0033057841173445,0.12125000000000005,0.2762499999999998,0.12932454695222406,0.2652388797364086,0.0,0.9967051070840197,0.09746835443037949,0.4507250898473353,0.1554579300074459,0.30339477051569164,0.21341358307160263
317,Swalot,Swalot,Base,Poison,None,467,100,73,83,73,83,55,3,False,467,True,73.0,83.0,88.66666666666667,55,73,83,0.37058823529411766,0.30823529411764705,0.47804878048780497,0.2857142857142857,0.3595173191227711,Balanced,Swalot,"('Poison',)",0.9521874999999977,1.0033057841173445,0.12125000000000005,0.2762499999999998,0.12932454695222406,0.2652388797364086,0.0,0.9967051070840197,0.09746835443037949,0.4507250898473353,0.2613402829486224,0.4076845840020618,0.32362622910562605
318,Carvanha,Carvanha,Base,Water,Dark,305,45,90,20,65,20,65,3,False,305,True,77.5,20.0,28.333333333333332,65,90,20,0.39705882352941174,0.011764705882352941,0.03658536585365854,0.34285714285714286,0.21780026644804262,Balanced,Carvanha,"('Dark', 'Water')",1.329374999999996,0.973536486622395,0.3062499999999998,0.028749999999999998,0.25535420098846784,0.30807248764415157,0.07413509060955518,1.027182866556837,0.6067510548523194,0.41103932474923666,0.4809357160585748,0.17767971842193284,0.3297768133457876
319,Sharpedo,Sharpedo,Base,Water,Dark,460,70,120,40,95,40,95,3,False,460,True,107.5,40.0,50.0,95,120,40,0.5735294117647058,0.10588235294117647,0.19512195121951223,0.5142857142857142,0.3690874154539865,Heavy hitter,Sharpedo,"('Dark', 'Water')",1.329374999999996,0.973536486622395,0.3062499999999998,0.028749999999999998,0.25535420098846784,0.30807248764415157,0.07413509060955518,1.027182866556837,0.6067510548523194,0.41103932474923666,0.5868180689997513,0.25025504123398445,0.44230970943105097
319,SharpedoMega Sharpedo,Sharpedo,Mega Sharpedo,Water,Dark,560,70,140,70,110,65,105,3,False,560,True,125.0,67.5,68.33333333333333,105,140,70,0.6764705882352942,0.23529411764705882,0.32926829268292684,0.5714285714285714,0.4757276081164173,DPS,Sharpedo (Mega Sharpedo),"('Dark', 'Water')",1.329374999999996,0.973536486622395,0.3062499999999998,0.028749999999999998,0.25535420098846784,0.30807248764415157,0.07413509060955518,1.027182866556837,0.6067510548523194,0.41103932474923666,0.6485827748821043,0.32908574424689696,0.5152322601586591
320,Wailmer,Wailmer,Base,Water,None,400,130,70,35,70,35,60,3,False,400,True,70.0,35.0,66.66666666666667,60,70,35,0.35294117647058826,0.08235294117647059,0.31707317073170743,0.3142857142857143,0.2703894240623079,Balanced,Wailmer,"('Water',)",1.0643749999999983,0.9946743128164401,0.17500000000000007,0.2874999999999998,0.11943986820428334,0.22817133443163096,0.0,1.005354200988468,0.24894514767932577,0.4392183842370741,0.31134276495408325,0.2837791757895212,0.297372129470693
321,Wailord,Wailord,Base,Water,None,500,170,90,45,90,45,60,3,False,500,True,90.0,45.0,86.66666666666667,60,90,45,0.47058823529411764,0.12941176470588237,0.46341463414634154,0.3142857142857143,0.35259889321582294,Balanced,Wailord,"('Water',)",1.0643749999999983,0.9946743128164401,0.17500000000000007,0.2874999999999998,0.11943986820428334,0.22817133443163096,0.0,1.005354200988468,0.24894514767932577,0.4392183842370741,0.3819310002482009,0.33683512987847386,0.35385563018805316
322,Numel,Numel,Base,Fire,Ground,305,60,60,40,65,45,35,3,False,305,True,62.5,42.5,48.333333333333336,35,65,45,0.3088235294117647,0.11764705882352941,0.18292682926829273,0.17142857142857143,0.20837108013937283,Balanced,Numel,"('Fire', 'Ground')",1.5268749999999958,0.8283862156222035,0.4674999999999991,0.03125,0.15897858319604613,0.23640856672158153,0.04118616144975288,1.2071663920922568,0.8734177215189864,0.21753796450329058,0.5346612062546534,0.1739233637066247,0.32301143934904036
323,Camerupt,Camerupt,Base,Fire,Ground,460,70,100,70,105,75,40,3,False,460,True,102.5,72.5,71.66666666666667,40,105,75,0.5441176470588235,0.25882352941176473,0.35365853658536595,0.2,0.36587876614060255,Balanced,Camerupt,"('Fire', 'Ground')",1.5268749999999958,0.8283862156222035,0.4674999999999991,0.03125,0.15897858319604613,0.23640856672158153,0.04118616144975288,1.2071663920922568,0.8734177215189864,0.21753796450329058,0.6758376768428886,0.26601805524177535,0.4350223022307785
323,CameruptMega Camerupt,Camerupt,Mega Camerupt,Fire,Ground,560,70,120,100,145,105,20,3,False,560,True,132.5,102.5,91.66666666666667,20,145,105,0.7205882352941176,0.4,0.5000000000000001,0.08571428571428572,0.4693487394957983,Heavy hitter,Camerupt (Mega Camerupt),"('Fire', 'Ground')",1.5268749999999958,0.8283862156222035,0.4674999999999991,0.03125,0.15897858319604613,0.23640856672158153,0.04118616144975288,1.2071663920922568,0.8734177215189864,0.21753796450329058,0.7817200297840652,0.35201518580131624,0.5015520214355336
324,Torkoal,Torkoal,Base,Fire,None,470,70,85,140,85,70,20,3,False,470,True,85.0,105.0,93.33333333333333,20,85,140,0.4411764705882353,0.4117647058823529,0.5121951219512195,0.08571428571428572,0.37693482270957157,Balanced,Torkoal,"('Fire',)",1.1381249999999974,0.9440124407884671,0.25250000000000006,0.3074999999999998,0.2067545304777595,0.29489291598023065,0.0,1.0593080724876442,0.34852320675105475,0.371680507232312,0.4041151650533631,0.42083863043955316,0.35729502141678976
325,Spoink,Spoink,Base,Psychic,None,330,60,25,35,70,80,60,3,False,330,True,47.5,57.5,58.333333333333336,60,70,80,0.22058823529411764,0.18823529411764706,0.25609756097560976,0.3142857142857143,0.23834136093461775,Balanced,Spoink,"('Psychic',)",0.9878124999999977,0.9256576430623346,0.12250000000000003,0.21125000000000013,0.13920922570016475,0.11779242174629324,0.0,1.080313014827018,0.1455696202531643,0.3472115324066214,0.1905807892777363,0.2687913561477274,0.23976378383846259
326,Grumpig,Grumpig,Base,Psychic,None,470,80,45,65,90,110,80,3,False,470,True,67.5,87.5,85.0,80,90,110,0.3382352941176471,0.32941176470588235,0.451219512195122,0.42857142857142855,0.3766934822709572,Balanced,Grumpig,"('Psychic',)",0.9878124999999977,0.9256576430623346,0.12250000000000003,0.21125000000000013,0.13920922570016475,0.11779242174629324,0.0,1.080313014827018,0.1455696202531643,0.3472115324066214,0.261169024571854,0.3669836086584879,0.33535242905264584
327,Spinda,Spinda,Base,Normal,None,360,60,60,60,60,60,60,3,False,360,True,60.0,60.0,60.0,60,60,60,0.29411764705882354,0.2,0.26829268292682934,0.3142857142857143,0.269456855913097,Balanced,Spinda,"('Normal',)",0.8799999999999981,0.9942669932784275,0.0,0.1787500000000001,0.04365733113673806,0.0,0.03789126853377265,1.0057660626029652,0.0,0.4386753822563193,0.17647058823529413,0.3125433236342351,0.2519126179142099
328,Trapinch,Trapinch,Base,Ground,None,290,45,100,45,45,45,10,3,False,290,True,72.5,45.0,45.0,10,100,45,0.36764705882352944,0.12941176470588237,0.1585365853658537,0.02857142857142857,0.19845101455216235,Balanced,Trapinch,"('Ground',)",1.0974999999999973,0.8906823176219454,0.25375000000000003,0.2425000000000001,0.21334431630971992,0.09884678747940692,0.04118616144975288,1.1227347611202636,0.29367088607594893,0.30058555643616647,0.33805658972449726,0.20516248656298883,0.23082474832723418
329,Vibrava,Vibrava,Base,Ground,Dragon,340,50,70,50,50,50,70,3,False,340,True,60.0,50.0,50.0,70,70,50,0.29411764705882354,0.15294117647058825,0.19512195121951223,0.37142857142857144,0.254486575117852,Balanced,Vibrava,"('Dragon', 'Ground')",1.3306249999999953,0.9514106574020275,0.30499999999999977,0.00625,0.10543657331136738,0.15156507413509063,0.04118616144975288,1.0510708401976938,0.6084388185653986,0.38154314798560546,0.4198461156614536,0.2549271587638261,0.3383038658756928
330,Flygon,Flygon,Base,Ground,Dragon,520,80,100,80,80,80,100,3,False,520,True,90.0,80.0,80.0,100,100,80,0.47058823529411764,0.29411764705882354,0.4146341463414635,0.5428571428571428,0.4297335519573683,DPS,Flygon,"('Dragon', 'Ground')",1.3306249999999953,0.9514106574020275,0.30499999999999977,0.00625,0.10543657331136738,0.15156507413509063,0.04118616144975288,1.0510708401976938,0.6084388185653986,0.38154314798560546,0.52572846860263,0.3592169722501963,0.46394508333828754
331,Cacnea,Cacnea,Base,Grass,None,335,50,85,40,85,40,35,3,False,335,True,85.0,40.0,43.333333333333336,35,85,40,0.4411764705882353,0.10588235294117647,0.1463414634146342,0.17142857142857143,0.24443635990981757,Balanced,Cacnea,"('Grass',)",1.0306249999999983,0.8784370469852222,0.20000000000000007,0.42874999999999935,0.27759472817133446,0.2784184514003295,0.0,1.13838550247117,0.20337552742616116,0.28426125674000846,0.34605609332340564,0.1873486920790737,0.25700678465384275
332,Cacturne,Cacturne,Base,Grass,Dark,475,70,115,60,115,60,55,3,False,475,True,115.0,60.0,63.333333333333336,55,115,60,0.6176470588235294,0.2,0.29268292682926833,0.2857142857142857,0.3818559130969461,Heavy hitter,Cacturne,"('Dark', 'Grass')",1.3768749999999976,0.8199932448527714,0.32999999999999974,0.05625000000000002,0.35420098846787484,0.3583196046128501,0.07413509060955518,1.219522240527183,0.6708860759493681,0.20634920647205382,0.6389426656738649,0.22571041429613864,0.4234257203800723
333,Swablu,Swablu,Base,Normal,Flying,310,45,40,60,40,75,50,3,False,310,True,40.0,67.5,60.0,50,40,75,0.17647058823529413,0.23529411764705882,0.26829268292682934,0.2571428571428571,0.22567534330805494,Balanced,Swablu,"('Flying', 'Normal')",1.2068749999999977,1.0434035227617604,0.2325000000000001,0.10250000000000004,0.12026359143327842,0.1375617792421746,0.0930807248764415,0.9584019769357496,0.44135021097046473,0.5041798089947124,0.2824224373293624,0.3510980355060629,0.2907211156512006
334,Altaria,Altaria,Base,Dragon,Flying,490,75,70,90,70,105,80,3,False,490,True,70.0,97.5,90.0,80,70,105,0.35294117647058826,0.3764705882352941,0.48780487804878053,0.42857142857142855,0.40092232014757123,Balanced,Altaria,"('Dragon', 'Flying')",1.2937499999999964,1.028595635459678,0.29124999999999995,0.05000000000000002,0.15321252059308071,0.33772652388797364,0.05518945634266886,0.9721993410214168,0.558649789029535,0.484439257939745,0.43522462149416696,0.4474916285704461,0.4327613994766506
334,AltariaMega Altaria,Altaria,Mega Altaria,Dragon,Fairy,590,75,110,110,110,105,80,3,False,590,True,110.0,107.5,96.66666666666667,80,110,110,0.5882352941176471,0.4235294117647059,0.5365853658536587,0.42857142857142855,0.5047960647673704,Heavy hitter,Altaria (Mega Altaria),"('Dragon', 'Fairy')",1.146874999999997,1.1061503404620807,0.15875000000000009,0.053750000000000006,0.15568369028006587,0.4209225700164745,0.04118616144975288,0.9040362438220757,0.3603375527426154,0.5878282547912784,0.49707619756763444,0.5175129374975731,0.49408948427714555
335,Zangoose,Zangoose,Base,Normal,None,458,73,115,60,60,60,90,3,False,458,True,87.5,60.0,64.33333333333333,90,115,60,0.45588235294117646,0.2,0.30000000000000004,0.4857142857142857,0.3667016806722689,Heavy hitter,Zangoose,"('Normal',)",0.8799999999999981,0.9942669932784275,0.0,0.1787500000000001,0.04365733113673806,0.0,0.03789126853377265,1.0057660626029652,0.0,0.4386753822563193,0.27352941176470585,0.3204701529025278,0.3334152055346239
336,Seviper,Seviper,Base,Poison,None,458,73,100,60,100,60,65,3,False,458,True,100.0,60.0,64.33333333333333,65,100,60,0.5294117647058824,0.2,0.30000000000000004,0.34285714285714286,0.3638655462184874,Balanced,Seviper,"('Poison',)",0.9521874999999977,1.0033057841173445,0.12125000000000005,0.2762499999999998,0.12932454695222406,0.2652388797364086,0.0,0.9967051070840197,0.09746835443037949,0.4507250898473353,0.3566344005956812,0.32529003593893413,0.34624917438129726
337,Lunatone,Lunatone,Base,Rock,Psychic,440,70,55,65,95,85,70,3,False,440,True,75.0,75.0,73.33333333333333,70,95,85,0.38235294117647056,0.27058823529411763,0.3658536585365854,0.37142857142857144,0.34892703422832544,Balanced,Lunatone,"('Psychic', 'Rock')",1.4131249999999964,0.8037073810157558,0.37624999999999953,0.05625000000000002,0.41680395387149916,0.34514003294892914,0.0,1.2442339373970346,0.7198312236286916,0.18463834927883083,0.517344254157359,0.26002463669861986,0.39299843352106406
338,Solrock,Solrock,Base,Rock,Psychic,440,70,95,85,55,65,70,3,False,440,True,75.0,75.0,73.33333333333333,70,95,85,0.38235294117647056,0.27058823529411763,0.3658536585365854,0.37142857142857144,0.34892703422832544,Balanced,Solrock,"('Psychic', 'Rock')",1.4131249999999964,0.8037073810157558,0.37624999999999953,0.05625000000000002,0.41680395387149916,0.34514003294892914,0.0,1.2442339373970346,0.7198312236286916,0.18463834927883083,0.517344254157359,0.26002463669861986,0.39299843352106406
339,Barboach,Barboach,Base,Water,Ground,288,50,48,43,46,41,60,3,False,288,True,47.0,42.0,44.666666666666664,60,48,43,0.21764705882352942,0.11529411764705882,0.15609756097560976,0.3142857142857143,0.19907665505226482,Balanced,Barboach,"('Ground', 'Water')",1.3187499999999965,0.911069417556444,0.3124999999999997,0.11250000000000004,0.07825370675453047,0.19192751235584846,0.04118616144975288,1.0976112026359144,0.5924050632911386,0.32776381481358496,0.3675502606105731,0.21048285734580702,0.28716931684866825
340,Whiscash,Whiscash,Base,Water,Ground,468,110,78,73,76,71,60,3,False,468,True,77.0,72.0,84.66666666666667,60,78,73,0.3941176470588235,0.2564705882352941,0.44878048780487817,0.3142857142857143,0.35467206394753026,Balanced,Whiscash,"('Ground', 'Water')",1.3187499999999965,0.911069417556444,0.3124999999999997,0.11250000000000004,0.07825370675453047,0.19192751235584846,0.04118616144975288,1.0976112026359144,0.5924050632911386,0.32776381481358496,0.4734326135517496,0.3330653537590065,0.38963631828338846
341,Corphish,Corphish,Base,Water,None,308,43,80,65,50,35,35,3,False,308,True,65.0,50.0,47.666666666666664,35,80,65,0.3235294117647059,0.15294117647058825,0.17804878048780487,0.17142857142857143,0.2213660586185694,Balanced,Corphish,"('Water',)",1.0643749999999983,0.9946743128164401,0.17500000000000007,0.2874999999999998,0.11943986820428334,0.22817133443163096,0.0,1.005354200988468,0.24894514767932577,0.4392183842370741,0.29369570613055385,0.27372896058148677,0.2585161651337387
342,Crawdaunt,Crawdaunt,Base,Water,Dark,468,63,120,85,90,55,55,3,False,468,True,105.0,70.0,67.66666666666667,55,120,85,0.5588235294117647,0.24705882352941178,0.3243902439024391,0.2857142857142857,0.37937384709981553,Heavy hitter,Crawdaunt,"('Dark', 'Water')",1.329374999999996,0.973536486622395,0.3062499999999998,0.028749999999999998,0.25535420098846784,0.30807248764415157,0.07413509060955518,1.027182866556837,0.6067510548523194,0.41103932474923666,0.5779945395879866,0.33198387911059857,0.4305561994904894
343,Baltoy,Baltoy,Base,Ground,Psychic,300,40,40,55,40,70,55,3,False,300,True,40.0,62.5,55.0,55,40,70,0.17647058823529413,0.21176470588235294,0.23170731707317074,0.2857142857142857,0.21819020291043248,Balanced,Baltoy,"('Ground', 'Psychic')",1.351874999999996,0.8312221834925683,0.3312499999999996,0.022500000000000003,0.3525535420098847,0.21663920922570015,0.04118616144975288,1.203047775947282,0.6371308016877624,0.22131862324232013,0.3607346736162814,0.22057192562404426,0.2860511204274336
344,Claydol,Claydol,Base,Ground,Psychic,500,60,70,105,70,120,75,3,False,500,True,70.0,112.5,95.0,75,70,120,0.35294117647058826,0.4470588235294118,0.524390243902439,0.4,0.4201721664275467,Balanced,Claydol,"('Ground', 'Psychic')",1.351874999999996,0.8312221834925683,0.3312499999999996,0.022500000000000003,0.3525535420098847,0.21663920922570015,0.04118616144975288,1.203047775947282,0.6371308016877624,0.22131862324232013,0.46661702655745785,0.376095598507832,0.42250131513946476
345,Lileep,Lileep,Base,Rock,Grass,355,66,41,77,61,87,23,3,False,355,True,51.0,82.0,76.66666666666667,23,61,87,0.2411764705882353,0.3035294117647059,0.39024390243902446,0.10285714285714286,0.2589143267062923,Balanced,Lileep,"('Grass', 'Rock')",1.5743749999999965,0.899259258450592,0.46374999999999933,0.04375000000000001,0.1746293245469522,0.12520593080724876,0.0,1.112026359143328,0.937552742616034,0.3120195668975725,0.5197269793993549,0.3286040964864322,0.3607377411401868
346,Cradily,Cradily,Base,Rock,Grass,495,86,81,97,81,107,43,3,False,495,True,81.0,102.0,96.66666666666667,43,81,107,0.4176470588235294,0.3976470588235294,0.5365853658536587,0.21714285714285714,0.39633387989342084,Balanced,Cradily,"('Grass', 'Rock')",1.5743749999999965,0.899259258450592,0.46374999999999933,0.04375000000000001,0.1746293245469522,0.12520593080724876,0.0,1.112026359143328,0.937552742616034,0.3120195668975725,0.6256093323405313,0.398130638810679,0.461704435134858
347,Anorith,Anorith,Base,Rock,Bug,355,45,95,50,40,50,75,3,False,355,True,67.5,50.0,48.333333333333336,75,95,50,0.3382352941176471,0.15294117647058825,0.18292682926829273,0.4,0.27320301291248206,Balanced,Anorith,"('Bug', 'Rock')",1.4784374999999963,0.8893772885862974,0.4349999999999994,0.07625000000000003,0.19192751235584846,0.13509060955518948,0.0,1.1243822075782537,0.8080168776371305,0.2988458084369498,0.5261479275254404,0.218799442456559,0.3770794556840162
348,Armaldo,Armaldo,Base,Rock,Bug,495,75,125,100,70,80,45,3,False,495,True,97.5,90.0,85.0,45,125,100,0.5147058823529411,0.3411764705882353,0.451219512195122,0.22857142857142856,0.4013993646238983,Heavy hitter,Armaldo,"('Bug', 'Rock')",1.4784374999999963,0.8893772885862974,0.4349999999999994,0.07625000000000003,0.19192751235584846,0.13509060955518948,0.0,1.1243822075782537,0.8080168776371305,0.2988458084369498,0.6320302804666169,0.3517549661294428,0.4528342210047786
349,Feebas,Feebas,Base,Water,None,200,20,15,20,10,55,80,3,False,200,True,12.5,37.5,31.666666666666668,80,15,55,0.014705882352941176,0.09411764705882353,0.06097560975609758,0.42857142857142855,0.1265858782537405,Balanced,Feebas,"('Water',)",1.0643749999999983,0.9946743128164401,0.17500000000000007,0.2874999999999998,0.11943986820428334,0.22817133443163096,0.0,1.005354200988468,0.24894514767932577,0.4392183842370741,0.10840158848349501,0.22387243260444228,0.19379596119850603
350,Milotic,Milotic,Base,Water,None,540,95,60,79,100,125,81,3,False,540,True,80.0,102.0,99.66666666666667,81,100,125,0.4117647058823529,0.3976470588235294,0.5585365853658538,0.4342857142857143,0.4420938716950195,Tank,Milotic,"('Water',)",1.0643749999999983,0.9946743128164401,0.17500000000000007,0.2874999999999998,0.11943986820428334,0.22817133443163096,0.0,1.005354200988468,0.24894514767932577,0.4392183842370741,0.34663688260114206,0.45449797062452846,0.4064610821249255
351,Castform,Castform,Base,Normal,None,420,70,70,70,70,70,70,3,False,420,True,70.0,70.0,70.0,70,70,70,0.35294117647058826,0.24705882352941178,0.3414634146341464,0.37142857142857144,0.3278725148596024,Balanced,Castform,"('Normal',)",0.8799999999999981,0.9942669932784275,0.0,0.1787500000000001,0.04365733113673806,0.0,0.03789126853377265,1.0057660626029652,0.0,0.4386753822563193,0.21176470588235294,0.3473065947963585,0.2937930237350748
352,Kecleon,Kecleon,Base,Normal,None,440,60,90,70,60,120,40,3,False,440,True,75.0,95.0,83.33333333333333,40,90,120,0.38235294117647056,0.36470588235294116,0.4390243902439025,0.2,0.35280487804878047,Balanced,Kecleon,"('Normal',)",0.8799999999999981,0.9942669932784275,0.0,0.1787500000000001,0.04365733113673806,0.0,0.03789126853377265,1.0057660626029652,0.0,0.4386753822563193,0.22941176470588232,0.41287330928703275,0.2985474303757798
353,Shuppet,Shuppet,Base,Ghost,None,295,44,75,35,63,33,45,3,False,295,True,69.0,34.0,37.333333333333336,45,75,35,0.34705882352941175,0.07764705882352942,0.10243902439024394,0.22857142857142856,0.20708444353351096,Balanced,Shuppet,"('Ghost',)",1.0056249999999984,1.114784204450553,0.15875000000000006,0.18375000000000005,0.07990115321252059,0.11037891268533773,0.12767710049423395,0.8970345963756177,0.16962025316455784,0.5993381501186227,0.27608339538347015,0.29252148673324535,0.2635381849891026
354,Banette,Banette,Base,Ghost,None,455,64,115,65,83,63,65,3,False,455,True,99.0,64.0,64.0,65,115,65,0.5235294117647059,0.2188235294117647,0.29756097560975614,0.34285714285714286,0.366024800163968,Heavy hitter,Banette,"('Ghost',)",1.0056249999999984,1.114784204450553,0.15875000000000006,0.18375000000000005,0.07990115321252059,0.11037891268533773,0.12767710049423395,0.8970345963756177,0.16962025316455784,0.5993381501186227,0.3819657483246467,0.39071373924400576,0.3763327125562271
354,BanetteMega Banette,Banette,Mega Banette,Ghost,None,555,64,165,75,93,83,75,3,False,555,True,129.0,79.0,74.0,75,165,83,0.7,0.28941176470588237,0.3707317073170732,0.4,0.4714992826398852,Heavy hitter,Banette (Mega Banette),"('Ghost',)",1.0056249999999984,1.114784204450553,0.15875000000000006,0.18375000000000005,0.07990115321252059,0.11037891268533773,0.12767710049423395,0.8970345963756177,0.16962025316455784,0.5993381501186227,0.4878481012658231,0.4337123045237762,0.4559778242594449
355,Duskull,Duskull,Base,Ghost,None,295,20,40,90,30,90,25,3,False,295,True,35.0,90.0,66.66666666666667,25,40,90,0.14705882352941177,0.3411764705882353,0.31707317073170743,0.11428571428571428,0.2230364828858373,Balanced,Duskull,"('Ghost',)",1.0056249999999984,1.114784204450553,0.15875000000000006,0.18375000000000005,0.07990115321252059,0.11037891268533773,0.12767710049423395,0.8970345963756177,0.16962025316455784,0.5993381501186227,0.1560833953834702,0.4384153174362583,0.24455628295999832
356,Dusclops,Dusclops,Base,Ghost,None,455,40,70,130,60,130,25,3,False,455,True,65.0,130.0,100.0,25,70,130,0.3235294117647059,0.5294117647058824,0.5609756097560976,0.11428571428571428,0.38064050010248,Balanced,Dusclops,"('Ghost',)",1.0056249999999984,1.114784204450553,0.15875000000000006,0.18375000000000005,0.07990115321252059,0.11037891268533773,0.12767710049423395,0.8970345963756177,0.16962025316455784,0.5993381501186227,0.2619657483246467,0.5652732801335323,0.3486072155281475
357,Tropius,Tropius,Base,Grass,Flying,460,99,68,83,72,87,51,3,False,460,True,70.0,85.0,89.66666666666667,51,72,87,0.35294117647058826,0.3176470588235294,0.4853658536585367,0.26285714285714284,0.3525857757737242,Balanced,Tropius,"('Flying', 'Grass')",1.5068749999999969,0.8763761046281028,0.4287499999999994,0.04375000000000001,0.2660626029654037,0.2257001647446458,0.05518945634266886,1.1410626029654036,0.8464135021097051,0.2815137927033029,0.5503301067262351,0.3451234510841906,0.41598551581038123
358,Chimecho,Chimecho,Base,Psychic,None,425,65,50,70,95,80,65,3,False,425,True,72.5,75.0,71.66666666666667,65,95,80,0.36764705882352944,0.27058823529411763,0.35365853658536595,0.34285714285714286,0.33562666530026647,Balanced,Chimecho,"('Psychic',)",0.9878124999999977,0.9256576430623346,0.12250000000000003,0.21125000000000013,0.13920922570016475,0.11779242174629324,0.0,1.080313014827018,0.1455696202531643,0.3472115324066214,0.2788160833953834,0.3220051294619312,0.3099005434203441
359,Absol,Absol,Base,Dark,None,465,65,130,60,75,60,75,3,False,465,True,102.5,60.0,61.666666666666664,75,130,60,0.5441176470588235,0.2,0.28048780487804875,0.4,0.376538737446198,Heavy hitter,Absol,"('Dark',)",1.0709374999999979,0.9786376451527078,0.14625000000000005,0.15375000000000008,0.13591433278418452,0.07990115321252059,0.07413509060955518,1.0218286655683688,0.2578059071729961,0.41783973309600736,0.4295929511044925,0.30725784445791515,0.3804953443961012
359,AbsolMega Absol,Absol,Mega Absol,Dark,None,565,65,150,60,115,60,115,3,False,565,True,132.5,60.0,61.666666666666664,115,150,60,0.7205882352941176,0.2,0.28048780487804875,0.6285714285714286,0.48401772904283663,DPS,Absol (Mega Absol),"('Dark',)",1.0709374999999979,0.9786376451527078,0.14625000000000005,0.15375000000000008,0.13591433278418452,0.07990115321252059,0.07413509060955518,1.0218286655683688,0.2578059071729961,0.41783973309600736,0.535475304045669,0.30725784445791515,0.4732558485977819
360,Wynaut,Wynaut,Base,Psychic,None,260,95,23,48,23,48,23,3,False,260,True,23.0,48.0,63.666666666666664,23,23,48,0.07647058823529412,0.14352941176470588,0.2951219512195122,0.10285714285714286,0.14224287763886043,Balanced,Wynaut,"('Psychic',)",0.9878124999999977,0.9256576430623346,0.12250000000000003,0.21125000000000013,0.13920922570016475,0.11779242174629324,0.0,1.080313014827018,0.1455696202531643,0.3472115324066214,0.1041102010424422,0.2629003948851737,0.1572792019569295
361,Snorunt,Snorunt,Base,Ice,None,300,50,50,50,50,50,50,3,False,300,True,50.0,50.0,50.0,50,50,50,0.23529411764705882,0.15294117647058825,0.19512195121951223,0.2571428571428571,0.21104119696659152,Balanced,Snorunt,"('Ice',)",1.2209374999999973,0.8555320641024552,0.2937499999999999,0.26999999999999985,0.18451400329489293,0.03130148270181219,0.0,1.168863261943987,0.4603375527426162,0.25372638199478886,0.3253114916852818,0.2038004523674995,0.26149234050077985
362,Glalie,Glalie,Base,Ice,None,480,80,80,80,80,80,80,3,False,480,True,80.0,80.0,80.0,80,80,80,0.4117647058823529,0.29411764705882354,0.4146341463414635,0.42857142857142855,0.3862881738061078,Balanced,Glalie,"('Ice',)",1.2209374999999973,0.8555320641024552,0.2937499999999999,0.26999999999999985,0.18451400329489293,0.03130148270181219,0.0,1.168863261943987,0.4603375527426162,0.25372638199478886,0.43119384462645827,0.30809026585386967,0.3871335579633747
362,GlalieMega Glalie,Glalie,Mega Glalie,Ice,None,580,80,120,80,120,80,100,3,False,580,True,120.0,80.0,80.0,100,120,80,0.6470588235294118,0.29411764705882354,0.4146341463414635,0.5428571428571428,0.49149825783972123,DPS,Glalie (Mega Glalie),"('Ice',)",1.2209374999999973,0.8555320641024552,0.2937499999999999,0.26999999999999985,0.18451400329489293,0.03130148270181219,0.0,1.168863261943987,0.4603375527426162,0.25372638199478886,0.5723703152146935,0.30809026585386967,0.4765285159465679
363,Spheal,Spheal,Base,Ice,Water,290,70,40,50,55,50,25,3,False,290,True,47.5,50.0,56.666666666666664,25,55,50,0.22058823529411764,0.15294117647058825,0.24390243902439024,0.11428571428571428,0.18707880713260913,Balanced,Spheal,"('Ice', 'Water')",1.4568749999999966,0.8806673913172793,0.4149999999999994,0.11625000000000002,0.21087314662273476,0.13509060955518945,0.0,1.135502471169687,0.7789029535864979,0.28723455233977574,0.4439141226110698,0.22939884245671374,0.29158997999419056
364,Sealeo,Sealeo,Base,Ice,Water,410,90,60,70,75,70,45,3,False,410,True,67.5,70.0,76.66666666666667,45,75,70,0.3382352941176471,0.24705882352941178,0.39024390243902446,0.22857142857142856,0.30391012502562,Balanced,Sealeo,"('Ice', 'Water')",1.4568749999999966,0.8806673913172793,0.4149999999999994,0.11625000000000002,0.21087314662273476,0.13509060955518945,0.0,1.135502471169687,0.7789029535864979,0.28723455233977574,0.5145023579051874,0.29892538478096053,0.37535079163592044
365,Walrein,Walrein,Base,Ice,Water,530,110,80,90,95,90,65,3,False,530,True,87.5,90.0,96.66666666666667,65,95,90,0.45588235294117646,0.3411764705882353,0.5365853658536587,0.34285714285714286,0.42074144291863086,Balanced,Walrein,"('Ice', 'Water')",1.4568749999999966,0.8806673913172793,0.4149999999999994,0.11625000000000002,0.21087314662273476,0.13509060955518945,0.0,1.135502471169687,0.7789029535864979,0.28723455233977574,0.585090593199305,0.36845192710520736,0.4591116032776503
366,Clamperl,Clamperl,Base,Water,None,345,35,64,85,74,55,32,3,False,345,True,69.0,70.0,58.333333333333336,32,74,85,0.34705882352941175,0.24705882352941178,0.25609756097560976,0.15428571428571428,0.26531194916991185,Balanced,Clamperl,"('Water',)",1.0643749999999983,0.9946743128164401,0.17500000000000007,0.2874999999999998,0.11943986820428334,0.22817133443163096,0.0,1.005354200988468,0.24894514767932577,0.4392183842370741,0.30781335318937736,0.32618233217402626,0.2839196904463027
367,Huntail,Huntail,Base,Water,None,485,55,104,105,94,75,52,3,False,485,True,99.0,90.0,78.33333333333333,52,104,105,0.5235294117647059,0.3411764705882353,0.4024390243902439,0.26857142857142857,0.4027315023570404,Balanced,Huntail,"('Water',)",1.0643749999999983,0.9946743128164401,0.17500000000000007,0.2874999999999998,0.11943986820428334,0.22817133443163096,0.0,1.005354200988468,0.24894514767932577,0.4392183842370741,0.41369570613055384,0.39570887449827297,0.3848863844409738
368,Gorebyss,Gorebyss,Base,Water,None,485,55,84,105,114,75,52,3,False,485,True,99.0,90.0,78.33333333333333,52,114,105,0.5235294117647059,0.3411764705882353,0.4024390243902439,0.26857142857142857,0.4027315023570404,Heavy hitter,Gorebyss,"('Water',)",1.0643749999999983,0.9946743128164401,0.17500000000000007,0.2874999999999998,0.11943986820428334,0.22817133443163096,0.0,1.005354200988468,0.24894514767932577,0.4392183842370741,0.41369570613055384,0.39570887449827297,0.3848863844409738
369,Relicanth,Relicanth,Base,Water,Rock,485,100,90,130,45,65,55,3,False,485,True,67.5,97.5,98.33333333333333,55,90,130,0.3382352941176471,0.3764705882352941,0.5487804878048781,0.2857142857142857,0.3793989547038328,Tank,Relicanth,"('Rock', 'Water')",1.462499999999996,0.8261313365070272,0.3737499999999996,0.012499999999999999,0.21828665568369027,0.3023064250411862,0.0,1.2104612850082372,0.7864978902953577,0.21453196132485894,0.5175403325887313,0.354772612363516,0.4132149028072651
370,Luvdisc,Luvdisc,Base,Water,None,330,43,30,55,40,65,97,3,False,330,True,35.0,60.0,54.333333333333336,97,40,65,0.14705882352941177,0.2,0.22682926829268296,0.5257142857142857,0.25197929903668786,Balanced,Luvdisc,"('Water',)",1.0643749999999983,0.9946743128164401,0.17500000000000007,0.2874999999999998,0.11943986820428334,0.22817133443163096,0.0,1.005354200988468,0.24894514767932577,0.4392183842370741,0.18781335318937736,0.3023946707680004,0.2824977802187971
371,Bagon,Bagon,Base,Dragon,None,300,45,75,60,40,30,50,3,False,300,True,57.5,45.0,45.0,50,75,60,0.27941176470588236,0.12941176470588237,0.1585365853658537,0.2571428571428571,0.2132829473252716,Balanced,Bagon,"('Dragon',)",0.9818749999999979,1.0336313314135135,0.06000000000000001,0.10625000000000004,0.10543657331136738,0.2759472817133443,0.0,0.9674629324546953,0.13755274261603387,0.4911523974339931,0.22266815586994296,0.2813892229621195,0.24404789990683234
372,Shelgon,Shelgon,Base,Dragon,None,420,65,95,100,60,50,50,3,False,420,True,77.5,75.0,71.66666666666667,50,95,100,0.39705882352941174,0.27058823529411763,0.35365853658536595,0.2571428571428571,0.32877792580446813,Balanced,Shelgon,"('Dragon',)",0.9818749999999979,1.0336313314135135,0.06000000000000001,0.10625000000000004,0.10543657331136738,0.2759472817133443,0.0,0.9674629324546953,0.13755274261603387,0.4911523974339931,0.2932563911640606,0.3795814754728799,0.319065116549587
373,Salamence,Salamence,Base,Dragon,Flying,600,95,135,80,110,80,100,3,False,600,True,122.5,80.0,85.0,100,135,80,0.6617647058823529,0.29411764705882354,0.451219512195122,0.5428571428571428,0.5039623898339823,DPS,Salamence,"('Dragon', 'Flying')",1.2937499999999964,1.028595635459678,0.29124999999999995,0.05000000000000002,0.15321252059308071,0.33772652388797364,0.05518945634266886,0.9721993410214168,0.558649789029535,0.484439257939745,0.6205187391412257,0.4095217576952668,0.5280869528687391
373,SalamenceMega Salamence,Salamence,Mega Salamence,Dragon,Flying,700,95,145,130,120,90,120,3,False,700,True,132.5,110.0,105.0,120,145,130,0.7205882352941176,0.43529411764705883,0.5975609756097562,0.6571428571428571,0.6119701783152286,DPS,Salamence (Mega Salamence),"('Dragon', 'Flying')",1.2937499999999964,1.028595635459678,0.29124999999999995,0.05000000000000002,0.15321252059308071,0.33772652388797364,0.05518945634266886,0.9721993410214168,0.558649789029535,0.484439257939745,0.6558128567882846,0.4955188882548076,0.601347764510469
374,Beldum,Beldum,Base,Steel,Psychic,300,40,55,80,35,60,30,3,False,300,True,45.0,70.0,60.0,30,55,80,0.20588235294117646,0.24705882352941178,0.26829268292682934,0.14285714285714285,0.21605349456855916,Balanced,Beldum,"('Psychic', 'Steel')",1.2312499999999968,1.1606118533374925,0.2475000000000001,0.06750000000000002,0.18780889621087313,0.5131795716639209,0.051070840197693576,0.8616144975288305,0.4742616033755269,0.6604314731650862,0.31323405311491664,0.41771634823303594,0.3044451213297327
375,Metang,Metang,Base,Steel,Psychic,420,60,75,100,55,80,50,3,False,420,True,65.0,90.0,80.0,50,75,100,0.3235294117647059,0.3411764705882353,0.4146341463414635,0.2571428571428571,0.33288481246157003,Balanced,Metang,"('Psychic', 'Steel')",1.2312499999999968,1.1606118533374925,0.2475000000000001,0.06750000000000002,0.18780889621087313,0.5131795716639209,0.051070840197693576,0.8616144975288305,0.4742616033755269,0.6604314731650862,0.3838222884090343,0.4872428905572827,0.38820593297146266
376,Metagross,Metagross,Base,Steel,Psychic,600,80,135,130,95,90,70,3,False,600,True,115.0,110.0,100.0,70,135,130,0.6176470588235294,0.43529411764705883,0.5609756097560976,0.37142857142857144,0.5114808362369339,Heavy hitter,Metagross,"('Psychic', 'Steel')",1.2312499999999968,1.1606118533374925,0.2475000000000001,0.06750000000000002,0.18780889621087313,0.5131795716639209,0.051070840197693576,0.8616144975288305,0.4742616033755269,0.6604314731650862,0.5602928766443285,0.5567694328815295,0.523584391672016
376,MetagrossMega Metagross,Metagross,Mega Metagross,Steel,Psychic,700,80,145,150,105,110,110,3,False,700,True,125.0,130.0,113.33333333333333,110,145,150,0.6764705882352942,0.5294117647058824,0.6585365853658537,0.6,0.6208249641319943,DPS,Metagross (Mega Metagross),"('Psychic', 'Steel')",1.2312499999999968,1.1606118533374925,0.2475000000000001,0.06750000000000002,0.18780889621087313,0.5131795716639209,0.051070840197693576,0.8616144975288305,0.4742616033755269,0.6604314731650862,0.5955869942913873,0.6141008532545567,0.605588798312721
377,Regirock,Regirock,Base,Rock,None,580,80,100,200,50,100,50,3,True,580,True,75.0,150.0,126.66666666666667,50,100,200,0.38235294117647056,0.6235294117647059,0.7560975609756099,0.2571428571428571,0.49235396597663456,Balanced,Regirock,"('Rock',)",1.2499999999999976,0.8433483841446162,0.27374999999999994,0.1637500000000001,0.32125205930807244,0.271004942339374,0.0,1.1857495881383855,0.4995780590717305,0.2374841894835534,0.4292429883345745,0.5022533601549709,0.4347977268482448
378,Regice,Regice,Base,Ice,None,580,80,50,100,100,200,50,3,True,580,True,75.0,150.0,126.66666666666667,50,100,200,0.38235294117647056,0.6235294117647059,0.7560975609756099,0.2571428571428571,0.49235396597663456,Balanced,Regice,"('Ice',)",1.2209374999999973,0.8555320641024552,0.2937499999999999,0.26999999999999985,0.18451400329489293,0.03130148270181219,0.0,1.168863261943987,0.4603375527426162,0.25372638199478886,0.4135467858029288,0.5087502371594651,0.4304683089369348
379,Registeel,Registeel,Base,Steel,None,580,80,75,150,75,150,50,3,True,580,True,75.0,150.0,126.66666666666667,50,75,150,0.38235294117647056,0.6235294117647059,0.7560975609756099,0.2571428571428571,0.49235396597663456,Balanced,Registeel,"('Steel',)",0.9799999999999983,1.2281234178139182,0.12625000000000006,0.3112499999999997,0.15156507413509063,0.5724876441515651,0.051070840197693576,0.8142504118616145,0.13502109704641413,0.7504318532436258,0.28342020352444797,0.7074324256589999,0.4380223325754029
380,Latias,Latias,Base,Dragon,Psychic,600,80,80,90,110,130,110,3,True,600,True,95.0,110.0,100.0,110,110,130,0.5,0.43529411764705883,0.5609756097560976,0.6,0.5160186513629842,DPS,Latias,"('Dragon', 'Psychic')",1.154374999999997,0.9544025148123864,0.18125000000000005,0.06375000000000001,0.2446457990115321,0.39373970345963755,0.0,1.0477759472817132,0.37046413502109654,0.3855316247178714,0.44818565400843857,0.44680949350264354,0.4807199073586161
380,LatiasMega Latias,Latias,Mega Latias,Dragon,Psychic,700,80,100,120,140,150,110,3,True,700,True,120.0,135.0,116.66666666666667,110,140,150,0.6470588235294118,0.5529411764705883,0.6829268292682928,0.6,0.6212912482065998,DPS,Latias (Mega Latias),"('Dragon', 'Psychic')",1.154374999999997,0.9544025148123864,0.18125000000000005,0.06375000000000001,0.2446457990115321,0.39373970345963755,0.0,1.0477759472817132,0.37046413502109654,0.3855316247178714,0.5364209481260857,0.5184737689689276,0.5533041971721024
381,Latios,Latios,Base,Dragon,Psychic,600,80,90,80,130,110,110,3,True,600,True,110.0,95.0,90.0,110,130,110,0.5882352941176471,0.36470588235294116,0.48780487804878053,0.6,0.5146197991391679,DPS,Latios,"('Dragon', 'Psychic')",1.154374999999997,0.9544025148123864,0.18125000000000005,0.06375000000000001,0.2446457990115321,0.39373970345963755,0.0,1.0477759472817132,0.37046413502109654,0.3855316247178714,0.5011268304790268,0.40381092822287307,0.4887869805293479
381,LatiosMega Latios,Latios,Mega Latios,Dragon,Psychic,700,80,130,100,160,120,110,3,True,700,True,145.0,110.0,100.0,110,160,120,0.7941176470588235,0.43529411764705883,0.5609756097560976,0.6,0.6189598278335724,DPS,Latios (Mega Latios),"('Dragon', 'Psychic')",1.154374999999997,0.9544025148123864,0.18125000000000005,0.06375000000000001,0.2446457990115321,0.39373970345963755,0.0,1.0477759472817132,0.37046413502109654,0.3855316247178714,0.6246562422437327,0.44680949350264354,0.566749319123322
382,Kyogre,Kyogre,Base,Water,None,670,100,100,90,150,140,90,3,True,670,True,125.0,115.0,110.0,90,150,140,0.6764705882352942,0.4588235294117647,0.6341463414634148,0.4857142857142857,0.5754427136708342,Tank,Kyogre,"('Water',)",1.0643749999999983,0.9946743128164401,0.17500000000000007,0.2874999999999998,0.11943986820428334,0.22817133443163096,0.0,1.005354200988468,0.24894514767932577,0.4392183842370741,0.5054604120129068,0.49481217435480096,0.509801367019371
382,KyogrePrimal Kyogre,Kyogre,Primal Kyogre,Water,None,770,100,150,90,180,160,90,3,True,770,True,165.0,125.0,116.66666666666667,90,180,160,0.9117647058823529,0.5058823529411764,0.6829268292682928,0.4857142857142857,0.6793164582906333,Tank,Kyogre (Primal Kyogre),"('Water',)",1.0643749999999983,0.9946743128164401,0.17500000000000007,0.2874999999999998,0.11943986820428334,0.22817133443163096,0.0,1.005354200988468,0.24894514767932577,0.4392183842370741,0.646636882601142,0.5234778845413146,0.590452730003589
383,Groudon,Groudon,Base,Ground,None,670,100,150,140,100,90,90,3,True,670,True,125.0,115.0,110.0,90,150,140,0.6764705882352942,0.4588235294117647,0.6341463414634148,0.4857142857142857,0.5754427136708342,Tank,Groudon,"('Ground',)",1.0974999999999973,0.8906823176219454,0.25375000000000003,0.2425000000000001,0.21334431630971992,0.09884678747940692,0.04118616144975288,1.1227347611202636,0.29367088607594893,0.30058555643616647,0.5233507073715561,0.4393590432344379,0.5003215458267218
383,GroudonPrimal Groudon,Groudon,Primal Groudon,Ground,Fire,770,100,180,160,150,90,90,3,True,770,True,165.0,125.0,116.66666666666667,90,180,160,0.9117647058823529,0.5058823529411764,0.6829268292682928,0.4857142857142857,0.6793164582906333,Tank,Groudon (Primal Groudon),"('Fire', 'Ground')",1.5268749999999958,0.8283862156222035,0.4674999999999991,0.03125,0.15897858319604613,0.23640856672158153,0.04118616144975288,1.2071663920922568,0.8734177215189864,0.21753796450329058,0.8964259121370063,0.43480571664780115,0.6637666914498807
384,Rayquaza,Rayquaza,Base,Dragon,Flying,680,105,150,90,150,90,95,3,True,680,True,150.0,90.0,95.0,95,150,90,0.8235294117647058,0.3411764705882353,0.524390243902439,0.5142857142857142,0.5812646034023365,Heavy hitter,Rayquaza,"('Dragon', 'Flying')",1.2937499999999964,1.028595635459678,0.29124999999999995,0.05000000000000002,0.15321252059308071,0.33772652388797364,0.05518945634266886,0.9721993410214168,0.558649789029535,0.484439257939745,0.7175775626706375,0.4442850288573901,0.5846490813786797
384,RayquazaMega Rayquaza,Rayquaza,Mega Rayquaza,Dragon,Flying,780,105,180,100,180,100,115,3,True,780,True,180.0,100.0,101.66666666666667,115,180,100,1.0,0.38823529411764707,0.5731707317073171,0.6285714285714286,0.6874072555851609,DPS,Rayquaza (Mega Rayquaza),"('Dragon', 'Flying')",1.2937499999999964,1.028595635459678,0.29124999999999995,0.05000000000000002,0.15321252059308071,0.33772652388797364,0.05518945634266886,0.9721993410214168,0.558649789029535,0.484439257939745,0.823459915611814,0.4729507390439037,0.6686659905813852
385,Jirachi,Jirachi,Base,Steel,Psychic,600,100,100,100,100,100,100,3,True,600,True,100.0,100.0,100.0,100,100,100,0.5294117647058824,0.38823529411764707,0.5609756097560976,0.5428571428571428,0.5031194916991186,DPS,Jirachi,"('Psychic', 'Steel')",1.2312499999999968,1.1606118533374925,0.2475000000000001,0.06750000000000002,0.18780889621087313,0.5131795716639209,0.051070840197693576,0.8616144975288305,0.4742616033755269,0.6604314731650862,0.5073517001737402,0.5402988446462353,0.5219268286468058
386,DeoxysNormal Forme,Deoxys,Normal Forme,Psychic,None,600,50,150,50,150,50,150,3,True,600,True,150.0,50.0,50.0,150,150,50,0.8235294117647058,0.15294117647058825,0.19512195121951223,0.8285714285714286,0.5312092641934822,DPS,Deoxys (Normal Forme),"('Psychic',)",0.9878124999999977,0.9256576430623346,0.12250000000000003,0.21125000000000013,0.13920922570016475,0.11779242174629324,0.0,1.080313014827018,0.1455696202531643,0.3472115324066214,0.5523454951600892,0.2411945125322325,0.49726365573844206
386,DeoxysAttack Forme,Deoxys,Attack Forme,Psychic,None,600,50,180,20,180,20,150,3,True,600,True,180.0,20.0,30.0,150,180,20,1.0,0.011764705882352941,0.04878048780487806,0.8285714285714286,0.5284115597458495,DPS,Deoxys (Attack Forme),"('Psychic',)",0.9878124999999977,0.9256576430623346,0.12250000000000003,0.21125000000000013,0.13920922570016475,0.11779242174629324,0.0,1.080313014827018,0.1455696202531643,0.3472115324066214,0.6582278481012657,0.15519738197269162,0.5133978020799055
386,DeoxysDefense Forme,Deoxys,Defense Forme,Psychic,None,600,50,70,160,70,160,90,3,True,600,True,70.0,160.0,123.33333333333333,90,70,160,0.35294117647058826,0.6705882352941176,0.7317073170731708,0.4857142857142857,0.5346607911457266,Balanced,Deoxys (Defense Forme),"('Psychic',)",0.9878124999999977,0.9256576430623346,0.12250000000000003,0.21125000000000013,0.13920922570016475,0.11779242174629324,0.0,1.080313014827018,0.1455696202531643,0.3472115324066214,0.26999255398361865,0.5565173245838824,0.428008480497614
386,DeoxysSpeed Forme,Deoxys,Speed Forme,Psychic,None,600,50,95,90,95,90,180,3,True,600,True,95.0,90.0,76.66666666666667,180,95,90,0.5,0.3411764705882353,0.39024390243902446,1.0,0.5383428981348637,Fast,Deoxys (Speed Forme),"('Psychic',)",0.9878124999999977,0.9256576430623346,0.12250000000000003,0.21125000000000013,0.13920922570016475,0.11779242174629324,0.0,1.080313014827018,0.1455696202531643,0.3472115324066214,0.35822784810126573,0.35585735327828705,0.4807997799442219
387,Turtwig,Turtwig,Base,Grass,None,318,55,68,64,45,55,31,4,False,318,True,56.5,59.5,58.0,31,68,64,0.2735294117647059,0.1976470588235294,0.2536585365853659,0.14857142857142858,0.22559305185488832,Balanced,Turtwig,"('Grass',)",1.0306249999999983,0.8784370469852222,0.20000000000000007,0.42874999999999935,0.27759472817133446,0.2784184514003295,0.0,1.13838550247117,0.20337552742616116,0.28426125674000846,0.245467858029288,0.24629560743058015,0.22820049750483679
388,Grotle,Grotle,Base,Grass,None,405,75,89,85,55,65,36,4,False,405,True,72.0,75.0,75.0,36,89,85,0.36470588235294116,0.27058823529411763,0.37804878048780494,0.17714285714285713,0.3063324451731912,Balanced,Grotle,"('Grass',)",1.0306249999999983,0.8784370469852222,0.20000000000000007,0.42874999999999935,0.27759472817133446,0.2784184514003295,0.0,1.13838550247117,0.20337552742616116,0.28426125674000846,0.30017374038222916,0.3029225801708958,0.28346756555156766
389,Torterra,Torterra,Base,Grass,Ground,525,95,109,105,75,85,56,4,False,525,True,92.0,95.0,95.0,56,109,105,0.4823529411764706,0.36470588235294116,0.524390243902439,0.2914285714285714,0.42316376306620207,Tank,Torterra,"('Grass', 'Ground')",1.382812499999997,0.8358003435355167,0.4012499999999994,0.21500000000000008,0.22652388797364084,0.10296540362438221,0.04118616144975288,1.1964579901153216,0.678902953586498,0.22742181677843823,0.5609729461404815,0.34971334651051444,0.436492032583563
390,Chimchar,Chimchar,Base,Fire,None,309,44,58,44,58,44,61,4,False,309,True,58.0,44.0,44.0,61,58,44,0.2823529411764706,0.12470588235294118,0.15121951219512197,0.32,0.2242439024390244,Balanced,Chimchar,"('Fire',)",1.1381249999999974,0.9440124407884671,0.25250000000000006,0.3074999999999998,0.2067545304777595,0.29489291598023065,0.0,1.0593080724876442,0.34852320675105475,0.371680507232312,0.3088210474063042,0.23012413976523471,0.27420224625794576
391,Monferno,Monferno,Base,Fire,Fighting,405,64,78,52,78,52,81,4,False,405,True,78.0,52.0,56.0,81,78,52,0.4,0.1623529411764706,0.23902439024390248,0.4342857142857143,0.315250256200041,Balanced,Monferno,"('Fighting', 'Fire')",1.493749999999997,0.8699390891751299,0.44374999999999926,0.06000000000000001,0.3163097199341021,0.30395387149917624,0.0,1.1495057660626031,0.8286919831223636,0.2729325393753447,0.5714767932489455,0.2257526427228782,0.408746905689305
392,Infernape,Infernape,Base,Fire,Fighting,534,76,104,71,104,71,108,4,False,534,True,104.0,71.0,72.66666666666667,108,104,71,0.5529411764705883,0.25176470588235295,0.36097560975609766,0.5885714285714285,0.44637999590079935,DPS,Infernape,"('Fighting', 'Fire')",1.493749999999997,0.8699390891751299,0.44374999999999926,0.06000000000000001,0.3163097199341021,0.30395387149917624,0.0,1.1495057660626031,0.8286919831223636,0.2729325393753447,0.6632414991312985,0.2875345652479858,0.5067996828977493
393,Piplup,Piplup,Base,Water,None,314,53,51,53,61,56,40,4,False,314,True,56.0,54.5,54.0,40,61,56,0.27058823529411763,0.17411764705882352,0.22439024390243906,0.2,0.22311334289813486,Balanced,Piplup,"('Water',)",1.0643749999999983,0.9946743128164401,0.17500000000000007,0.2874999999999998,0.11943986820428334,0.22817133443163096,0.0,1.005354200988468,0.24894514767932577,0.4392183842370741,0.2619310002482009,0.29272609114102766,0.2560572288763089
394,Prinplup,Prinplup,Base,Water,None,405,64,66,68,81,76,50,4,False,405,True,73.5,72.0,69.33333333333333,50,81,76,0.3735294117647059,0.2564705882352941,0.33658536585365856,0.2571428571428571,0.31359858577577376,Balanced,Prinplup,"('Water',)",1.0643749999999983,0.9946743128164401,0.17500000000000007,0.2874999999999998,0.11943986820428334,0.22817133443163096,0.0,1.005354200988468,0.24894514767932577,0.4392183842370741,0.3236957061305539,0.34959840104059725,0.31996901920219534
395,Empoleon,Empoleon,Base,Water,Steel,530,84,86,88,111,101,60,4,False,530,True,98.5,94.5,91.0,60,111,101,0.5205882352941177,0.3623529411764706,0.49512195121951225,0.3142857142857143,0.4346756507481042,Heavy hitter,Empoleon,"('Steel', 'Water')",1.2343749999999971,1.2952787393198522,0.2512500000000001,0.12875000000000003,0.1400329489291598,0.598023064250412,0.051070840197693576,0.7720345963756179,0.47848101265822773,0.8399573220533597,0.5037453462397617,0.5865869460379867,0.48981842706237344
396,Starly,Starly,Base,Normal,Flying,245,40,55,30,30,30,60,4,False,245,True,42.5,30.0,33.333333333333336,60,55,30,0.19117647058823528,0.058823529411764705,0.07317073170731711,0.3142857142857143,0.1591089362574298,Balanced,Starly,"('Flying', 'Normal')",1.2068749999999977,1.0434035227617604,0.2325000000000001,0.10250000000000004,0.12026359143327842,0.1375617792421746,0.0930807248764415,0.9584019769357496,0.44135021097046473,0.5041798089947124,0.29124596674112707,0.2405528418188319,0.259673436823572
397,Staravia,Staravia,Base,Normal,Flying,340,55,75,50,40,40,80,4,False,340,True,57.5,45.0,48.333333333333336,80,75,50,0.27941176470588236,0.12941176470588237,0.18292682926829273,0.42857142857142855,0.2524467103914737,Balanced,Staravia,"('Flying', 'Normal')",1.2068749999999977,1.0434035227617604,0.2325000000000001,0.10250000000000004,0.12026359143327842,0.1375617792421746,0.0930807248764415,0.9584019769357496,0.44135021097046473,0.5041798089947124,0.3441871432117153,0.29269774856201697,0.32763690269772655
398,Staraptor,Staraptor,Base,Normal,Flying,485,85,120,70,50,60,100,4,False,485,True,85.0,65.0,71.66666666666667,100,120,70,0.4411764705882353,0.2235294117647059,0.35365853658536595,0.5428571428571428,0.3895972535355605,DPS,Staraptor,"('Flying', 'Normal')",1.2068749999999977,1.0434035227617604,0.2325000000000001,0.10250000000000004,0.12026359143327842,0.1375617792421746,0.0930807248764415,0.9584019769357496,0.44135021097046473,0.5041798089947124,0.4412459667411271,0.3683218518618735,0.42686310171391834
399,Bidoof,Bidoof,Base,Normal,None,250,59,45,40,35,40,31,4,False,250,True,40.0,40.0,46.333333333333336,31,45,40,0.17647058823529413,0.10588235294117647,0.1682926829268293,0.14857142857142858,0.15160811641729866,Balanced,Bidoof,"('Normal',)",0.8799999999999981,0.9942669932784275,0.0,0.1787500000000001,0.04365733113673806,0.0,0.03789126853377265,1.0057660626029652,0.0,0.4386753822563193,0.10588235294117647,0.2546021471636468,0.16376051707387373
400,Bibarel,Bibarel,Base,Normal,Water,410,79,85,60,55,60,71,4,False,410,True,70.0,60.0,66.33333333333333,71,85,60,0.35294117647058826,0.2,0.3146341463414634,0.37714285714285717,0.31188481246157,Balanced,Bibarel,"('Normal', 'Water')",1.1987499999999964,0.9890020356817526,0.17500000000000007,0.022500000000000003,0.1630971993410214,0.22817133443163096,0.03789126853377265,1.0111202635914334,0.4303797468354419,0.43165661164312163,0.3839166046165297,0.32132118124261455,0.3533171466600603
401,Kricketot,Kricketot,Base,Bug,None,194,37,25,41,25,41,25,4,False,194,True,25.0,41.0,39.666666666666664,25,25,41,0.08823529411764706,0.11058823529411765,0.11951219512195121,0.11428571428571428,0.10528899364623898,Balanced,Kricketot,"('Bug',)",1.006874999999999,0.9131252342169732,0.17750000000000005,0.35999999999999954,0.18369028006589788,0.1771004942339374,0.0,1.0951400329489291,0.17130801687763886,0.3305044457299968,0.12146438322164377,0.2007857094254277,0.14175767230607883
402,Kricketune,Kricketune,Base,Bug,None,384,77,85,51,55,51,65,4,False,384,True,70.0,51.0,59.666666666666664,65,85,51,0.35294117647058826,0.15764705882352942,0.2658536585365853,0.34285714285714286,0.2846833367493339,Balanced,Kricketune,"('Bug',)",1.006874999999999,0.9131252342169732,0.17750000000000005,0.35999999999999954,0.18369028006589788,0.1771004942339374,0.0,1.0951400329489291,0.17130801687763886,0.3305044457299968,0.28028791263340846,0.2538416635143803,0.282398736048649
403,Shinx,Shinx,Base,Electric,None,263,45,65,34,40,34,45,4,False,263,True,52.5,34.0,37.666666666666664,45,65,34,0.25,0.07764705882352942,0.1048780487804878,0.22857142857142856,0.1736016601762656,Balanced,Shinx,"('Electric',)",1.0599999999999987,1.0279424206198797,0.2250000000000001,0.2787499999999998,0.05518945634266886,0.16474464579901152,0.0,0.972817133443163,0.24303797468354574,0.48356845033351176,0.24721518987341828,0.24682336291676196,0.23325904813655002
404,Luxio,Luxio,Base,Electric,None,363,60,85,49,60,49,60,4,False,363,True,72.5,49.0,52.666666666666664,60,85,49,0.36764705882352944,0.14823529411764705,0.2146341463414634,0.3142857142857143,0.27151926624308265,Balanced,Luxio,"('Electric',)",1.0599999999999987,1.0279424206198797,0.2250000000000001,0.2787499999999998,0.05518945634266886,0.16474464579901152,0.0,0.972817133443163,0.24303797468354574,0.48356845033351176,0.31780342516753596,0.29896826965994705,0.3046825980443181
405,Luxray,Luxray,Base,Electric,None,523,80,120,79,95,79,70,4,False,523,True,107.5,79.0,79.33333333333333,70,120,79,0.5735294117647058,0.28941176470588237,0.40975609756097564,0.37142857142857144,0.42932516909202706,Heavy hitter,Luxray,"('Electric',)",1.0599999999999987,1.0279424206198797,0.2250000000000001,0.2787499999999998,0.05518945634266886,0.16474464579901152,0.0,0.972817133443163,0.24303797468354574,0.48356845033351176,0.4413328369322418,0.39716052217070746,0.4157943525021987
406,Budew,Budew,Base,Grass,Poison,280,40,30,35,50,70,55,4,False,280,True,40.0,52.5,48.333333333333336,55,50,70,0.17647058823529413,0.16470588235294117,0.18292682926829273,0.2857142857142857,0.1966693994671039,Balanced,Budew,"('Grass', 'Poison')",1.3374999999999972,0.9329490865455523,0.31874999999999964,0.11000000000000004,0.24135090609555185,0.29983525535420097,0.0,1.0718698517298186,0.6177215189873422,0.35693183277145646,0.3529709605361134,0.2461514992491852,0.28739138676640935
407,Roserade,Roserade,Base,Grass,Poison,515,60,70,65,125,105,90,4,False,515,True,97.5,85.0,76.66666666666667,90,125,105,0.5147058823529411,0.3176470588235294,0.39024390243902446,0.4857142857142857,0.43475046116007376,Heavy hitter,Roserade,"('Grass', 'Poison')",1.3374999999999972,0.9329490865455523,0.31874999999999964,0.11000000000000004,0.24135090609555185,0.29983525535420097,0.0,1.0718698517298186,0.6177215189873422,0.35693183277145646,0.5559121370067015,0.351510179306574,0.46588762062580674
408,Cranidos,Cranidos,Base,Rock,None,350,67,125,40,30,30,58,4,False,350,True,77.5,35.0,45.666666666666664,58,125,40,0.39705882352941174,0.08235294117647059,0.16341463414634147,0.3028571428571429,0.25281317893010863,Heavy hitter,Cranidos,"('Rock',)",1.2499999999999976,0.8433483841446162,0.27374999999999994,0.1637500000000001,0.32125205930807244,0.271004942339374,0.0,1.1857495881383855,0.4995780590717305,0.2374841894835534,0.43806651774633926,0.16467086374177142,0.3079784144891549
409,Rampardos,Rampardos,Base,Rock,None,495,97,165,60,65,50,58,4,False,495,True,115.0,55.0,69.0,58,165,60,0.6176470588235294,0.17647058823529413,0.3341463414634147,0.3028571428571429,0.3876948145111704,Heavy hitter,Rampardos,"('Rock',)",1.2499999999999976,0.8433483841446162,0.27374999999999994,0.1637500000000001,0.32125205930807244,0.271004942339374,0.0,1.1857495881383855,0.4995780590717305,0.2374841894835534,0.5704194589228099,0.240294967041628,0.4038390672868593
410,Shieldon,Shieldon,Base,Rock,Steel,350,30,42,118,42,88,30,4,False,350,True,42.0,103.0,78.66666666666667,30,42,118,0.18823529411764706,0.4023529411764706,0.4048780487804879,0.14285714285714285,0.27601762656282025,Balanced,Shieldon,"('Rock', 'Steel')",1.3956249999999963,0.9254812265115042,0.3512499999999997,0.05625000000000002,0.2026359143327842,0.4538714991762768,0.051070840197693576,1.080518945634267,0.696202531645569,0.3469763496383059,0.3914221891288158,0.380833581462209,0.3336501655031835
411,Bastiodon,Bastiodon,Base,Rock,Steel,495,60,52,168,47,138,30,4,False,495,True,49.5,153.0,122.0,30,52,168,0.2323529411764706,0.6376470588235295,0.7219512195121952,0.14285714285714285,0.41369696659151467,Balanced,Bastiodon,"('Rock', 'Steel')",1.3956249999999963,0.9254812265115042,0.3512499999999997,0.05625000000000002,0.2026359143327842,0.4538714991762768,0.051070840197693576,1.080518945634267,0.696202531645569,0.3469763496383059,0.41789277736410996,0.5424548153216064,0.41337667195942457
412,Burmy,Burmy,Base,Bug,None,224,40,29,45,29,45,36,4,False,224,True,29.0,45.0,43.333333333333336,36,29,45,0.11176470588235295,0.12941176470588237,0.1463414634146342,0.17714285714285713,0.1361674523467924,Balanced,Burmy,"('Bug',)",1.006874999999999,0.9131252342169732,0.17750000000000005,0.35999999999999954,0.18369028006589788,0.1771004942339374,0.0,1.0951400329489291,0.17130801687763886,0.3305044457299968,0.1355820302804673,0.21408126179271608,0.16545373707344918
413,WormadamPlant Cloak,Wormadam,Plant Cloak,Bug,Grass,424,60,59,85,79,105,36,4,False,424,True,69.0,95.0,83.33333333333333,36,79,105,0.34705882352941175,0.36470588235294116,0.4390243902439025,0.17714285714285713,0.33588050830088134,Balanced,Wormadam (Plant Cloak),"('Bug', 'Grass')",1.3296874999999975,0.7128596589163759,0.35249999999999965,0.2287500000000001,0.3253706754530478,0.32207578253706753,0.0,1.4028006589785833,0.6071729957805914,0.06352829085219168,0.4511044924298836,0.26281447272538166,0.33623964360612874
413,WormadamSandy Cloak,Wormadam,Sandy Cloak,Bug,Ground,424,60,79,105,59,85,36,4,False,424,True,69.0,95.0,83.33333333333333,36,79,105,0.34705882352941175,0.36470588235294116,0.4390243902439025,0.17714285714285713,0.33588050830088134,Balanced,Wormadam (Sandy Cloak),"('Bug', 'Ground')",1.4190624999999963,0.8659058480376534,0.42624999999999924,0.11000000000000004,0.271004942339374,0.14991762767710048,0.04118616144975288,1.154859967051071,0.7278481012658222,0.26755578299091753,0.49937453462397596,0.34442546958087206,0.38003095954041277
413,WormadamTrash Cloak,Wormadam,Trash Cloak,Bug,Steel,424,60,69,95,69,95,36,4,False,424,True,69.0,95.0,83.33333333333333,36,69,95,0.34705882352941175,0.36470588235294116,0.4390243902439025,0.17714285714285713,0.33588050830088134,Balanced,Wormadam (Trash Cloak),"('Bug', 'Steel')",1.2553124999999972,1.1537182215247197,0.2875,0.13375000000000006,0.05271828665568369,0.4415156507413509,0.051070840197693576,0.8667627677100493,0.5067510548523207,0.6512414997422705,0.4109357160585754,0.49789975628141325,0.3906977181244149
414,Mothim,Mothim,Base,Bug,Flying,424,70,94,50,94,50,66,4,False,424,True,94.0,50.0,56.666666666666664,66,94,50,0.49411764705882355,0.15294117647058825,0.24390243902439024,0.3485714285714286,0.32967124410739906,Balanced,Mothim,"('Bug', 'Flying')",1.3637499999999967,0.8507358086665777,0.3412499999999996,0.05500000000000002,0.25617792421746294,0.18121911037891267,0.05518945634266886,1.1754530477759475,0.653164556962025,0.2473324431854836,0.5577364110201042,0.2134379987949969,0.38886236494836485
415,Combee,Combee,Base,Bug,Flying,244,30,30,42,30,42,70,4,False,244,True,30.0,42.0,38.0,70,30,42,0.11764705882352941,0.11529411764705882,0.10731707317073172,0.37142857142857144,0.16574912891986066,Balanced,Combee,"('Bug', 'Flying')",1.3637499999999967,0.8507358086665777,0.3412499999999996,0.05500000000000002,0.25617792421746294,0.18121911037891267,0.05518945634266886,1.1754530477759475,0.653164556962025,0.2473324431854836,0.33185405807892765,0.16611518674334697,0.26315283430683994
416,Vespiquen,Vespiquen,Base,Bug,Flying,474,70,80,102,80,102,40,4,False,474,True,80.0,102.0,91.33333333333333,40,80,102,0.4117647058823529,0.3976470588235294,0.49756097560975615,0.2,0.3830416068866571,Balanced,Vespiquen,"('Bug', 'Flying')",1.3637499999999967,0.8507358086665777,0.3412499999999996,0.05500000000000002,0.25617792421746294,0.18121911037891267,0.05518945634266886,1.1754530477759475,0.653164556962025,0.2473324431854836,0.5083246463142218,0.36249969176486774,0.3995360070881477
417,Pachirisu,Pachirisu,Base,Electric,None,405,60,45,70,45,90,95,4,False,405,True,45.0,80.0,73.33333333333333,95,45,90,0.20588235294117646,0.29411764705882354,0.3658536585365854,0.5142857142857142,0.3216161098585776,Balanced,Pachirisu,"('Electric',)",1.0599999999999987,1.0279424206198797,0.2250000000000001,0.2787499999999998,0.05518945634266886,0.16474464579901152,0.0,0.972817133443163,0.24303797468354574,0.48356845033351176,0.22074460163812418,0.3878319712381393,0.3300327056483352
418,Buizel,Buizel,Base,Water,None,330,55,65,35,60,30,85,4,False,330,True,62.5,32.5,40.0,85,65,35,0.3088235294117647,0.07058823529411765,0.12195121951219513,0.45714285714285713,0.24155410944865752,Balanced,Buizel,"('Water',)",1.0643749999999983,0.9946743128164401,0.17500000000000007,0.2874999999999998,0.11943986820428334,0.22817133443163096,0.0,1.005354200988468,0.24894514767932577,0.4392183842370741,0.28487217671878917,0.23088104092581963,0.2880177279539888
419,Floatzel,Floatzel,Base,Water,None,495,85,105,55,85,50,115,4,False,495,True,95.0,52.5,63.333333333333336,115,105,55,0.5,0.16470588235294117,0.29268292682926833,0.6285714285714286,0.4004273416683747,DPS,Floatzel,"('Water',)",1.0643749999999983,0.9946743128164401,0.17500000000000007,0.2874999999999998,0.11943986820428334,0.22817133443163096,0.0,1.005354200988468,0.24894514767932577,0.4392183842370741,0.3995780590717303,0.30650514422567615,0.4061325824323654
420,Cherubi,Cherubi,Base,Grass,None,275,45,35,45,62,53,35,4,False,275,True,48.5,49.0,47.666666666666664,35,62,53,0.22647058823529412,0.14823529411764705,0.17804878048780487,0.17142857142857143,0.18621899979503995,Balanced,Cherubi,"('Grass',)",1.0306249999999983,0.8784370469852222,0.20000000000000007,0.42874999999999935,0.27759472817133446,0.2784184514003295,0.0,1.13838550247117,0.20337552742616116,0.28426125674000846,0.21723256391164092,0.21009905075913107,0.2035698764759374
421,Cherrim,Cherrim,Base,Grass,None,450,70,60,70,87,78,85,4,False,450,True,73.5,74.0,72.66666666666667,85,87,78,0.3735294117647059,0.26588235294117646,0.36097560975609766,0.45714285714285713,0.3608295757327321,Balanced,Cherrim,"('Grass',)",1.0306249999999983,0.8784370469852222,0.20000000000000007,0.42874999999999935,0.27759472817133446,0.2784184514003295,0.0,1.13838550247117,0.20337552742616116,0.28426125674000846,0.305467858029288,0.29700722866443957,0.3339851767423855
422,Shellos,Shellos,Base,Water,None,325,76,48,48,57,62,34,4,False,325,True,52.5,55.0,62.0,34,57,62,0.25,0.17647058823529413,0.2829268292682927,0.1657142857142857,0.22134587005533923,Balanced,Shellos,"('Water',)",1.0643749999999983,0.9946743128164401,0.17500000000000007,0.2874999999999998,0.11943986820428334,0.22817133443163096,0.0,1.005354200988468,0.24894514767932577,0.4392183842370741,0.2495780590717303,0.30818376689425575,0.25034537706241256
423,Gastrodon,Gastrodon,Base,Water,Ground,475,111,83,68,92,82,39,4,False,475,True,87.5,75.0,87.0,39,92,82,0.45588235294117646,0.27058823529411763,0.46585365853658545,0.19428571428571428,0.3592337569174011,Balanced,Gastrodon,"('Ground', 'Water')",1.3187499999999965,0.911069417556444,0.3124999999999997,0.11250000000000004,0.07825370675453047,0.19192751235584846,0.04118616144975288,1.0976112026359144,0.5924050632911386,0.32776381481358496,0.5104914370811613,0.34227482291252154,0.3899069423866883
424,Ambipom,Ambipom,Base,Normal,None,482,75,100,66,60,66,115,4,False,482,True,80.0,66.0,69.0,115,100,66,0.4117647058823529,0.22823529411764706,0.3341463414634147,0.6285714285714286,0.39372002459520394,DPS,Ambipom,"('Normal',)",0.8799999999999981,0.9942669932784275,0.0,0.1787500000000001,0.04365733113673806,0.0,0.03789126853377265,1.0057660626029652,0.0,0.4386753822563193,0.24705882352941175,0.3388890912095579,0.35383397474962697
425,Drifloon,Drifloon,Base,Ghost,Flying,348,90,50,34,60,44,70,4,False,348,True,55.0,39.0,56.0,70,60,44,0.2647058823529412,0.1011764705882353,0.23902439024390248,0.37142857142857144,0.24003176880508303,Balanced,Drifloon,"('Flying', 'Ghost')",1.3924999999999956,1.101133785635577,0.3662499999999996,0.0075,0.200164744645799,0.1886326194398682,0.1828665568369028,0.9081548599670511,0.6919831223628676,0.5811406325361635,0.43561677835691176,0.3276241152813234,0.3642529969622099
426,Drifblim,Drifblim,Base,Ghost,Flying,498,150,80,44,90,54,80,4,False,498,True,85.0,49.0,82.66666666666667,80,90,54,0.4411764705882353,0.14823529411764705,0.43414634146341474,0.42857142857142855,0.3640141422422628,Balanced,Drifblim,"('Flying', 'Ghost')",1.3924999999999956,1.101133785635577,0.3662499999999996,0.0075,0.200164744645799,0.1886326194398682,0.1828665568369028,0.9081548599670511,0.6919831223628676,0.5811406325361635,0.5414991312980882,0.39287519132149556,0.45335004553773767
427,Buneary,Buneary,Base,Normal,None,350,55,66,44,44,56,85,4,False,350,True,55.0,50.0,51.666666666666664,85,66,56,0.2647058823529412,0.15294117647058825,0.20731707317073172,0.45714285714285713,0.26377433900389424,Balanced,Buneary,"('Normal',)",0.8799999999999981,0.9942669932784275,0.0,0.1787500000000001,0.04365733113673806,0.0,0.03789126853377265,1.0057660626029652,0.0,0.4386753822563193,0.1588235294117647,0.28082883295991656,0.25591564107469356
428,Lopunny,Lopunny,Base,Normal,None,480,65,76,84,54,96,105,4,False,480,True,65.0,90.0,81.66666666666667,105,76,96,0.3235294117647059,0.3411764705882353,0.42682926829268303,0.5714285714285714,0.3981809797089568,Balanced,Lopunny,"('Normal',)",0.8799999999999981,0.9942669932784275,0.0,0.1787500000000001,0.04365733113673806,0.0,0.03789126853377265,1.0057660626029652,0.0,0.4386753822563193,0.19411764705882353,0.4015892346815808,0.34356526189863285
428,LopunnyMega Lopunny,Lopunny,Mega Lopunny,Normal,Fighting,580,65,136,94,54,96,135,4,False,580,True,95.0,95.0,85.0,135,136,96,0.5,0.36470588235294116,0.451219512195122,0.7428571428571429,0.5049918015986883,DPS,Lopunny (Mega Lopunny),"('Fighting', 'Normal')",1.224999999999997,0.8916636055214987,0.2475000000000001,0.05750000000000002,0.23393739703459634,0.14909390444810544,0.03789126853377265,1.1214991762767708,0.46582278481012623,0.3018937217054976,0.4863291139240505,0.36120942555450897,0.4900718149043476
429,Mismagius,Mismagius,Base,Ghost,None,495,60,60,60,105,105,105,4,False,495,True,82.5,82.5,75.0,105,105,105,0.4264705882352941,0.3058823529411765,0.37804878048780494,0.5714285714285714,0.41563076450092235,DPS,Mismagius,"('Ghost',)",1.0056249999999984,1.114784204450553,0.15875000000000006,0.18375000000000005,0.07990115321252059,0.11037891268533773,0.12767710049423395,0.8970345963756177,0.16962025316455784,0.5993381501186227,0.3237304542069996,0.4413062786988121,0.4099429656818675
430,Honchkrow,Honchkrow,Base,Dark,Flying,505,100,125,52,105,52,71,4,False,505,True,115.0,52.0,68.0,71,125,52,0.6176470588235294,0.1623529411764706,0.326829268292683,0.37714285714285717,0.397559130969461,Heavy hitter,Honchkrow,"('Dark', 'Flying')",1.384374999999996,1.0584132508414004,0.36124999999999957,0.01375,0.15321252059308071,0.15815485996705106,0.12932454695222406,0.9448105436573312,0.6810126582278468,0.5241894361233334,0.6429932985852564,0.3482066209342688,0.4778646039312309
431,Glameow,Glameow,Base,Normal,None,310,49,55,42,42,37,85,4,False,310,True,48.5,39.5,42.666666666666664,85,55,42,0.22647058823529412,0.10352941176470588,0.14146341463414636,0.45714285714285713,0.22486831317893008,Balanced,Glameow,"('Normal',)",0.8799999999999981,0.9942669932784275,0.0,0.1787500000000001,0.04365733113673806,0.0,0.03789126853377265,1.0057660626029652,0.0,0.4386753822563193,0.13588235294117645,0.2470713006787114,0.23077600692835207
432,Purugly,Purugly,Base,Normal,None,452,71,82,64,64,59,112,4,False,452,True,73.0,61.5,64.66666666666667,112,82,64,0.37058823529411766,0.20705882352941177,0.302439024390244,0.6114285714285714,0.3642441073990572,Fast,Purugly,"('Normal',)",0.8799999999999981,0.9942669932784275,0.0,0.1787500000000001,0.04365733113673806,0.0,0.03789126853377265,1.0057660626029652,0.0,0.4386753822563193,0.2223529411764706,0.3235504972353829,0.3323572274653474
433,Chingling,Chingling,Base,Psychic,None,285,45,30,50,65,50,45,4,False,285,True,47.5,50.0,48.333333333333336,45,65,50,0.22058823529411764,0.15294117647058825,0.18292682926829273,0.22857142857142856,0.1977408280385325,Balanced,Chingling,"('Psychic',)",0.9878124999999977,0.9256576430623346,0.12250000000000003,0.21125000000000013,0.13920922570016475,0.11779242174629324,0.0,1.080313014827018,0.1455696202531643,0.3472115324066214,0.1905807892777363,0.23814573204442763,0.21162287381591696
434,Stunky,Stunky,Base,Poison,Dark,329,63,63,47,41,41,74,4,False,329,True,52.0,44.0,50.333333333333336,74,63,47,0.24705882352941178,0.12470588235294118,0.19756097560975613,0.3942857142857143,0.23601639680262348,Balanced,Stunky,"('Dark', 'Poison')",1.2593749999999964,1.140977442307193,0.2637499999999999,0.023749999999999997,0.05518945634266886,0.20922570016474465,0.07413509060955518,0.8764415156507414,0.5122362869198301,0.6342566323204146,0.3531298088855791,0.3467399556541343,0.33981922691372257
435,Skuntank,Skuntank,Base,Poison,Dark,479,103,93,67,71,61,84,4,False,479,True,82.0,64.0,77.0,84,93,67,0.4235294117647059,0.2188235294117647,0.39268292682926836,0.4514285714285714,0.3717634761221562,Balanced,Skuntank,"('Dark', 'Poison')",1.2593749999999964,1.140977442307193,0.2637499999999999,0.023749999999999997,0.05518945634266886,0.20922570016474465,0.07413509060955518,0.8764415156507414,0.5122362869198301,0.6342566323204146,0.4590121618267556,0.4284616199296006,0.4356221578421916
436,Bronzor,Bronzor,Base,Steel,Psychic,300,57,24,86,24,86,23,4,False,300,True,24.0,86.0,76.33333333333333,23,24,86,0.08235294117647059,0.32235294117647056,0.3878048780487805,0.10285714285714286,0.20754416888706703,Balanced,Bronzor,"('Psychic', 'Steel')",1.2312499999999968,1.1606118533374925,0.2475000000000001,0.06750000000000002,0.18780889621087313,0.5131795716639209,0.051070840197693576,0.8616144975288305,0.4742616033755269,0.6604314731650862,0.23911640605609313,0.4739473381899943,0.284390960641067
437,Bronzong,Bronzong,Base,Steel,Psychic,500,67,89,116,79,116,33,4,False,500,True,84.0,116.0,99.66666666666667,33,89,116,0.43529411764705883,0.46352941176470586,0.5585365853658538,0.16,0.41194261119081776,Balanced,Bronzong,"('Psychic', 'Steel')",1.2312499999999968,1.1606118533374925,0.2475000000000001,0.06750000000000002,0.18780889621087313,0.5131795716639209,0.051070840197693576,0.8616144975288305,0.4742616033755269,0.6604314731650862,0.45088111193844604,0.566042029725145,0.43595644537154465
438,Bonsly,Bonsly,Base,Rock,None,290,50,80,95,10,45,10,4,False,290,True,45.0,70.0,63.333333333333336,10,80,95,0.20588235294117646,0.24705882352941178,0.29268292682926833,0.02857142857142857,0.1980744004919041,Balanced,Bonsly,"('Rock',)",1.2499999999999976,0.8433483841446162,0.27374999999999994,0.1637500000000001,0.32125205930807244,0.271004942339374,0.0,1.1857495881383855,0.4995780590717305,0.2374841894835534,0.3233606353933981,0.2546349957360326,0.23973162723766894
439,Mime Jr.,Mime Jr.,Base,Psychic,Fairy,310,20,25,45,70,90,60,4,False,310,True,47.5,67.5,51.666666666666664,60,70,90,0.22058823529411764,0.23529411764705882,0.20731707317073172,0.3142857142857143,0.24034996925599508,Balanced,Mime Jr.,"('Fairy', 'Psychic')",1.2287499999999962,0.9820020212803635,0.2375000000000001,0.05750000000000001,0.12932454695222403,0.11779242174629324,0.04118616144975288,1.01832784184514,0.47088607594936577,0.42232481846715014,0.32070737155621687,0.30311213685601357,0.30241194221054724
440,Happiny,Happiny,Base,Normal,None,220,100,5,5,15,65,30,4,False,220,True,10.0,35.0,56.666666666666664,30,15,65,0.0,0.08235294117647059,0.24390243902439024,0.14285714285714285,0.09794015167042426,Balanced,Happiny,"('Normal',)",0.8799999999999981,0.9942669932784275,0.0,0.1787500000000001,0.04365733113673806,0.0,0.03789126853377265,1.0057660626029652,0.0,0.4386753822563193,0.0,0.26526929207039,0.11570038180025206
441,Chatot,Chatot,Base,Normal,Flying,411,76,65,45,92,42,91,4,False,411,True,78.5,43.5,54.333333333333336,91,92,45,0.40294117647058825,0.1223529411764706,0.22682926829268296,0.49142857142857144,0.3152692150030744,Balanced,Chatot,"('Flying', 'Normal')",1.2068749999999977,1.0434035227617604,0.2325000000000001,0.10250000000000004,0.12026359143327842,0.1375617792421746,0.0930807248764415,0.9584019769357496,0.44135021097046473,0.5041798089947124,0.41830479027053885,0.3012027700828204,0.3786874150978086
442,Spiritomb,Spiritomb,Base,Ghost,Dark,485,50,92,108,92,108,35,4,False,485,True,92.0,108.0,88.66666666666667,35,92,108,0.4823529411764706,0.4258823529411765,0.47804878048780497,0.17142857142857143,0.4051895880303341,Balanced,Spiritomb,"('Dark', 'Ghost')",1.1312499999999972,1.2413087919151853,0.16125000000000006,0.06500000000000003,0.032948929159802305,0.051070840197693576,0.20181219110378915,0.8056013179571664,0.33924050632911357,0.768009414803559,0.4251079672375278,0.5757747845727866,0.4292683461856829
443,Gible,Gible,Base,Dragon,Ground,300,58,70,45,40,45,42,4,False,300,True,55.0,45.0,49.333333333333336,42,70,45,0.2647058823529412,0.12941176470588237,0.19024390243902442,0.21142857142857144,0.20533449477351917,Balanced,Gible,"('Dragon', 'Ground')",1.3306249999999953,0.9514106574020275,0.30499999999999977,0.00625,0.10543657331136738,0.15156507413509063,0.04118616144975288,1.0510708401976938,0.6084388185653986,0.38154314798560546,0.4021990568379241,0.2454723524510571,0.29703578840080036
444,Gabite,Gabite,Base,Dragon,Ground,410,68,90,65,50,55,82,4,False,410,True,70.0,60.0,62.666666666666664,82,90,65,0.35294117647058826,0.2,0.28780487804878047,0.44,0.319090387374462,Balanced,Gabite,"('Dragon', 'Ground')",1.3306249999999953,0.9514106574020275,0.30499999999999977,0.00625,0.10543657331136738,0.15156507413509063,0.04118616144975288,1.0510708401976938,0.6084388185653986,0.38154314798560546,0.4551402333085124,0.2945684787064373,0.3842901950415055
445,Garchomp,Garchomp,Base,Dragon,Ground,600,108,130,95,80,85,102,4,False,600,True,105.0,90.0,96.0,102,130,95,0.5588235294117647,0.3411764705882353,0.5317073170731708,0.5542857142857143,0.4980809592129535,DPS,Garchomp,"('Dragon', 'Ground')",1.3306249999999953,0.9514106574020275,0.30499999999999977,0.00625,0.10543657331136738,0.15156507413509063,0.04118616144975288,1.0510708401976938,0.6084388185653986,0.38154314798560546,0.5786696450732183,0.4049558531684172,0.5108096150046126
445,GarchompMega Garchomp,Garchomp,Mega Garchomp,Dragon,Ground,700,108,170,115,120,95,92,4,False,700,True,145.0,105.0,106.0,92,170,115,0.7941176470588235,0.4117647058823529,0.6048780487804879,0.49714285714285716,0.6012865341258454,Tank,Garchomp (Mega Garchomp),"('Dragon', 'Ground')",1.3306249999999953,0.9514106574020275,0.30499999999999977,0.00625,0.10543657331136738,0.15156507413509063,0.04118616144975288,1.0510708401976938,0.6084388185653986,0.38154314798560546,0.7198461156614535,0.4479544184481877,0.5870891804893431
446,Munchlax,Munchlax,Base,Normal,None,390,135,85,40,40,85,5,4,False,390,True,62.5,62.5,86.66666666666667,5,85,85,0.3088235294117647,0.21176470588235294,0.46341463414634154,0.0,0.25371233859397424,Balanced,Munchlax,"('Normal',)",0.8799999999999981,0.9942669932784275,0.0,0.1787500000000001,0.04365733113673806,0.0,0.03789126853377265,1.0057660626029652,0.0,0.4386753822563193,0.18529411764705883,0.36544145849793663,0.22180693539730065
447,Riolu,Riolu,Base,Fighting,None,285,40,70,40,35,40,60,4,False,285,True,52.5,40.0,40.0,60,70,40,0.25,0.10588235294117647,0.12195121951219513,0.3142857142857143,0.201217974994876,Balanced,Riolu,"('Fighting',)",1.064374999999999,0.8962716861660586,0.2475000000000001,0.35124999999999973,0.19028006589785829,0.14909390444810544,0.0,1.1157331136738053,0.24894514767932668,0.30803680271183054,0.24957805907173067,0.19076134949219276,0.23438518186843862
448,Lucario,Lucario,Base,Fighting,Steel,525,70,110,70,115,70,90,4,False,525,True,112.5,70.0,70.0,90,115,70,0.6029411764705882,0.24705882352941178,0.3414634146341464,0.4857142857142857,0.4382296577167452,Heavy hitter,Lucario,"('Fighting', 'Steel')",1.3243749999999967,1.1606118533374925,0.30999999999999983,0.05625000000000001,0.15156507413509063,0.4242174629324547,0.051070840197693576,0.8616144975288303,0.5999999999999996,0.6604314731650862,0.6017647058823528,0.4360090311598652,0.5101001832155553
448,LucarioMega Lucario,Lucario,Mega Lucario,Fighting,Steel,625,70,145,88,140,70,112,4,False,625,True,142.5,79.0,76.0,112,145,88,0.7794117647058824,0.28941176470588237,0.38536585365853665,0.6114285714285714,0.544505943840951,DPS,Lucario (Mega Lucario),"('Fighting', 'Steel')",1.3243749999999967,1.1606118533374925,0.30999999999999983,0.05625000000000001,0.15156507413509063,0.4242174629324547,0.051070840197693576,0.8616144975288303,0.5999999999999996,0.6604314731650862,0.7076470588235293,0.4618081703277275,0.5949914519181584
449,Hippopotas,Hippopotas,Base,Ground,None,330,68,72,78,38,42,32,4,False,330,True,55.0,60.0,62.666666666666664,32,72,78,0.2647058823529412,0.2,0.28780487804878047,0.15428571428571428,0.23106517729042836,Balanced,Hippopotas,"('Ground',)",1.0974999999999973,0.8906823176219454,0.25375000000000003,0.2425000000000001,0.21334431630971992,0.09884678747940692,0.04118616144975288,1.1227347611202636,0.29367088607594893,0.30058555643616647,0.27629188384214426,0.2621854420866617,0.24697501989927761
450,Hippowdon,Hippowdon,Base,Ground,None,525,108,112,118,68,72,47,4,False,525,True,90.0,95.0,99.33333333333333,47,112,118,0.47058823529411764,0.36470588235294116,0.5560975609756098,0.24,0.4151018651362984,Tank,Hippowdon,"('Ground',)",1.0974999999999973,0.8906823176219454,0.25375000000000003,0.2425000000000001,0.21334431630971992,0.09884678747940692,0.04118616144975288,1.1227347611202636,0.29367088607594893,0.30058555643616647,0.39982129560685015,0.38690567164189843,0.37426549950575433
451,Skorupi,Skorupi,Base,Poison,Bug,330,40,50,90,30,55,65,4,False,330,True,40.0,72.5,61.666666666666664,65,50,90,0.17647058823529413,0.25882352941176473,0.28048780487804875,0.34285714285714286,0.2511395777823324,Balanced,Skorupi,"('Bug', 'Poison')",1.1774999999999975,0.9134687726794949,0.2300000000000001,0.15000000000000008,0.257825370675453,0.2652388797364086,0.0,1.0947281713344317,0.40168776371308046,0.3309624204849641,0.26655745842640866,0.2930951547076155,0.28365103787876944
452,Drapion,Drapion,Base,Poison,Dark,500,70,90,110,60,75,95,4,False,500,True,75.0,92.5,85.0,95,90,110,0.38235294117647056,0.35294117647058826,0.451219512195122,0.5142857142857142,0.41515986882557904,Balanced,Drapion,"('Dark', 'Poison')",1.2593749999999964,1.140977442307193,0.2637499999999999,0.023749999999999997,0.05518945634266886,0.20922570016474465,0.07413509060955518,0.8764415156507414,0.5122362869198301,0.6342566323204146,0.4343062794738144,0.4900369427416522,0.4601504320787154
453,Croagunk,Croagunk,Base,Poison,Fighting,300,48,61,40,61,40,50,4,False,300,True,61.0,40.0,42.666666666666664,50,61,40,0.3,0.10588235294117647,0.14146341463414636,0.2571428571428571,0.21119184259069482,Balanced,Croagunk,"('Fighting', 'Poison')",1.341874999999998,0.8439346534414064,0.3587499999999994,0.10500000000000002,0.21252059308072485,0.32207578253706753,0.0,1.1849258649093906,0.6236286919831238,0.23826575127890948,0.4294514767932495,0.16773097769951215,0.2923500889871863
454,Toxicroak,Toxicroak,Base,Poison,Fighting,490,83,106,65,86,65,85,4,False,490,True,96.0,65.0,71.0,85,106,65,0.5058823529411764,0.2235294117647059,0.3487804878048781,0.45714285714285713,0.39412584546013524,Balanced,Toxicroak,"('Fighting', 'Poison')",1.341874999999998,0.8439346534414064,0.3587499999999994,0.10500000000000002,0.21252059308072485,0.32207578253706753,0.0,1.1849258649093906,0.6236286919831238,0.23826575127890948,0.5529808885579555,0.2607367165804304,0.42710367578776015
455,Carnivine,Carnivine,Base,Grass,None,454,74,100,72,90,72,46,4,False,454,True,95.0,72.0,72.66666666666667,46,100,72,0.5,0.2564705882352941,0.36097560975609766,0.2342857142857143,0.35816991186718594,Balanced,Carnivine,"('Grass',)",1.0306249999999983,0.8784370469852222,0.20000000000000007,0.42874999999999935,0.27759472817133446,0.2784184514003295,0.0,1.13838550247117,0.20337552742616116,0.28426125674000846,0.38135021097046445,0.29371311101738073,0.329522361616335
456,Finneon,Finneon,Base,Water,None,330,49,49,56,49,61,66,4,False,330,True,49.0,58.5,55.333333333333336,66,49,61,0.22941176470588234,0.19294117647058823,0.23414634146341465,0.3485714285714286,0.24507296577167453,Balanced,Finneon,"('Water',)",1.0643749999999983,0.9946743128164401,0.17500000000000007,0.2874999999999998,0.11943986820428334,0.22817133443163096,0.0,1.005354200988468,0.24894514767932577,0.4392183842370741,0.2372251178952597,0.30175335082538923,0.27446271155718616
457,Lumineon,Lumineon,Base,Water,None,460,69,69,76,69,86,91,4,False,460,True,69.0,81.0,77.0,91,69,86,0.34705882352941175,0.2988235294117647,0.39268292682926836,0.49142857142857144,0.37299877023980327,Balanced,Lumineon,"('Water',)",1.0643749999999983,0.9946743128164401,0.17500000000000007,0.2874999999999998,0.11943986820428334,0.22817133443163096,0.0,1.005354200988468,0.24894514767932577,0.4392183842370741,0.30781335318937736,0.3784463206962644,0.3663233387348865
458,Mantyke,Mantyke,Base,Water,Flying,345,45,20,50,60,120,50,4,False,345,True,40.0,85.0,71.66666666666667,50,60,120,0.17647058823529413,0.3176470588235294,0.35365853658536595,0.2571428571428571,0.2633367493338799,Balanced,Mantyke,"('Flying', 'Water')",1.451874999999997,1.0349531106083263,0.3937499999999994,0.00875,0.08896210873146623,0.29983525535420097,0.05518945634266886,0.9662273476112028,0.7721518987341776,0.4929144752474112,0.4147431124348475,0.39675689483354126,0.362996254395512
459,Snover,Snover,Base,Grass,Ice,334,60,62,50,62,60,40,4,False,334,True,62.0,55.0,56.666666666666664,40,62,60,0.3058823529411765,0.17647058823529413,0.24390243902439024,0.2,0.23995695839311335,Balanced,Snover,"('Grass', 'Ice')",1.5396874999999965,0.7438725484662614,0.45499999999999946,0.10500000000000004,0.37808896210873144,0.2784184514003295,0.0,1.3443163097199342,0.8907172995780592,0.10487190166124215,0.5398163315959297,0.16468907630294738,0.3313267992882232
460,Abomasnow,Abomasnow,Base,Grass,Ice,494,90,92,75,92,85,60,4,False,494,True,92.0,80.0,83.33333333333333,60,92,85,0.4823529411764706,0.29411764705882354,0.4390243902439025,0.3142857142857143,0.39301496208239395,Balanced,Abomasnow,"('Grass', 'Ice')",1.5396874999999965,0.7438725484662614,0.45499999999999946,0.10500000000000004,0.37808896210873144,0.2784184514003295,0.0,1.3443163097199342,0.8907172995780592,0.10487190166124215,0.6456986845371061,0.25464603469606073,0.4407683856788769
460,AbomasnowMega Abomasnow,Abomasnow,Mega Abomasnow,Grass,Ice,594,90,132,105,132,105,30,4,False,594,True,132.0,105.0,100.0,30,132,105,0.7176470588235294,0.4117647058823529,0.5609756097560976,0.14285714285714285,0.4948841975814716,Tank,Abomasnow (Mega Abomasnow),"('Grass', 'Ice')",1.5396874999999965,0.7438725484662614,0.45499999999999946,0.10500000000000004,0.37808896210873144,0.2784184514003295,0.0,1.3443163097199342,0.8907172995780592,0.10487190166124215,0.7868751551253415,0.3263103101623448,0.5083043561646322
461,Weavile,Weavile,Base,Dark,Ice,510,70,120,65,45,85,125,4,False,510,True,82.5,75.0,73.33333333333333,125,120,85,0.4264705882352941,0.27058823529411763,0.3658536585365854,0.6857142857142857,0.4272253535560566,DPS,Weavile,"('Dark', 'Ice')",1.4493749999999959,0.8101434761538109,0.4012499999999995,0.03875000000000001,0.27677100494233936,0.11120263591433277,0.07413509060955518,1.234349258649094,0.7687763713080158,0.19321837572524606,0.5633929014643828,0.26345664727718593,0.47133510065946027
462,Magnezone,Magnezone,Base,Electric,Steel,535,70,70,115,130,90,60,4,False,535,True,100.0,102.5,91.66666666666667,60,130,115,0.5294117647058824,0.4,0.5000000000000001,0.3142857142857143,0.44815126050420173,Heavy hitter,Magnezone,"('Electric', 'Steel')",1.332499999999996,1.1452830175562514,0.34124999999999966,0.07750000000000001,0.15156507413509063,0.6136738056013179,0.051070840197693576,0.8731466227347612,0.6109704641350199,0.6399964401870701,0.5620352444775374,0.5209985760748281,0.49547921683195084
463,Lickilicky,Lickilicky,Base,Normal,None,515,110,85,95,80,95,50,4,False,515,True,82.5,95.0,100.0,50,85,95,0.4264705882352941,0.36470588235294116,0.5609756097560976,0.2571428571428571,0.4040648698503792,Balanced,Lickilicky,"('Normal',)",0.8799999999999981,0.9942669932784275,0.0,0.1787500000000001,0.04365733113673806,0.0,0.03789126853377265,1.0057660626029652,0.0,0.4386753822563193,0.25588235294117645,0.4433611141650815,0.33454243447498044
464,Rhyperior,Rhyperior,Base,Ground,Rock,535,115,140,130,55,55,40,4,False,535,True,97.5,92.5,100.0,40,140,130,0.5147058823529411,0.35294117647058826,0.5609756097560976,0.2,0.42057747489239605,Tank,Rhyperior,"('Ground', 'Rock')",1.5562499999999957,0.6652054790095564,0.4687499999999993,0.005,0.35255354200988465,0.31878088962108736,0.04118616144975288,1.5032948929159802,0.9130801687763704,0.0,0.6740555969223129,0.2637733142037303,0.4418408542639037
465,Tangrowth,Tangrowth,Base,Grass,None,535,100,100,125,110,50,50,4,False,535,True,105.0,87.5,91.66666666666667,50,110,125,0.5588235294117647,0.32941176470588235,0.5000000000000001,0.2571428571428571,0.4293697478991597,Tank,Tangrowth,"('Grass',)",1.0306249999999983,0.8784370469852222,0.20000000000000007,0.42874999999999935,0.27759472817133446,0.2784184514003295,0.0,1.13838550247117,0.20337552742616116,0.28426125674000846,0.41664432861752326,0.35399862034306223,0.37583420830623054
466,Electivire,Electivire,Base,Electric,None,540,75,123,67,95,85,95,4,False,540,True,109.0,76.0,75.66666666666667,95,123,85,0.5823529411764706,0.2752941176470588,0.3829268292682928,0.5142857142857142,0.4520895675343308,Heavy hitter,Electivire,"('Electric',)",1.0599999999999987,1.0279424206198797,0.2250000000000001,0.2787499999999998,0.05518945634266886,0.16474464579901152,0.0,0.972817133443163,0.24303797468354574,0.48356845033351176,0.4466269545793007,0.3855120286269485,0.4392606826928116
467,Magmortar,Magmortar,Base,Fire,None,540,75,95,67,125,95,83,4,False,540,True,110.0,81.0,79.0,83,125,95,0.5882352941176471,0.2988235294117647,0.4073170731707318,0.44571428571428573,0.45119450707112113,Heavy hitter,Magmortar,"('Fire',)",1.1381249999999974,0.9440124407884671,0.25250000000000006,0.3074999999999998,0.2067545304777595,0.29489291598023065,0.0,1.0593080724876442,0.34852320675105475,0.371680507232312,0.49235045917101017,0.3550897064797254,0.4380034145301327
468,Togekiss,Togekiss,Base,Fairy,Flying,545,85,50,95,120,115,80,4,False,545,True,85.0,105.0,98.33333333333333,80,120,115,0.4411764705882353,0.4117647058823529,0.5487804878048781,0.42857142857142855,0.4528233244517319,Heavy hitter,Togekiss,"('Fairy', 'Flying')",1.3524999999999963,1.0225310581247817,0.3324999999999997,0.04500000000000001,0.2116968698517298,0.2232289950576606,0.09637561779242174,0.9779654036243823,0.637974683544303,0.47635450580299155,0.5198957557706624,0.47185457133123965,0.4817238866611109
469,Yanmega,Yanmega,Base,Bug,Flying,515,86,76,86,116,56,95,4,False,515,True,96.0,71.0,76.0,95,116,86,0.5058823529411764,0.25176470588235295,0.38536585365853665,0.5142857142857142,0.4199303135888502,Heavy hitter,Yanmega,"('Bug', 'Flying')",1.3637499999999967,0.8507358086665777,0.3412499999999996,0.05500000000000002,0.25617792421746294,0.18121911037891267,0.05518945634266886,1.1754530477759475,0.653164556962025,0.2473324431854836,0.564795234549516,0.2833920877476511,0.4510681243252864
470,Leafeon,Leafeon,Base,Grass,None,525,65,110,130,60,65,95,4,False,525,True,85.0,97.5,86.66666666666667,95,110,130,0.4411764705882353,0.3764705882352941,0.46341463414634154,0.5142857142857142,0.444069481451117,Heavy hitter,Leafeon,"('Grass',)",1.0306249999999983,0.8784370469852222,0.20000000000000007,0.42874999999999935,0.27759472817133446,0.2784184514003295,0.0,1.13838550247117,0.20337552742616116,0.28426125674000846,0.34605609332340564,0.3613228671149417,0.39057257682436947
471,Glaceon,Glaceon,Base,Ice,None,525,65,60,110,130,95,65,4,False,525,True,95.0,102.5,90.0,65,130,110,0.5,0.4,0.48780487804878053,0.34285714285714286,0.4411324041811847,Heavy hitter,Glaceon,"('Ice',)",1.2209374999999973,0.8555320641024552,0.2937499999999999,0.26999999999999985,0.18451400329489293,0.03130148270181219,0.0,1.168863261943987,0.4603375527426162,0.25372638199478886,0.4841350210970465,0.36344177231011066,0.42028497218760097
472,Gliscor,Gliscor,Base,Ground,Flying,510,75,95,125,45,75,95,4,False,510,True,70.0,100.0,91.66666666666667,95,95,125,0.35294117647058826,0.38823529411764707,0.5000000000000001,0.5142857142857142,0.42344537815126054,Balanced,Gliscor,"('Flying', 'Ground')",1.5262499999999963,0.9762766375671894,0.4749999999999991,0.012499999999999999,0.13509060955518945,0.15403624382207579,0.09637561779242174,1.0242998352553543,0.8725738396624471,0.4146922489321769,0.5607942417473318,0.4267592525140472,0.49300513631869314
473,Mamoswine,Mamoswine,Base,Ice,Ground,530,110,130,80,70,60,80,4,False,530,True,100.0,70.0,83.33333333333333,80,130,80,0.5294117647058824,0.24705882352941178,0.4390243902439025,0.42857142857142855,0.420577987292478,Heavy hitter,Mamoswine,"('Ground', 'Ice')",1.6206249999999962,0.7986842098884194,0.526249999999999,0.00125,0.3187808896210873,0.051070840197693576,0.04118616144975288,1.2520593080724876,1.0,0.17794190676315355,0.7176470588235294,0.26740344850153114,0.49465227045945703
474,Porygon-Z,Porygon-Z,Base,Normal,None,535,85,80,70,135,75,90,4,False,535,True,107.5,72.5,76.66666666666667,90,135,75,0.5735294117647058,0.25882352941176473,0.39024390243902446,0.4857142857142857,0.44063281410125027,Heavy hitter,Porygon-Z,"('Normal',)",0.8799999999999981,0.9942669932784275,0.0,0.1787500000000001,0.04365733113673806,0.0,0.03789126853377265,1.0057660626029652,0.0,0.4386753822563193,0.3441176470588235,0.3636193638064015,0.3856849329377802
475,Gallade,Gallade,Base,Psychic,Fighting,518,68,125,65,65,115,80,4,False,518,True,95.0,90.0,82.66666666666667,80,125,115,0.5,0.3411764705882353,0.43414634146341474,0.42857142857142855,0.4328376716540274,Heavy hitter,Gallade,"('Fighting', 'Psychic')",1.357499999999997,0.9022668144962083,0.36624999999999946,0.09375000000000003,0.15403624382207576,0.0914332784184514,0.0,1.1083196046128498,0.6447257383966247,0.31602897164640625,0.5578902953586499,0.35435993873029853,0.4586754647963679
475,GalladeMega Gallade,Gallade,Mega Gallade,Psychic,Fighting,618,68,165,95,65,115,110,4,False,618,True,115.0,105.0,92.66666666666667,110,165,115,0.6176470588235294,0.4117647058823529,0.5073170731707318,0.6,0.5405810616929698,DPS,Gallade (Mega Gallade),"('Fighting', 'Psychic')",1.357499999999997,0.9022668144962083,0.36624999999999946,0.09375000000000003,0.15403624382207576,0.0914332784184514,0.0,1.1083196046128498,0.6447257383966247,0.31602897164640625,0.6284785306527676,0.397358504010069,0.5416861227180733
476,Probopass,Probopass,Base,Rock,Steel,525,60,55,145,75,150,40,4,False,525,True,65.0,147.5,118.33333333333333,40,75,150,0.3235294117647059,0.611764705882353,0.6951219512195123,0.2,0.4452008608321377,Balanced,Probopass,"('Rock', 'Steel')",1.3956249999999963,0.9254812265115042,0.3512499999999997,0.05625000000000002,0.2026359143327842,0.4538714991762768,0.051070840197693576,1.080518945634267,0.696202531645569,0.3469763496383059,0.4725986597170512,0.526688674719024,0.44382619542734836
477,Dusknoir,Dusknoir,Base,Ghost,None,525,45,100,135,65,135,45,4,False,525,True,82.5,135.0,105.0,45,100,135,0.4264705882352941,0.5529411764705883,0.5975609756097562,0.22857142857142856,0.4527264808362369,Balanced,Dusknoir,"('Ghost',)",1.0056249999999984,1.114784204450553,0.15875000000000006,0.18375000000000005,0.07990115321252059,0.11037891268533773,0.12767710049423395,0.8970345963756177,0.16962025316455784,0.5993381501186227,0.3237304542069996,0.582654915714594,0.4064833428083279
478,Froslass,Froslass,Base,Ice,Ghost,480,70,80,70,80,70,110,4,False,480,True,80.0,70.0,70.0,110,80,70,0.4117647058823529,0.24705882352941178,0.3414634146341464,0.6,0.39417503586800573,Fast,Froslass,"('Ghost', 'Ice')",1.471249999999996,0.9782433511784144,0.4137499999999995,0.02,0.22075782537067545,0.1416803953871499,0.12767710049423395,1.0222405271828667,0.7983122362869189,0.4173140956319034,0.5663837180441793,0.33876208014659215,0.4773083666418503
479,Rotom,Rotom,Base,Electric,Ghost,440,50,50,77,95,77,91,4,False,440,True,72.5,77.0,68.0,91,95,77,0.36764705882352944,0.28,0.326829268292683,0.49142857142857144,0.36232803853248624,Balanced,Rotom,"('Electric', 'Ghost')",1.3756249999999965,1.1496212107995831,0.3649999999999997,0.0175,0.13509060955518945,0.2751235584843493,0.12767710049423395,0.8698517298187809,0.6691983122362866,0.6457797314466046,0.48826756018863227,0.4380192096518126,0.4547762784651554
479,RotomHeat Rotom,Rotom,Heat Rotom,Electric,Fire,520,50,65,107,105,107,86,4,False,520,True,85.0,107.0,88.0,86,105,107,0.4411764705882353,0.4211764705882353,0.47317073170731716,0.46285714285714286,0.4469114572658332,Balanced,Rotom (Heat Rotom),"('Electric', 'Fire')",1.4818749999999965,0.9112403819806749,0.4562499999999993,0.07375000000000001,0.2067545304777595,0.41927512355848434,0.0,1.0974052718286655,0.8126582278481012,0.3279917292943117,0.5897691734921817,0.3969011393504363,0.49144330122044994
479,RotomWash Rotom,Rotom,Wash Rotom,Electric,Water,520,50,65,107,105,107,86,4,False,520,True,85.0,107.0,88.0,86,105,107,0.4411764705882353,0.4211764705882353,0.47317073170731716,0.46285714285714286,0.4469114572658332,Balanced,Rotom (Wash Rotom),"('Electric', 'Water')",1.3696874999999973,1.0334113630520867,0.3874999999999995,0.14000000000000004,0.13344316309719934,0.3113673805601318,0.0,0.9676688632619438,0.6611814345991567,0.49085915528670765,0.5291784561926038,0.4620481097473947,0.4867511054197063
479,RotomFrost Rotom,Rotom,Frost Rotom,Electric,Ice,520,50,65,107,105,107,86,4,False,520,True,85.0,107.0,88.0,86,105,107,0.4411764705882353,0.4211764705882353,0.47317073170731716,0.46285714285714286,0.4469114572658332,Balanced,Rotom (Frost Rotom),"('Electric', 'Ice')",1.5193749999999955,0.8916636055214984,0.43999999999999945,0.00625,0.19934102141680396,0.15568369028006587,0.0,1.1214991762767712,0.863291139240505,0.30189372170549716,0.6100223380491432,0.3864619363149105,0.4964128061325768
479,RotomFan Rotom,Rotom,Fan Rotom,Electric,Flying,520,50,65,107,105,107,86,4,False,520,True,85.0,107.0,88.0,86,105,107,0.4411764705882353,0.4211764705882353,0.47317073170731716,0.46285714285714286,0.4469114572658332,Balanced,Rotom (Fan Rotom),"('Electric', 'Flying')",1.4449999999999967,1.1474480138062364,0.4337499999999995,0.06750000000000002,0.07907742998352554,0.30477759472817134,0.05518945634266886,0.8714991762767711,0.7628691983122364,0.6428826195680161,0.5698535616778357,0.5228574954599181,0.5212639633275562
479,RotomMow Rotom,Rotom,Mow Rotom,Electric,Grass,520,50,65,107,105,107,86,4,False,520,True,85.0,107.0,88.0,86,105,107,0.4411764705882353,0.4211764705882353,0.47317073170731716,0.46285714285714286,0.4469114572658332,Balanced,Rotom (Mow Rotom),"('Electric', 'Grass')",1.3221874999999974,0.9502935411713063,0.3074999999999998,0.15000000000000005,0.1943986820428336,0.26359143327841844,0.0,1.052306425041186,0.5970464135021103,0.38005390853253485,0.5035244477537852,0.4177260110457256,0.4631928724336782
480,Uxie,Uxie,Base,Psychic,None,580,75,75,130,75,130,95,4,True,580,True,75.0,130.0,111.66666666666667,95,75,130,0.38235294117647056,0.5294117647058824,0.6463414634146343,0.5142857142857142,0.49830190612830494,Balanced,Uxie,"('Psychic',)",0.9878124999999977,0.9256576430623346,0.12250000000000003,0.21125000000000013,0.13920922570016475,0.11779242174629324,0.0,1.080313014827018,0.1455696202531643,0.3472115324066214,0.28763961280714806,0.48576409646336594,0.41267321712397187
481,Mesprit,Mesprit,Base,Psychic,None,580,80,105,105,105,105,80,4,True,580,True,105.0,105.0,96.66666666666667,80,105,105,0.5588235294117647,0.4117647058823529,0.5365853658536587,0.42857142857142855,0.49156077064972337,Balanced,Mesprit,"('Psychic',)",0.9878124999999977,0.9256576430623346,0.12250000000000003,0.21125000000000013,0.13920922570016475,0.11779242174629324,0.0,1.080313014827018,0.1455696202531643,0.3472115324066214,0.39352196574832454,0.41714860148488675,0.42057319662796866
482,Azelf,Azelf,Base,Psychic,None,580,75,125,70,125,70,115,4,True,580,True,125.0,70.0,71.66666666666667,115,125,70,0.6764705882352942,0.24705882352941178,0.35365853658536595,0.6285714285714286,0.4949754047960648,DPS,Azelf,"('Psychic',)",0.9878124999999977,0.9256576430623346,0.12250000000000003,0.21125000000000013,0.13920922570016475,0.11779242174629324,0.0,1.080313014827018,0.1455696202531643,0.3472115324066214,0.4641102010424422,0.31376983534428415,0.4483070560253861
483,Dialga,Dialga,Base,Steel,Dragon,680,100,120,120,150,100,90,4,True,680,True,135.0,110.0,106.66666666666667,90,150,120,0.7352941176470589,0.43529411764705883,0.6097560975609757,0.4857142857142857,0.5852705472432875,Tank,Dialga,"('Dragon', 'Steel')",1.168124999999997,1.3846592510054447,0.18000000000000008,0.048750000000000016,0.09884678747940692,0.6120263591433278,0.051070840197693576,0.7221993410214168,0.38902953586497835,0.9591114267716211,0.5967882849342268,0.6884365362753629,0.6058939997999356
484,Palkia,Palkia,Base,Water,Dragon,680,90,120,100,150,120,100,4,True,680,True,135.0,110.0,103.33333333333333,100,150,120,0.7352941176470589,0.43529411764705883,0.5853658536585367,0.5428571428571428,0.5918210698913712,DPS,Palkia,"('Dragon', 'Water')",1.2649999999999957,1.0677220744976124,0.2350000000000001,0.009999999999999998,0.07413509060955518,0.19686985172981877,0.0,0.9365733113673806,0.51983122362869,0.5365991273168432,0.6491089600397113,0.5133340555178421,0.5838455325835142
485,Heatran,Heatran,Base,Fire,Steel,600,91,90,106,130,106,77,4,True,600,True,110.0,106.0,101.0,77,130,106,0.5882352941176471,0.4164705882352941,0.5682926829268293,0.4114285714285714,0.5059442508710802,Tank,Heatran,"('Fire', 'Steel')",1.2984374999999968,1.0649122795677162,0.34374999999999967,0.20500000000000007,0.2026359143327842,0.5247116968698516,0.051070840197693576,0.9390444810543658,0.5649789029535862,0.532853360001353,0.5789327376520228,0.5009792206146014,0.5194727845901372
486,Regigigas,Regigigas,Base,Normal,None,670,110,160,110,80,110,100,4,True,670,True,120.0,110.0,110.0,100,160,110,0.6470588235294118,0.43529411764705883,0.6341463414634148,0.5428571428571428,0.5706948145111703,DPS,Regigigas,"('Normal',)",0.8799999999999981,0.9942669932784275,0.0,0.1787500000000001,0.04365733113673806,0.0,0.03789126853377265,1.0057660626029652,0.0,0.4386753822563193,0.38823529411764707,0.48635967944485203,0.46823481508576137
487,GiratinaAltered Forme,Giratina,Altered Forme,Ghost,Dragon,680,150,100,120,100,120,90,4,True,680,True,100.0,120.0,130.0,90,100,120,0.5294117647058824,0.4823529411764706,0.7804878048780489,0.4857142857142857,0.5591227710596434,Tank,Giratina (Altered Forme),"('Dragon', 'Ghost')",1.2062499999999956,1.1567413040454655,0.21125000000000008,0.00875,0.18533772652388794,0.38632619439868204,0.12767710049423395,0.8644975288303131,0.4405063291139218,0.6552716029991861,0.49384959046909815,0.6260541218309514,0.542081631253014
487,GiratinaOrigin Forme,Giratina,Origin Forme,Ghost,Dragon,680,150,120,100,120,100,90,4,True,680,True,120.0,100.0,116.66666666666667,90,120,100,0.6470588235294118,0.38823529411764707,0.6829268292682928,0.4857142857142857,0.5572576347612217,Tank,Giratina (Origin Forme),"('Dragon', 'Ghost')",1.2062499999999956,1.1567413040454655,0.21125000000000008,0.00875,0.18533772652388794,0.38632619439868204,0.12767710049423395,0.8644975288303131,0.4405063291139218,0.6552716029991861,0.5644378257632158,0.5687227014579241,0.5528377288139896
488,Cresselia,Cresselia,Base,Psychic,None,600,120,70,120,75,130,85,4,False,600,True,72.5,125.0,123.33333333333333,85,75,130,0.36764705882352944,0.5058823529411764,0.7317073170731708,0.45714285714285713,0.492917093666735,Tank,Cresselia,"('Psychic',)",0.9878124999999977,0.9256576430623346,0.12250000000000003,0.21125000000000013,0.13920922570016475,0.11779242174629324,0.0,1.080313014827018,0.1455696202531643,0.3472115324066214,0.2788160833953834,0.498870265760353,0.40369650570769805
489,Phione,Phione,Base,Water,None,480,80,80,80,80,80,80,4,False,480,True,80.0,80.0,80.0,80,80,80,0.4117647058823529,0.29411764705882354,0.4146341463414635,0.42857142857142855,0.3862881738061078,Balanced,Phione,"('Water',)",1.0643749999999983,0.9946743128164401,0.17500000000000007,0.2874999999999998,0.11943986820428334,0.22817133443163096,0.0,1.005354200988468,0.24894514767932577,0.4392183842370741,0.34663688260114206,0.3822870667507837,0.3755698134223224
490,Manaphy,Manaphy,Base,Water,None,600,100,100,100,100,100,100,4,False,600,True,100.0,100.0,100.0,100,100,100,0.5294117647058824,0.38823529411764707,0.5609756097560976,0.5428571428571428,0.5031194916991186,DPS,Manaphy,"('Water',)",1.0643749999999983,0.9946743128164401,0.17500000000000007,0.2874999999999998,0.11943986820428334,0.22817133443163096,0.0,1.005354200988468,0.24894514767932577,0.4392183842370741,0.41722511789525973,0.45181360907503054,0.4593306250640522
491,Darkrai,Darkrai,Base,Dark,None,600,70,90,90,135,90,125,4,True,600,True,112.5,90.0,83.33333333333333,125,135,90,0.6029411764705882,0.3411764705882353,0.4390243902439025,0.6857142857142857,0.5212712646034023,DPS,Darkrai,"('Dark',)",1.0709374999999979,0.9786376451527078,0.14625000000000005,0.15375000000000008,0.13591433278418452,0.07990115321252059,0.07413509060955518,1.0218286655683688,0.2578059071729961,0.41783973309600736,0.4648870687515514,0.3963037555052609,0.48589378669985206
492,ShayminLand Forme,Shaymin,Land Forme,Grass,None,600,100,100,100,100,100,100,4,True,600,True,100.0,100.0,100.0,100,100,100,0.5294117647058824,0.38823529411764707,0.5609756097560976,0.5428571428571428,0.5031194916991186,DPS,Shaymin (Land Forme),"('Grass',)",1.0306249999999983,0.8784370469852222,0.20000000000000007,0.42874999999999935,0.27759472817133446,0.2784184514003295,0.0,1.13838550247117,0.20337552742616116,0.28426125674000846,0.39899726979399386,0.38983075807620426,0.43344463052389803
492,ShayminSky Forme,Shaymin,Sky Forme,Grass,Flying,600,100,103,75,120,75,127,4,True,600,True,111.5,75.0,83.33333333333333,127,120,75,0.5970588235294118,0.27058823529411763,0.4390243902439025,0.6971428571428572,0.5038510965361754,DPS,Shaymin (Sky Forme),"('Flying', 'Grass')",1.5068749999999969,0.8763761046281028,0.4287499999999994,0.04375000000000001,0.2660626029654037,0.2257001647446458,0.05518945634266886,1.1410626029654036,0.8464135021097051,0.2815137927033029,0.6968006949615291,0.31706749699523795,0.5539896201350379
493,Arceus,Arceus,Base,Normal,None,720,120,120,120,120,120,120,4,True,720,True,120.0,120.0,120.0,120,120,120,0.6470588235294118,0.4823529411764706,0.7073170731707318,0.6571428571428571,0.6199508095921296,DPS,Arceus,"('Normal',)",0.8799999999999981,0.9942669932784275,0.0,0.1787500000000001,0.04365733113673806,0.0,0.03789126853377265,1.0057660626029652,0.0,0.4386753822563193,0.38823529411764707,0.5211229506069754,0.5031950528393995
494,Victini,Victini,Base,Psychic,Fire,600,100,100,100,100,100,100,5,True,600,True,100.0,100.0,100.0,100,100,100,0.5294117647058824,0.38823529411764707,0.5609756097560976,0.5428571428571428,0.5031194916991186,DPS,Victini,"('Fire', 'Psychic')",1.366249999999996,0.900927642973116,0.3337499999999996,0.035,0.2866556836902801,0.35337726523887975,0.0,1.1099670510708401,0.6565400843881845,0.3142437079363533,0.5802630925788033,0.4018237385547422,0.5095488537813831
495,Snivy,Snivy,Base,Grass,None,308,45,45,55,45,55,63,5,False,308,True,45.0,55.0,51.666666666666664,63,45,55,0.20588235294117646,0.17647058823529413,0.20731707317073172,0.3314285714285714,0.22392559950809593,Balanced,Snivy,"('Grass',)",1.0306249999999983,0.8784370469852222,0.20000000000000007,0.42874999999999935,0.27759472817133446,0.2784184514003295,0.0,1.13838550247117,0.20337552742616116,0.28426125674000846,0.20487962273517035,0.22729847687103927,0.23344451779588002
496,Servine,Servine,Base,Grass,None,413,60,60,75,60,75,83,5,False,413,True,60.0,75.0,70.0,83,60,75,0.29411764705882354,0.27058823529411763,0.3414634146341464,0.44571428571428573,0.32802377536380406,Balanced,Servine,"('Grass',)",1.0306249999999983,0.8784370469852222,0.20000000000000007,0.42874999999999935,0.27759472817133446,0.2784184514003295,0.0,1.13838550247117,0.20337552742616116,0.28426125674000846,0.2578207992057586,0.29377623870748115,0.3073219004562613
497,Serperior,Serperior,Base,Grass,None,528,75,75,95,75,95,113,5,False,528,True,75.0,95.0,88.33333333333333,113,75,95,0.38235294117647056,0.36470588235294116,0.475609756097561,0.6171428571428571,0.44355052264808364,Fast,Serperior,"('Grass',)",1.0306249999999983,0.8784370469852222,0.20000000000000007,0.42874999999999935,0.27759472817133446,0.2784184514003295,0.0,1.13838550247117,0.20337552742616116,0.28426125674000846,0.3107619756763468,0.36025400054392304,0.39148499740235676
498,Tepig,Tepig,Base,Fire,None,308,65,63,45,45,45,45,5,False,308,True,54.0,45.0,51.666666666666664,45,63,45,0.25882352941176473,0.12941176470588237,0.20731707317073172,0.22857142857142856,0.2101188768190203,Balanced,Tepig,"('Fire',)",1.1381249999999974,0.9440124407884671,0.25250000000000006,0.3074999999999998,0.2067545304777595,0.29489291598023065,0.0,1.0593080724876442,0.34852320675105475,0.371680507232312,0.29470340034748077,0.24579558883266656,0.2574235825973596
499,Pignite,Pignite,Base,Fire,Fighting,418,90,93,55,70,55,55,5,False,418,True,81.5,55.0,66.66666666666667,55,93,55,0.42058823529411765,0.17647058823529413,0.31707317073170743,0.2857142857142857,0.31188102070096335,Balanced,Pignite,"('Fighting', 'Fire')",1.493749999999997,0.8699390891751299,0.44374999999999926,0.06000000000000001,0.3163097199341021,0.30395387149917624,0.0,1.1495057660626031,0.8286919831223636,0.2729325393753447,0.583829734425416,0.25020601431541767,0.39823299402707907
500,Emboar,Emboar,Base,Fire,Fighting,528,110,123,65,100,65,65,5,False,528,True,111.5,65.0,80.0,65,123,65,0.5970588235294118,0.2235294117647059,0.4146341463414635,0.34285714285714286,0.41635119901619183,Heavy hitter,Emboar,"('Fighting', 'Fire')",1.493749999999997,0.8699390891751299,0.44374999999999926,0.06000000000000001,0.3163097199341021,0.30395387149917624,0.0,1.1495057660626031,0.8286919831223636,0.2729325393753447,0.6897120873665925,0.29106684645315084,0.4770861401635825
501,Oshawott,Oshawott,Base,Water,None,308,55,55,45,63,45,45,5,False,308,True,59.0,45.0,48.333333333333336,45,63,45,0.28823529411764703,0.12941176470588237,0.18292682926829273,0.22857142857142856,0.21553494568559128,Balanced,Oshawott,"('Water',)",1.0643749999999983,0.9946743128164401,0.17500000000000007,0.2874999999999998,0.11943986820428334,0.22817133443163096,0.0,1.005354200988468,0.24894514767932577,0.4392183842370741,0.2725192355423185,0.26671317865896166,0.25563760395316887
502,Dewott,Dewott,Base,Water,None,413,75,75,60,83,60,60,5,False,413,True,79.0,60.0,65.0,60,83,60,0.40588235294117647,0.2,0.30487804878048785,0.3142857142857143,0.3158915761426522,Balanced,Dewott,"('Water',)",1.0643749999999983,0.9946743128164401,0.17500000000000007,0.2874999999999998,0.11943986820428334,0.22817133443163096,0.0,1.005354200988468,0.24894514767932577,0.4392183842370741,0.3431074708364362,0.32190686588995165,0.3283416416658149
503,Samurott,Samurott,Base,Water,None,528,95,100,85,108,70,70,5,False,528,True,104.0,77.5,83.33333333333333,70,108,85,0.5529411764705883,0.2823529411764706,0.4390243902439025,0.37142857142857144,0.42620823939331837,Balanced,Samurott,"('Water',)",1.0643749999999983,0.9946743128164401,0.17500000000000007,0.2874999999999998,0.11943986820428334,0.22817133443163096,0.0,1.005354200988468,0.24894514767932577,0.4392183842370741,0.4313427649540833,0.38426698066757,0.4074627218051878
504,Patrat,Patrat,Base,Normal,None,255,45,55,39,35,39,42,5,False,255,True,45.0,39.0,41.0,42,55,39,0.20588235294117646,0.1011764705882353,0.12926829268292683,0.21142857142857144,0.16549231399877024,Balanced,Patrat,"('Normal',)",0.8799999999999981,0.9942669932784275,0.0,0.1787500000000001,0.04365733113673806,0.0,0.03789126853377265,1.0057660626029652,0.0,0.4386753822563193,0.12352941176470587,0.2431989907791418,0.17890959475372614
505,Watchog,Watchog,Base,Normal,None,420,60,85,69,60,69,77,5,False,420,True,72.5,69.0,66.0,77,85,69,0.36764705882352944,0.24235294117647058,0.31219512195121957,0.4114285714285714,0.33398944455831114,Balanced,Watchog,"('Normal',)",0.8799999999999981,0.9942669932784275,0.0,0.1787500000000001,0.04365733113673806,0.0,0.03789126853377265,1.0057660626029652,0.0,0.4386753822563193,0.22058823529411767,0.33834246280209734,0.30155073535630866
506,Lillipup,Lillipup,Base,Normal,None,275,45,60,45,25,45,55,5,False,275,True,42.5,45.0,45.0,55,60,45,0.19117647058823528,0.12941176470588237,0.1585365853658537,0.2857142857142857,0.1881148800983808,Balanced,Lillipup,"('Normal',)",0.8799999999999981,0.9942669932784275,0.0,0.1787500000000001,0.04365733113673806,0.0,0.03789126853377265,1.0057660626029652,0.0,0.4386753822563193,0.11470588235294116,0.26039841689105,0.19507625288039143
507,Herdier,Herdier,Base,Normal,None,370,65,80,65,35,65,60,5,False,370,True,57.5,65.0,65.0,60,80,65,0.27941176470588236,0.2235294117647059,0.30487804878048785,0.3142857142857143,0.27750922320147575,Balanced,Herdier,"('Normal',)",0.8799999999999981,0.9942669932784275,0.0,0.1787500000000001,0.04365733113673806,0.0,0.03789126853377265,1.0057660626029652,0.0,0.4386753822563193,0.1676470588235294,0.32992495921529674,0.25480555191707926
508,Stoutland,Stoutland,Base,Normal,None,500,85,110,90,45,90,80,5,False,500,True,77.5,90.0,88.33333333333333,80,110,90,0.39705882352941174,0.3411764705882353,0.475609756097561,0.42857142857142855,0.40510094281615083,Heavy hitter,Stoutland,"('Normal',)",0.8799999999999981,0.9942669932784275,0.0,0.1787500000000001,0.04365733113673806,0.0,0.03789126853377265,1.0057660626029652,0.0,0.4386753822563193,0.23823529411764705,0.41378435663280033,0.3444802803450358
509,Purrloin,Purrloin,Base,Dark,None,281,41,50,37,50,37,66,5,False,281,True,50.0,37.0,38.333333333333336,66,50,37,0.23529411764705882,0.09176470588235294,0.10975609756097564,0.3485714285714286,0.19695962287353969,Balanced,Purrloin,"('Dark',)",1.0709374999999979,0.9786376451527078,0.14625000000000005,0.15375000000000008,0.13591433278418452,0.07990115321252059,0.07413509060955518,1.0218286655683688,0.2578059071729961,0.41783973309600736,0.24429883345743375,0.2266925646874704,0.24755696050595988
510,Liepard,Liepard,Base,Dark,None,446,64,88,50,88,50,106,5,False,446,True,88.0,50.0,54.666666666666664,106,88,50,0.4588235294117647,0.15294117647058825,0.22926829268292684,0.5771428571428572,0.3601057593769215,Balanced,Liepard,"('Dark',)",1.0709374999999979,0.9786376451527078,0.14625000000000005,0.15375000000000008,0.13591433278418452,0.07990115321252059,0.07413509060955518,1.0218286655683688,0.2578059071729961,0.41783973309600736,0.37841648051625726,0.2779823781738405,0.3753485981366219
511,Pansage,Pansage,Base,Grass,None,316,50,53,48,53,48,64,5,False,316,True,53.0,48.0,48.666666666666664,64,53,48,0.2529411764705882,0.14352941176470588,0.18536585365853658,0.33714285714285713,0.22891350686616108,Balanced,Pansage,"('Grass',)",1.0306249999999983,0.8784370469852222,0.20000000000000007,0.42874999999999935,0.27759472817133446,0.2784184514003295,0.0,1.13838550247117,0.20337552742616116,0.28426125674000846,0.2331149168528174,0.21028126022828458,0.24123879941096507
512,Simisage,Simisage,Base,Grass,None,498,75,98,63,98,63,101,5,False,498,True,98.0,63.0,67.0,101,98,63,0.5176470588235295,0.21411764705882352,0.3195121951219513,0.5485714285714286,0.40832260709161716,Balanced,Simisage,"('Grass',)",1.0306249999999983,0.8784370469852222,0.20000000000000007,0.42874999999999935,0.27759472817133446,0.2784184514003295,0.0,1.13838550247117,0.20337552742616116,0.28426125674000846,0.39193844626458213,0.26852372794707946,0.3808666022394136
513,Pansear,Pansear,Base,Fire,None,316,50,53,48,53,48,64,5,False,316,True,53.0,48.0,48.666666666666664,64,53,48,0.2529411764705882,0.14352941176470588,0.18536585365853658,0.33714285714285713,0.22891350686616108,Balanced,Pansear,"('Fire',)",1.1381249999999974,0.9440124407884671,0.25250000000000006,0.3074999999999998,0.2067545304777595,0.29489291598023065,0.0,1.0593080724876442,0.34852320675105475,0.371680507232312,0.2911739885827749,0.245248960425206,0.2749527381620245
514,Simisear,Simisear,Base,Fire,None,498,75,98,63,98,63,101,5,False,498,True,98.0,63.0,67.0,101,98,63,0.5176470588235295,0.21411764705882352,0.3195121951219513,0.5485714285714286,0.40832260709161716,Balanced,Simisear,"('Fire',)",1.1381249999999974,0.9440124407884671,0.25250000000000006,0.3074999999999998,0.2067545304777595,0.29489291598023065,0.0,1.0593080724876442,0.34852320675105475,0.371680507232312,0.4499975179945396,0.3034914281440009,0.414580540990473
515,Panpour,Panpour,Base,Water,None,316,50,53,48,53,48,64,5,False,316,True,53.0,48.0,48.666666666666664,64,53,48,0.2529411764705882,0.14352941176470588,0.18536585365853658,0.33714285714285713,0.22891350686616108,Balanced,Panpour,"('Water',)",1.0643749999999983,0.9946743128164401,0.17500000000000007,0.2874999999999998,0.11943986820428334,0.22817133443163096,0.0,1.005354200988468,0.24894514767932577,0.4392183842370741,0.25134276495408325,0.27226411122711086,0.26712479395111927
516,Simipour,Simipour,Base,Water,None,498,75,98,63,98,63,101,5,False,498,True,98.0,63.0,67.0,101,98,63,0.5176470588235295,0.21411764705882352,0.3195121951219513,0.5485714285714286,0.40832260709161716,Balanced,Simipour,"('Water',)",1.0643749999999983,0.9946743128164401,0.17500000000000007,0.2874999999999998,0.11943986820428334,0.22817133443163096,0.0,1.005354200988468,0.24894514767932577,0.4392183842370741,0.41016629436584795,0.33050657894590574,0.40675259677956777
517,Munna,Munna,Base,Psychic,None,292,76,25,45,67,55,24,5,False,292,True,46.0,50.0,58.666666666666664,24,67,55,0.21176470588235294,0.15294117647058825,0.25853658536585367,0.10857142857142857,0.18577454396392704,Balanced,Munna,"('Psychic',)",0.9878124999999977,0.9256576430623346,0.12250000000000003,0.21125000000000013,0.13920922570016475,0.11779242174629324,0.0,1.080313014827018,0.1455696202531643,0.3472115324066214,0.18528667163067747,0.25704817106881783,0.19538101585321968
518,Musharna,Musharna,Base,Psychic,None,487,116,55,85,107,95,29,5,False,487,True,81.0,90.0,98.66666666666667,29,107,95,0.4176470588235294,0.3411764705882353,0.5512195121951221,0.13714285714285715,0.36914306210289,Balanced,Musharna,"('Psychic',)",0.9878124999999977,0.9256576430623346,0.12250000000000003,0.21125000000000013,0.13920922570016475,0.11779242174629324,0.0,1.080313014827018,0.1455696202531643,0.3472115324066214,0.3088160833953834,0.3961012557173115,0.31829969796020885
519,Pidove,Pidove,Base,Normal,Flying,264,50,55,50,36,30,43,5,False,264,True,45.5,40.0,43.333333333333336,43,55,50,0.2088235294117647,0.10588235294117647,0.1463414634146342,0.21714285714285714,0.17225568764091004,Balanced,Pidove,"('Flying', 'Normal')",1.2068749999999977,1.0434035227617604,0.2325000000000001,0.10250000000000004,0.12026359143327842,0.1375617792421746,0.0930807248764415,0.9584019769357496,0.44135021097046473,0.5041798089947124,0.30183420203524475,0.27531611298095526,0.2617382964259496
520,Tranquill,Tranquill,Base,Normal,Flying,358,62,77,62,50,42,65,5,False,358,True,63.5,52.0,55.333333333333336,65,77,62,0.31470588235294117,0.1623529411764706,0.23414634146341465,0.34285714285714286,0.26613599098175855,Balanced,Tranquill,"('Flying', 'Normal')",1.2068749999999977,1.0434035227617604,0.2325000000000001,0.10250000000000004,0.12026359143327842,0.1375617792421746,0.0930807248764415,0.9584019769357496,0.44135021097046473,0.5041798089947124,0.36536361379995064,0.3170320383755033,0.3326040271084664
521,Unfezant,Unfezant,Base,Normal,Flying,488,80,115,80,65,55,93,5,False,488,True,90.0,67.5,71.66666666666667,93,115,80,0.47058823529411764,0.23529411764705882,0.35365853658536595,0.5028571428571429,0.39483254765320763,Heavy hitter,Unfezant,"('Flying', 'Normal')",1.2068749999999977,1.0434035227617604,0.2325000000000001,0.10250000000000004,0.12026359143327842,0.1375617792421746,0.0930807248764415,0.9584019769357496,0.44135021097046473,0.5041798089947124,0.4588930255646565,0.37243949892069705,0.42994251347862433
522,Blitzle,Blitzle,Base,Electric,None,295,45,60,32,50,32,76,5,False,295,True,55.0,32.0,36.333333333333336,76,60,32,0.2647058823529412,0.06823529411764706,0.09512195121951222,0.4057142857142857,0.20987312973970074,Balanced,Blitzle,"('Electric',)",1.0599999999999987,1.0279424206198797,0.2250000000000001,0.2787499999999998,0.05518945634266886,0.16474464579901152,0.0,0.972817133443163,0.24303797468354574,0.48356845033351176,0.256038719285183,0.24109022087945925,0.26708066629600896
523,Zebstrika,Zebstrika,Base,Electric,None,497,75,100,63,80,63,116,5,False,497,True,90.0,63.0,67.0,116,100,63,0.47058823529411764,0.21411764705882352,0.3195121951219513,0.6342857142857142,0.40899487599918016,DPS,Zebstrika,"('Electric',)",1.0599999999999987,1.0279424206198797,0.2250000000000001,0.2787499999999998,0.05518945634266886,0.16474464579901152,0.0,0.972817133443163,0.24303797468354574,0.48356845033351176,0.3795681310498889,0.34824660538448077,0.41279332257803397
524,Roggenrola,Roggenrola,Base,Rock,None,280,55,75,85,25,25,15,5,False,280,True,50.0,55.0,55.0,15,75,85,0.23529411764705882,0.17647058823529413,0.23170731707317074,0.05714285714285714,0.1842406230784997,Balanced,Roggenrola,"('Rock',)",1.2499999999999976,0.8433483841446162,0.27374999999999994,0.1637500000000001,0.32125205930807244,0.271004942339374,0.0,1.1857495881383855,0.4995780590717305,0.2374841894835534,0.3410076942169275,0.214685210944067,0.23701616300319464
525,Boldore,Boldore,Base,Rock,None,390,70,105,105,50,40,20,5,False,390,True,77.5,72.5,71.66666666666667,20,105,105,0.39705882352941174,0.25882352941176473,0.35365853658536595,0.08571428571428572,0.2915510350481656,Balanced,Boldore,"('Rock',)",1.2499999999999976,0.8433483841446162,0.27374999999999994,0.1637500000000001,0.32125205930807244,0.271004942339374,0.0,1.1857495881383855,0.4995780590717305,0.2374841894835534,0.43806651774633926,0.2739965452338805,0.31401536878306757
526,Gigalith,Gigalith,Base,Rock,None,515,85,135,130,60,80,25,5,False,515,True,97.5,105.0,98.33333333333333,25,135,130,0.5147058823529411,0.4117647058823529,0.5487804878048781,0.11428571428571428,0.4157014757122361,Heavy hitter,Gigalith,"('Rock',)",1.2499999999999976,0.8433483841446162,0.27374999999999994,0.1637500000000001,0.32125205930807244,0.271004942339374,0.0,1.1857495881383855,0.4995780590717305,0.2374841894835534,0.5086547530404568,0.3763064448034644,0.3958519131569146
527,Woobat,Woobat,Base,Psychic,Flying,313,55,45,43,55,43,72,5,False,313,True,50.0,43.0,47.0,72,55,43,0.23529411764705882,0.12,0.1731707317073171,0.38285714285714284,0.22355851608936256,Balanced,Woobat,"('Flying', 'Psychic')",1.2768749999999969,0.9652156619584402,0.2699999999999999,0.05125000000000002,0.200164744645799,0.19604612850082373,0.05518945634266886,1.0360378912685337,0.5358649789029533,0.3999467454536655,0.35552246214941663,0.24527138110829547,0.30675274803423114
528,Swoobat,Swoobat,Base,Psychic,Flying,425,67,57,55,77,55,114,5,False,425,True,67.0,55.0,59.0,114,77,55,0.3352941176470588,0.17647058823529413,0.2609756097560976,0.6228571428571429,0.33823713875794226,Fast,Swoobat,"('Flying', 'Psychic')",1.2768749999999969,0.9652156619584402,0.2699999999999999,0.05125000000000002,0.200164744645799,0.19604612850082373,0.05518945634266886,1.0360378912685337,0.5358649789029533,0.3999467454536655,0.41552246214941657,0.28698730650284354,0.39646931905288246
529,Drilbur,Drilbur,Base,Ground,None,328,60,85,40,30,45,68,5,False,328,True,57.5,42.5,48.333333333333336,68,85,45,0.27941176470588236,0.11764705882352941,0.18292682926829273,0.36,0.2357912482065997,Balanced,Drilbur,"('Ground',)",1.0974999999999973,0.8906823176219454,0.25375000000000003,0.2425000000000001,0.21334431630971992,0.09884678747940692,0.04118616144975288,1.1227347611202636,0.29367088607594893,0.30058555643616647,0.285115413253909,0.20714240047977506,0.26555757267648605
530,Excadrill,Excadrill,Base,Ground,Steel,508,110,135,60,50,65,88,5,False,508,True,92.5,62.5,78.33333333333333,88,135,65,0.4852941176470588,0.21176470588235294,0.4024390243902439,0.4742857142857143,0.39813906538225047,Heavy hitter,Excadrill,"('Ground', 'Steel')",1.3706249999999958,1.0873264654545325,0.3424999999999996,0.02875,0.25535420098846784,0.4629324546952224,0.09225700164744646,0.9196869851729821,0.6624472573839648,0.562733948084435,0.5561553735418212,0.3998209823901585,0.47327216108397074
531,Audino,Audino,Base,Normal,None,445,103,60,86,60,86,50,5,False,445,True,60.0,86.0,91.66666666666667,50,60,86,0.29411764705882354,0.32235294117647056,0.5000000000000001,0.2571428571428571,0.33495798319327735,Balanced,Audino,"('Normal',)",0.8799999999999981,0.9942669932784275,0.0,0.1787500000000001,0.04365733113673806,0.0,0.03789126853377265,1.0057660626029652,0.0,0.4386753822563193,0.17647058823529413,0.4132936823142924,0.2833914660388256
531,AudinoMega Audino,Audino,Mega Audino,Normal,Fairy,545,103,60,126,80,126,50,5,False,545,True,70.0,126.0,118.33333333333333,50,80,126,0.35294117647058826,0.5105882352941177,0.6951219512195123,0.2571428571428571,0.4416294322607092,Tank,Audino (Mega Audino),"('Fairy', 'Normal')",1.138124999999997,1.0398286927089062,0.15500000000000008,0.06375000000000001,0.09143327841845139,0.1013179571663921,0.07907742998352553,0.9616968698517299,0.3485232067510542,0.49941416527177057,0.3511739885827746,0.5522520362665275,0.41096104972360303
532,Timburr,Timburr,Base,Fighting,None,305,75,80,55,25,35,35,5,False,305,True,52.5,45.0,55.0,35,80,55,0.25,0.12941176470588237,0.23170731707317074,0.17142857142857143,0.20048011887681902,Balanced,Timburr,"('Fighting',)",1.064374999999999,0.8962716861660586,0.2475000000000001,0.35124999999999973,0.19028006589785829,0.14909390444810544,0.0,1.1157331136738053,0.24894514767932668,0.30803680271183054,0.24957805907173067,0.22643566800008375,0.22354822757452597
533,Gurdurr,Gurdurr,Base,Fighting,None,405,85,105,85,40,50,40,5,False,405,True,72.5,67.5,73.33333333333333,40,105,85,0.36764705882352944,0.23529411764705882,0.3658536585365854,0.2,0.30067073170731706,Balanced,Gurdurr,"('Fighting',)",1.064374999999999,0.8962716861660586,0.2475000000000001,0.35124999999999973,0.19028006589785829,0.14909390444810544,0.0,1.1157331136738053,0.24894514767932668,0.30803680271183054,0.3201662943658483,0.29703107689534913,0.2922764505710416
534,Conkeldurr,Conkeldurr,Base,Fighting,None,505,105,140,95,55,65,45,5,False,505,True,97.5,80.0,88.33333333333333,45,140,95,0.5147058823529411,0.29411764705882354,0.475609756097561,0.22857142857142856,0.3945127075220332,Heavy hitter,Conkeldurr,"('Fighting',)",1.064374999999999,0.8962716861660586,0.2475000000000001,0.35124999999999973,0.19028006589785829,0.14909390444810544,0.0,1.1157331136738053,0.24894514767932668,0.30803680271183054,0.40840158848349534,0.34505833657971074,0.3603407567813306
535,Tympole,Tympole,Base,Water,None,294,50,50,40,50,40,64,5,False,294,True,50.0,40.0,43.333333333333336,64,50,40,0.23529411764705882,0.10588235294117647,0.1463414634146342,0.33714285714285713,0.205520393523263,Balanced,Tympole,"('Water',)",1.0643749999999983,0.9946743128164401,0.17500000000000007,0.2874999999999998,0.11943986820428334,0.22817133443163096,0.0,1.005354200988468,0.24894514767932577,0.4392183842370741,0.2407545296599656,0.24933154307789995,0.25250076238727426
536,Palpitoad,Palpitoad,Base,Water,Ground,384,75,65,55,65,55,69,5,False,384,True,65.0,55.0,61.666666666666664,69,65,55,0.3235294117647059,0.17647058823529413,0.28048780487804875,0.3657142857142857,0.28659335929493746,Balanced,Palpitoad,"('Ground', 'Water')",1.3187499999999965,0.911069417556444,0.3124999999999997,0.11250000000000004,0.07825370675453047,0.19192751235584846,0.04118616144975288,1.0976112026359144,0.5924050632911386,0.32776381481358496,0.431079672375279,0.2629921830272991,0.34917567060968474
537,Seismitoad,Seismitoad,Base,Water,Ground,509,105,95,75,85,75,74,5,False,509,True,90.0,75.0,85.0,74,95,75,0.47058823529411764,0.27058823529411763,0.451219512195122,0.3942857142857143,0.40145398647263786,Balanced,Seismitoad,"('Ground', 'Water')",1.3187499999999965,0.911069417556444,0.3124999999999997,0.11250000000000004,0.07825370675453047,0.19192751235584846,0.04118616144975288,1.0976112026359144,0.5924050632911386,0.32776381481358496,0.5193149664929261,0.3386162863271557,0.42867182760906997
538,Throh,Throh,Base,Fighting,None,465,120,100,85,30,85,45,5,False,465,True,65.0,85.0,96.66666666666667,45,100,85,0.3235294117647059,0.3176470588235294,0.5365853658536587,0.22857142857142856,0.34567841770854685,Balanced,Throh,"('Fighting',)",1.064374999999999,0.8962716861660586,0.2475000000000001,0.35124999999999973,0.19028006589785829,0.14909390444810544,0.0,1.1157331136738053,0.24894514767932668,0.30803680271183054,0.2936957061305542,0.36853753313638216,0.31417701933513265
539,Sawk,Sawk,Base,Fighting,None,465,75,125,75,30,75,85,5,False,465,True,77.5,75.0,75.0,85,125,75,0.39705882352941174,0.27058823529411763,0.37804878048780494,0.45714285714285713,0.3736559745849559,Heavy hitter,Sawk,"('Fighting',)",1.064374999999999,0.8962716861660586,0.2475000000000001,0.35124999999999973,0.19028006589785829,0.14909390444810544,0.0,1.1157331136738053,0.24894514767932668,0.30803680271183054,0.3378133531893777,0.3124327985596246,0.3534750056028104
540,Sewaddle,Sewaddle,Base,Bug,Grass,310,45,53,70,40,60,42,5,False,310,True,46.5,65.0,58.333333333333336,42,53,70,0.21470588235294116,0.2235294117647059,0.25609756097560976,0.21142857142857144,0.22453463824554212,Balanced,Sewaddle,"('Bug', 'Grass')",1.3296874999999975,0.7128596589163759,0.35249999999999965,0.2287500000000001,0.3253706754530478,0.32207578253706753,0.0,1.4028006589785833,0.6071729957805914,0.06352829085219168,0.37169272772400125,0.1676710007024262,0.2643728727514454
541,Swadloon,Swadloon,Base,Bug,Grass,380,55,63,90,50,80,42,5,False,380,True,56.5,85.0,75.0,42,63,90,0.2735294117647059,0.3176470588235294,0.37804878048780494,0.21142857142857144,0.2930425292068046,Balanced,Swadloon,"('Bug', 'Grass')",1.3296874999999975,0.7128596589163759,0.35249999999999965,0.2287500000000001,0.3253706754530478,0.32207578253706753,0.0,1.4028006589785833,0.6071729957805914,0.06352829085219168,0.4069868453710601,0.2310999820510632,0.3077953978590494
542,Leavanny,Leavanny,Base,Bug,Grass,500,75,103,80,70,80,92,5,False,500,True,86.5,80.0,78.33333333333333,92,103,80,0.45,0.29411764705882354,0.4024390243902439,0.49714285714285716,0.4109457880713261,Balanced,Leavanny,"('Bug', 'Grass')",1.3296874999999975,0.7128596589163759,0.35249999999999965,0.2287500000000001,0.3253706754530478,0.32207578253706753,0.0,1.4028006589785833,0.6071729957805914,0.06352829085219168,0.5128691983122365,0.2289622489090259,0.4100496507797299
543,Venipede,Venipede,Base,Bug,Poison,260,30,45,59,30,39,57,5,False,260,True,37.5,49.0,42.666666666666664,57,45,59,0.16176470588235295,0.14823529411764705,0.14146341463414636,0.29714285714285715,0.181397724943636,Balanced,Venipede,"('Bug', 'Poison')",1.1774999999999975,0.9134687726794949,0.2300000000000001,0.15000000000000008,0.257825370675453,0.2652388797364086,0.0,1.0947281713344317,0.40168776371308046,0.3309624204849641,0.257733929014644,0.2196331747936987,0.2407646113569412
544,Whirlipede,Whirlipede,Base,Bug,Poison,360,40,55,99,40,79,47,5,False,360,True,47.5,89.0,72.66666666666667,47,55,99,0.22058823529411764,0.33647058823529413,0.36097560975609766,0.24,0.2815186513629842,Balanced,Whirlipede,"('Bug', 'Poison')",1.1774999999999975,0.9134687726794949,0.2300000000000001,0.15000000000000008,0.257825370675453,0.2652388797364086,0.0,1.0947281713344317,0.40168776371308046,0.3309624204849641,0.2930280466617028,0.340393576515363,0.29755708932373764
545,Scolipede,Scolipede,Base,Bug,Poison,485,60,100,89,55,69,112,5,False,485,True,77.5,79.0,72.66666666666667,112,100,89,0.39705882352941174,0.28941176470588237,0.36097560975609766,0.6114285714285714,0.4058043656486985,DPS,Scolipede,"('Bug', 'Poison')",1.1774999999999975,0.9134687726794949,0.2300000000000001,0.15000000000000008,0.257825370675453,0.2652388797364086,0.0,1.0947281713344317,0.40168776371308046,0.3309624204849641,0.3989103996028792,0.3239229882800689,0.4093259968867628
546,Cottonee,Cottonee,Base,Grass,Fairy,280,40,27,60,37,50,66,5,False,280,True,32.0,55.0,50.0,66,37,60,0.12941176470588237,0.17647058823529413,0.19512195121951223,0.3485714285714286,0.1981504406640705,Balanced,Cottonee,"('Fairy', 'Grass')",1.3434374999999967,0.8790731346363542,0.33624999999999966,0.16000000000000006,0.2586490939044481,0.3640856672158155,0.04118616144975288,1.1375617792421746,0.6257383966244723,0.2851092319100274,0.3279424174733183,0.22458888645124198,0.2805619133100248
547,Whimsicott,Whimsicott,Base,Grass,Fairy,480,60,67,85,77,75,116,5,False,480,True,72.0,80.0,73.33333333333333,116,77,85,0.36470588235294116,0.29411764705882354,0.3658536585365854,0.6342857142857142,0.4012043451526952,Fast,Whimsicott,"('Fairy', 'Grass')",1.3434374999999967,0.8790731346363542,0.33624999999999966,0.16000000000000006,0.2586490939044481,0.3640856672158155,0.04118616144975288,1.1375617792421746,0.6257383966244723,0.2851092319100274,0.4691188880615536,0.30844828386874557,0.43550554930100654
548,Petilil,Petilil,Base,Grass,None,280,45,35,50,70,50,30,5,False,280,True,52.5,50.0,48.333333333333336,30,70,50,0.25,0.15294117647058825,0.18292682926829273,0.14285714285714285,0.19089208854273418,Balanced,Petilil,"('Grass',)",1.0306249999999983,0.8784370469852222,0.20000000000000007,0.42874999999999935,0.27759472817133446,0.2784184514003295,0.0,1.13838550247117,0.20337552742616116,0.28426125674000846,0.23135021097046446,0.21296562177778244,0.20649215563150206
549,Lilligant,Lilligant,Base,Grass,None,480,70,60,75,110,75,90,5,False,480,True,85.0,75.0,73.33333333333333,90,110,75,0.4411764705882353,0.27058823529411763,0.3658536585365854,0.4857142857142857,0.392372412379586,Heavy hitter,Lilligant,"('Grass',)",1.0306249999999983,0.8784370469852222,0.20000000000000007,0.42874999999999935,0.27759472817133446,0.2784184514003295,0.0,1.13838550247117,0.20337552742616116,0.28426125674000846,0.34605609332340564,0.2998737996830909,0.36009758194837027
550,Basculin,Basculin,Base,Water,None,460,70,92,65,80,55,98,5,False,460,True,86.0,60.0,63.333333333333336,98,92,65,0.4470588235294118,0.2,0.29268292682926833,0.5314285714285715,0.3712928878868621,Balanced,Basculin,"('Water',)",1.0643749999999983,0.9946743128164401,0.17500000000000007,0.2874999999999998,0.11943986820428334,0.22817133443163096,0.0,1.005354200988468,0.24894514767932577,0.4392183842370741,0.36781335318937736,0.3188580854021468,0.37819098579371
551,Sandile,Sandile,Base,Ground,Dark,292,50,72,35,35,35,65,5,False,292,True,53.5,35.0,40.0,65,72,35,0.25588235294117645,0.08235294117647059,0.12195121951219513,0.34285714285714286,0.20310873129739698,Balanced,Sandile,"('Dark', 'Ground')",1.3912499999999957,0.8736955731841191,0.3699999999999995,0.0225,0.34925864909390447,0.1787479406919275,0.11532125205930807,1.1445634266886326,0.6902953586497875,0.27794034790696354,0.4296475552246209,0.1704874734525989,0.30490014524880904
552,Krokorok,Krokorok,Base,Ground,Dark,351,60,82,45,45,45,74,5,False,351,True,63.5,45.0,50.0,74,82,45,0.31470588235294117,0.12941176470588237,0.19512195121951223,0.3942857142857143,0.2603815331010453,Balanced,Krokorok,"('Dark', 'Ground')",1.3912499999999957,0.8736955731841191,0.3699999999999995,0.0225,0.34925864909390447,0.1787479406919275,0.11532125205930807,1.1445634266886326,0.6902953586497875,0.27794034790696354,0.46494167287167976,0.2052507446147223,0.3457519796411026
553,Krookodile,Krookodile,Base,Ground,Dark,519,95,117,80,65,70,92,5,False,519,True,91.0,75.0,81.66666666666667,92,117,80,0.4764705882352941,0.27058823529411763,0.42682926829268303,0.49714285714285716,0.41920618979299035,Heavy hitter,Krookodile,"('Dark', 'Ground')",1.3912499999999957,0.8736955731841191,0.3699999999999995,0.0225,0.34925864909390447,0.1787479406919275,0.11532125205930807,1.1445634266886326,0.6902953586497875,0.27794034790696354,0.5620004964010914,0.3125893385888973,0.4560293571774829
554,Darumaka,Darumaka,Base,Fire,None,315,70,90,45,15,45,50,5,False,315,True,52.5,45.0,53.333333333333336,50,90,45,0.25,0.12941176470588237,0.21951219512195125,0.2571428571428571,0.21518395162943227,Balanced,Darumaka,"('Fire',)",1.1381249999999974,0.9440124407884671,0.25250000000000006,0.3074999999999998,0.2067545304777595,0.29489291598023065,0.0,1.0593080724876442,0.34852320675105475,0.371680507232312,0.2894092827004219,0.24884436932047144,0.2612660451921536
555,DarmanitanStandard Mode,Darmanitan,Standard Mode,Fire,None,480,105,140,55,30,55,95,5,False,480,True,85.0,55.0,71.66666666666667,95,140,55,0.4411764705882353,0.17647058823529413,0.35365853658536595,0.5142857142857142,0.37211826193892195,Heavy hitter,Darmanitan (Standard Mode),"('Fire',)",1.1381249999999974,0.9440124407884671,0.25250000000000006,0.3074999999999998,0.2067545304777595,0.29489291598023065,0.0,1.0593080724876442,0.34852320675105475,0.371680507232312,0.4041151650533631,0.2988515429216192,0.38426212533152637
555,DarmanitanZen Mode,Darmanitan,Zen Mode,Fire,Psychic,540,105,30,105,140,105,55,5,False,540,True,85.0,105.0,105.0,55,140,105,0.4411764705882353,0.4117647058823529,0.5975609756097562,0.2857142857142857,0.43400799344127894,Tank,Darmanitan (Zen Mode),"('Fire', 'Psychic')",1.366249999999996,0.900927642973116,0.3337499999999996,0.035,0.2866556836902801,0.35337726523887975,0.0,1.1099670510708401,0.6565400843881845,0.3142437079363533,0.527321916108215,0.4192053741358039,0.4446487205573619
556,Maractus,Maractus,Base,Grass,None,461,75,86,67,106,67,60,5,False,461,True,96.0,67.0,69.66666666666667,60,106,67,0.5058823529411764,0.23294117647058823,0.3390243902439025,0.3142857142857143,0.36595613855298215,Balanced,Maractus,"('Grass',)",1.0306249999999983,0.8784370469852222,0.20000000000000007,0.42874999999999935,0.27759472817133446,0.2784184514003295,0.0,1.13838550247117,0.20337552742616116,0.28426125674000846,0.38487962273517035,0.2799900120216849,0.3399851306263781
557,Dwebble,Dwebble,Base,Bug,Rock,325,50,65,85,35,35,55,5,False,325,True,50.0,60.0,56.666666666666664,55,65,85,0.23529411764705882,0.2,0.24390243902439024,0.2857142857142857,0.2382762861242058,Balanced,Dwebble,"('Bug', 'Rock')",1.4784374999999963,0.8893772885862974,0.4349999999999994,0.07625000000000003,0.19192751235584846,0.13509060955518948,0.0,1.1243822075782537,0.8080168776371305,0.2988458084369498,0.4643832216430875,0.2505139331308775,0.339506054372272
558,Crustle,Crustle,Base,Bug,Rock,475,70,95,125,65,75,45,5,False,475,True,80.0,100.0,90.0,45,95,125,0.4117647058823529,0.38823529411764707,0.48780487804878053,0.22857142857142856,0.3844517319122771,Balanced,Crustle,"('Bug', 'Rock')",1.4784374999999963,0.8893772885862974,0.4349999999999994,0.07625000000000003,0.19192751235584846,0.13509060955518948,0.0,1.1243822075782537,0.8080168776371305,0.2988458084369498,0.570265574584264,0.3773718958281515,0.4332712726547069
559,Scraggy,Scraggy,Base,Dark,Fighting,348,50,75,70,35,70,48,5,False,348,True,55.0,70.0,63.333333333333336,48,75,70,0.2647058823529412,0.24705882352941178,0.29268292682926833,0.24571428571428572,0.26209120721459317,Balanced,Scraggy,"('Dark', 'Fighting')",1.413749999999997,0.9283119853741384,0.39374999999999943,0.034999999999999996,0.15980230642504117,0.12767710049423395,0.07413509060955518,1.0772240527182864,0.7206751054852324,0.35075006419408,0.44709357160585766,0.2999413456202432,0.3449906562677479
560,Scrafty,Scrafty,Base,Dark,Fighting,488,65,90,115,45,115,58,5,False,488,True,67.5,115.0,98.33333333333333,58,90,115,0.3382352941176471,0.4588235294117647,0.5487804878048781,0.3028571428571429,0.4034157614265219,Balanced,Scrafty,"('Dark', 'Fighting')",1.413749999999997,0.9283119853741384,0.39374999999999943,0.034999999999999996,0.15980230642504117,0.12767710049423395,0.07413509060955518,1.0772240527182864,0.7206751054852324,0.35075006419408,0.4912112186646812,0.43808338292296917,0.4338504379853129
561,Sigilyph,Sigilyph,Base,Psychic,Flying,490,72,58,80,103,80,97,5,False,490,True,80.5,80.0,77.33333333333333,97,103,80,0.4147058823529412,0.29411764705882354,0.3951219512195122,0.5257142857142857,0.4028437179749949,Balanced,Sigilyph,"('Flying', 'Psychic')",1.2768749999999969,0.9652156619584402,0.2699999999999999,0.05125000000000002,0.200164744645799,0.19604612850082373,0.05518945634266886,1.0360378912685337,0.5358649789029533,0.3999467454536655,0.46316952097294606,0.3617003624569325,0.43306161767965023
562,Yamask,Yamask,Base,Ghost,None,303,38,30,85,55,65,30,5,False,303,True,42.5,75.0,62.666666666666664,30,55,85,0.19117647058823528,0.27058823529411763,0.28780487804878047,0.14285714285714285,0.2206912277105964,Balanced,Yamask,"('Ghost',)",1.0056249999999984,1.114784204450553,0.15875000000000006,0.18375000000000005,0.07990115321252059,0.11037891268533773,0.12767710049423395,0.8970345963756177,0.16962025316455784,0.5993381501186227,0.1825539836187643,0.4063923619125853,0.2494715576064422
563,Cofagrigus,Cofagrigus,Base,Ghost,None,483,58,50,145,95,105,30,5,False,483,True,72.5,125.0,102.66666666666667,30,95,145,0.36764705882352944,0.5058823529411764,0.5804878048780489,0.14285714285714285,0.3998160483705677,Balanced,Cofagrigus,"('Ghost',)",1.0056249999999984,1.114784204450553,0.15875000000000006,0.18375000000000005,0.07990115321252059,0.11037891268533773,0.12767710049423395,0.8970345963756177,0.16962025316455784,0.5993381501186227,0.28843633655994083,0.561916034796373,0.36535032374704485
564,Tirtouga,Tirtouga,Base,Water,Rock,355,54,78,103,53,45,22,5,False,355,True,65.5,74.0,67.33333333333333,22,78,103,0.3264705882352941,0.26588235294117646,0.32195121951219513,0.09714285714285714,0.2645541094486575,Balanced,Tirtouga,"('Rock', 'Water')",1.462499999999996,0.8261313365070272,0.3737499999999996,0.012499999999999999,0.21828665568369027,0.3023064250411862,0.0,1.2104612850082372,0.7864978902953577,0.21453196132485894,0.5104815090593195,0.2593594129374041,0.3362549724936762
565,Carracosta,Carracosta,Base,Water,Rock,495,74,108,133,83,65,32,5,False,495,True,95.5,99.0,90.66666666666667,32,108,133,0.5029411764705882,0.3835294117647059,0.4926829268292684,0.15428571428571428,0.4013054929288789,Balanced,Carracosta,"('Rock', 'Water')",1.462499999999996,0.8261313365070272,0.3737499999999996,0.012499999999999999,0.21828665568369027,0.3023064250411862,0.0,1.2104612850082372,0.7864978902953577,0.21453196132485894,0.6163638620004961,0.34321881035490776,0.43284986898885974
566,Archen,Archen,Base,Rock,Flying,401,55,112,45,74,45,70,5,False,401,True,93.0,45.0,48.333333333333336,70,112,45,0.48823529411764705,0.12941176470588237,0.18292682926829273,0.37142857142857144,0.31410637425701987,Heavy hitter,Archen,"('Flying', 'Rock')",1.4881249999999964,0.9577909261043327,0.42874999999999935,0.05625000000000001,0.26441515650741354,0.33031301482701814,0.05518945634266886,1.0440691927512356,0.8210970464135019,0.3900487516205382,0.6213799950359891,0.2470453256123473,0.4254958375509385
567,Archeops,Archeops,Base,Rock,Flying,567,75,140,65,112,65,110,5,False,567,True,126.0,65.0,68.33333333333333,110,140,65,0.6823529411764706,0.2235294117647059,0.32926829268292684,0.6,0.4805595408895265,DPS,Archeops,"('Flying', 'Rock')",1.4881249999999964,0.9577909261043327,0.42874999999999935,0.05625000000000001,0.26441515650741354,0.33031301482701814,0.05518945634266886,1.0440691927512356,0.8210970464135019,0.3900487516205382,0.7378505832712832,0.3165718679365941,0.5521957248229206
568,Trubbish,Trubbish,Base,Poison,None,329,50,50,62,40,62,65,5,False,329,True,45.0,62.0,58.0,65,50,62,0.20588235294117646,0.20941176470588235,0.2536585365853659,0.34285714285714286,0.2437149005943841,Balanced,Trubbish,"('Poison',)",0.9521874999999977,1.0033057841173445,0.12125000000000005,0.2762499999999998,0.12932454695222406,0.2652388797364086,0.0,0.9967051070840197,0.09746835443037949,0.4507250898473353,0.16251675353685768,0.3169987877323344,0.24809214425217244
569,Garbodor,Garbodor,Base,Poison,None,474,80,95,82,60,82,75,5,False,474,True,77.5,82.0,81.33333333333333,75,95,82,0.39705882352941174,0.3035294117647059,0.42439024390243907,0.4,0.3797309899569584,Balanced,Garbodor,"('Poison',)",0.9521874999999977,1.0033057841173445,0.12125000000000005,0.2762499999999998,0.12932454695222406,0.2652388797364086,0.0,0.9967051070840197,0.09746835443037949,0.4507250898473353,0.27722263588979884,0.39262289103219095,0.3456355701591206
570,Zorua,Zorua,Base,Dark,None,330,40,65,40,80,40,65,5,False,330,True,72.5,40.0,40.0,65,80,40,0.36764705882352944,0.10588235294117647,0.12195121951219513,0.34285714285714286,0.24810873129739702,Balanced,Zorua,"('Dark',)",1.0709374999999979,0.9786376451527078,0.14625000000000005,0.15375000000000008,0.13591433278418452,0.07990115321252059,0.07413509060955518,1.0218286655683688,0.2578059071729961,0.41783973309600736,0.32371059816331615,0.2346825216458635,0.28853387688226645
571,Zoroark,Zoroark,Base,Dark,None,510,60,105,60,120,60,105,5,False,510,True,112.5,60.0,60.0,105,120,60,0.6029411764705882,0.2,0.26829268292682934,0.5714285714285714,0.428973662635786,DPS,Zoroark,"('Dark',)",1.0709374999999979,0.9786376451527078,0.14625000000000005,0.15375000000000008,0.13591433278418452,0.07990115321252059,0.07413509060955518,1.0218286655683688,0.2578059071729961,0.41783973309600736,0.4648870687515514,0.30420906397011027,0.4272778818013072
572,Minccino,Minccino,Base,Normal,None,300,55,50,40,40,40,75,5,False,300,True,45.0,40.0,45.0,75,50,40,0.20588235294117646,0.10588235294117647,0.1585365853658537,0.4,0.21023672883787664,Balanced,Minccino,"('Normal',)",0.8799999999999981,0.9942669932784275,0.0,0.1787500000000001,0.04365733113673806,0.0,0.03789126853377265,1.0057660626029652,0.0,0.4386753822563193,0.12352941176470587,0.2521631227734029,0.21659621086358471
573,Cinccino,Cinccino,Base,Normal,None,470,75,95,60,65,60,115,5,False,470,True,80.0,60.0,65.0,115,95,60,0.4117647058823529,0.2,0.30487804878048785,0.6285714285714286,0.3808075425292068,Fast,Cinccino,"('Normal',)",0.8799999999999981,0.9942669932784275,0.0,0.1787500000000001,0.04365733113673806,0.0,0.03789126853377265,1.0057660626029652,0.0,0.4386753822563193,0.24705882352941175,0.32168966509764974,0.3467372746061549
574,Gothita,Gothita,Base,Psychic,None,290,45,30,50,55,65,45,5,False,290,True,42.5,57.5,53.333333333333336,45,55,65,0.19117647058823528,0.18823529411764706,0.21951219512195125,0.22857142857142856,0.20358731297397006,Balanced,Gothita,"('Psychic',)",0.9878124999999977,0.9256576430623346,0.12250000000000003,0.21125000000000013,0.13920922570016475,0.11779242174629324,0.0,1.080313014827018,0.1455696202531643,0.3472115324066214,0.17293373045420687,0.25964501468431284,0.2118908078187864
575,Gothorita,Gothorita,Base,Psychic,None,390,60,45,70,75,85,55,5,False,390,True,60.0,77.5,71.66666666666667,55,75,85,0.29411764705882354,0.2823529411764706,0.35365853658536595,0.2857142857142857,0.3014039762246362,Balanced,Gothorita,"('Psychic',)",0.9878124999999977,0.9256576430623346,0.12250000000000003,0.21125000000000013,0.13920922570016475,0.11779242174629324,0.0,1.080313014827018,0.1455696202531643,0.3472115324066214,0.23469843633655985,0.3261227765207547,0.2797839467816886
576,Gothitelle,Gothitelle,Base,Psychic,None,490,70,55,95,95,110,65,5,False,490,True,75.0,102.5,91.66666666666667,65,95,110,0.38235294117647056,0.4,0.5000000000000001,0.34285714285714286,0.4023949579831933,Balanced,Gothitelle,"('Psychic',)",0.9878124999999977,0.9256576430623346,0.12250000000000003,0.21125000000000013,0.13920922570016475,0.11779242174629324,0.0,1.080313014827018,0.1455696202531643,0.3472115324066214,0.28763961280714806,0.40388461296264855,0.34800904413770417
577,Solosis,Solosis,Base,Psychic,None,290,45,30,40,105,50,20,5,False,290,True,67.5,45.0,45.0,20,105,50,0.3382352941176471,0.12941176470588237,0.1585365853658537,0.08571428571428572,0.19958546833367494,Balanced,Solosis,"('Psychic',)",0.9878124999999977,0.9256576430623346,0.12250000000000003,0.21125000000000013,0.13920922570016475,0.11779242174629324,0.0,1.080313014827018,0.1455696202531643,0.3472115324066214,0.261169024571854,0.2238128769511708,0.21440643602128692
578,Duosion,Duosion,Base,Psychic,None,370,65,40,50,125,60,30,5,False,370,True,82.5,55.0,58.333333333333336,30,125,60,0.4264705882352941,0.17647058823529413,0.25609756097560976,0.14285714285714285,0.273173293707727,Heavy hitter,Duosion,"('Psychic',)",0.9878124999999977,0.9256576430623346,0.12250000000000003,0.21125000000000013,0.13920922570016475,0.11779242174629324,0.0,1.080313014827018,0.1455696202531643,0.3472115324066214,0.3141102010424422,0.264673709088904,0.2674507586283786
579,Reuniclus,Reuniclus,Base,Psychic,None,490,110,65,75,125,85,30,5,False,490,True,95.0,80.0,90.0,30,125,85,0.5,0.29411764705882354,0.48780487804878053,0.14285714285714285,0.3746618159458906,Heavy hitter,Reuniclus,"('Psychic',)",0.9878124999999977,0.9256576430623346,0.12250000000000003,0.21125000000000013,0.13920922570016475,0.11779242174629324,0.0,1.080313014827018,0.1455696202531643,0.3472115324066214,0.35822784810126573,0.36377700894543197,0.3300520857445909
580,Ducklett,Ducklett,Base,Water,Flying,305,62,44,50,44,50,55,5,False,305,True,44.0,50.0,54.0,55,44,50,0.2,0.15294117647058825,0.22439024390243906,0.2857142857142857,0.21025620004099202,Balanced,Ducklett,"('Flying', 'Water')",1.451874999999997,1.0349531106083263,0.3937499999999994,0.00875,0.08896210873146623,0.29983525535420097,0.05518945634266886,0.9662273476112028,0.7721518987341776,0.4929144752474112,0.42886075949367103,0.30679276283928014,0.33797770551254414
581,Swanna,Swanna,Base,Water,Flying,473,75,87,63,87,63,98,5,False,473,True,87.0,63.0,67.0,98,87,63,0.45294117647058824,0.21411764705882352,0.3195121951219513,0.5314285714285715,0.3822469768395163,Balanced,Swanna,"('Flying', 'Water')",1.451874999999997,1.0349531106083263,0.3937499999999994,0.00875,0.08896210873146623,0.29983525535420097,0.05518945634266886,0.9662273476112028,0.7721518987341776,0.4929144752474112,0.5806254653760239,0.35198501535004056,0.47489702299563497
582,Vanillite,Vanillite,Base,Ice,None,305,36,50,50,65,60,44,5,False,305,True,57.5,55.0,48.666666666666664,44,65,60,0.27941176470588236,0.17647058823529413,0.18536585365853658,0.22285714285714286,0.22355636400901824,Balanced,Vanillite,"('Ice',)",1.2209374999999973,0.8555320641024552,0.2937499999999999,0.26999999999999985,0.18451400329489293,0.03130148270181219,0.0,1.168863261943987,0.4603375527426162,0.25372638199478886,0.35178207992057586,0.20959672209490265,0.2705538746266253
583,Vanillish,Vanillish,Base,Ice,None,395,51,65,65,80,75,59,5,False,395,True,72.5,70.0,63.666666666666664,59,80,75,0.36764705882352944,0.24705882352941178,0.2951219512195122,0.30857142857142855,0.3111798524287764,Balanced,Vanillish,"('Ice',)",1.2209374999999973,0.8555320641024552,0.2937499999999999,0.26999999999999985,0.18451400329489293,0.03130148270181219,0.0,1.168863261943987,0.4603375527426162,0.25372638199478886,0.40472325639116413,0.2617416288380877,0.3333744833579227
584,Vanilluxe,Vanilluxe,Base,Ice,None,535,71,95,85,110,95,79,5,False,535,True,102.5,90.0,83.66666666666667,79,110,95,0.5441176470588235,0.3411764705882353,0.44146341463414646,0.4228571428571429,0.4485994056159049,Heavy hitter,Vanilluxe,"('Ice',)",1.2209374999999973,0.8555320641024552,0.2937499999999999,0.26999999999999985,0.18451400329489293,0.03130148270181219,0.0,1.168863261943987,0.4603375527426162,0.25372638199478886,0.5106056093323406,0.33126817116233453,0.43434117735259375
585,Deerling,Deerling,Base,Normal,Grass,335,60,60,50,40,50,75,5,False,335,True,50.0,50.0,53.333333333333336,75,60,50,0.23529411764705882,0.15294117647058825,0.21951219512195125,0.4,0.2444906743185079,Balanced,Deerling,"('Grass', 'Normal')",1.2343749999999967,0.8740100784297706,0.20000000000000007,0.07625000000000003,0.32125205930807255,0.2784184514003295,0.03789126853377265,1.1441515650741354,0.4784810126582271,0.27835961817369276,0.33256887565152615,0.21975130781467078,0.29562654375278785
586,Sawsbuck,Sawsbuck,Base,Normal,Grass,475,80,100,70,60,70,95,5,False,475,True,80.0,70.0,73.33333333333333,95,100,70,0.4117647058823529,0.24705882352941178,0.3658536585365854,0.5142857142857142,0.3819102275056364,Balanced,Sawsbuck,"('Grass', 'Normal')",1.2343749999999967,0.8740100784297706,0.20000000000000007,0.07625000000000003,0.32125205930807255,0.2784184514003295,0.03789126853377265,1.1441515650741354,0.4784810126582271,0.27835961817369276,0.4384512285927026,0.2892778501389176,0.3965932377474589
587,Emolga,Emolga,Base,Electric,Flying,428,55,75,60,75,60,103,5,False,428,True,75.0,60.0,58.333333333333336,103,75,60,0.38235294117647056,0.2,0.25609756097560976,0.56,0.3470430416068866,Balanced,Emolga,"('Electric', 'Flying')",1.4449999999999967,1.1474480138062364,0.4337499999999995,0.06750000000000002,0.07907742998352554,0.30477759472817134,0.05518945634266886,0.8714991762767711,0.7628691983122364,0.6428826195680161,0.5345594440307769,0.3911774380711089,0.46723346527467646
588,Karrablast,Karrablast,Base,Bug,None,315,50,75,45,40,45,60,5,False,315,True,57.5,45.0,46.666666666666664,60,75,45,0.27941176470588236,0.12941176470588237,0.17073170731707318,0.3142857142857143,0.22715054314408692,Balanced,Karrablast,"('Bug',)",1.006874999999999,0.9131252342169732,0.17750000000000005,0.35999999999999954,0.18369028006589788,0.1771004942339374,0.0,1.0951400329489291,0.17130801687763886,0.3305044457299968,0.23617026557458493,0.22017882276832584,0.24173719167480193
589,Escavalier,Escavalier,Base,Bug,Steel,495,70,135,105,60,105,20,5,False,495,True,97.5,105.0,93.33333333333333,20,135,105,0.5147058823529411,0.4117647058823529,0.5121951219512195,0.08571428571428572,0.40267011682721865,Heavy hitter,Escavalier,"('Bug', 'Steel')",1.2553124999999972,1.1537182215247197,0.2875,0.13375000000000006,0.05271828665568369,0.4415156507413509,0.051070840197693576,0.8667627677100493,0.5067510548523207,0.6512414997422705,0.511523951352693,0.5326630274435367,0.43766614915536384
590,Foongus,Foongus,Base,Grass,Poison,294,69,55,45,55,55,15,5,False,294,True,55.0,50.0,56.333333333333336,15,55,55,0.2647058823529412,0.15294117647058825,0.24146341463414636,0.05714285714285714,0.19060360729657716,Balanced,Foongus,"('Grass', 'Poison')",1.3374999999999972,0.9329490865455523,0.31874999999999964,0.11000000000000004,0.24135090609555185,0.29983525535420097,0.0,1.0718698517298186,0.6177215189873422,0.35693183277145646,0.4059121370067016,0.2566679985318251,0.2765272240281433
591,Amoonguss,Amoonguss,Base,Grass,Poison,464,114,85,70,85,80,30,5,False,464,True,85.0,75.0,88.0,30,85,80,0.4411764705882353,0.27058823529411763,0.47317073170731716,0.14285714285714285,0.3452643984423038,Balanced,Amoonguss,"('Grass', 'Poison')",1.3374999999999972,0.9329490865455523,0.31874999999999964,0.11000000000000004,0.24135090609555185,0.29983525535420097,0.0,1.0718698517298186,0.6177215189873422,0.35693183277145646,0.5117944899478781,0.3557712983883531,0.3846674166905742
592,Frillish,Frillish,Base,Water,Ghost,335,55,40,50,65,85,40,5,False,335,True,52.5,67.5,63.333333333333336,40,65,85,0.25,0.23529411764705882,0.29268292682926833,0.2,0.24486011477761835,Balanced,Frillish,"('Ghost', 'Water')",1.3468749999999958,1.1081697842580391,0.3187499999999997,0.01875,0.19934102141680393,0.3385502471169687,0.12767710049423395,0.9023887973640856,0.6303797468354416,0.5905203966575356,0.40215189873417667,0.3917318315468019,0.345109326174354
593,Jellicent,Jellicent,Base,Water,Ghost,480,100,60,70,85,105,60,5,False,480,True,72.5,87.5,91.66666666666667,60,85,105,0.36764705882352944,0.32941176470588235,0.5000000000000001,0.3142857142857143,0.37388655462184883,Tank,Jellicent,"('Ghost', 'Water')",1.3468749999999958,1.1081697842580391,0.3187499999999997,0.01875,0.19934102141680393,0.3385502471169687,0.12767710049423395,0.9023887973640856,0.6303797468354416,0.5905203966575356,0.4727401340282943,0.4765022763100731,0.43527257684047416
594,Alomomola,Alomomola,Base,Water,None,470,165,75,80,40,45,65,5,False,470,True,57.5,62.5,96.66666666666667,65,75,80,0.27941176470588236,0.21176470588235294,0.5365853658536587,0.34285714285714286,0.32662379585980733,Balanced,Alomomola,"('Water',)",1.0643749999999983,0.9946743128164401,0.17500000000000007,0.2874999999999998,0.11943986820428334,0.22817133443163096,0.0,1.005354200988468,0.24894514767932577,0.4392183842370741,0.2672251178952597,0.38395134221706784,0.3224975906307668
595,Joltik,Joltik,Base,Bug,Electric,319,50,47,50,57,50,65,5,False,319,True,52.0,50.0,50.0,65,57,50,0.24705882352941178,0.15294117647058825,0.19512195121951223,0.34285714285714286,0.2323017011682722,Balanced,Joltik,"('Bug', 'Electric')",1.4112499999999968,1.001237112399586,0.3887499999999996,0.035,0.10049423393739704,0.20345963756177923,0.0,0.9987644151565076,0.7172995780590717,0.44796732171827647,0.43515512534127576,0.28149682825689454,0.34478492521739096
596,Galvantula,Galvantula,Base,Bug,Electric,472,70,77,60,97,60,108,5,False,472,True,87.0,60.0,63.333333333333336,108,97,60,0.45294117647058824,0.2,0.29268292682926833,0.5885714285714285,0.3847802828448452,Balanced,Galvantula,"('Bug', 'Electric')",1.4112499999999968,1.001237112399586,0.3887499999999996,0.035,0.10049423393739704,0.20345963756177923,0.0,0.9987644151565076,0.7172995780590717,0.44796732171827647,0.5586845371059816,0.32235766039462765,0.46618386967322206
597,Ferroseed,Ferroseed,Base,Grass,Steel,305,44,50,91,24,86,10,5,False,305,True,37.0,88.5,73.66666666666667,10,50,91,0.1588235294117647,0.3341176470588235,0.3682926829268294,0.02857142857142857,0.2184904693584751,Balanced,Ferroseed,"('Grass', 'Steel')",1.3078124999999965,1.1636712183918552,0.2875,0.12875000000000006,0.09637561779242175,0.5436573311367381,0.051070840197693576,0.8593492586490941,0.5776371308016871,0.6645099450510071,0.32634896996773366,0.4748183252226984,0.31004437024338855
598,Ferrothorn,Ferrothorn,Base,Grass,Steel,489,74,94,131,54,116,20,5,False,489,True,74.0,123.5,107.0,20,94,131,0.3764705882352941,0.4988235294117647,0.6121951219512196,0.08571428571428572,0.39605246976839514,Balanced,Ferrothorn,"('Grass', 'Steel')",1.3078124999999965,1.1636712183918552,0.2875,0.12875000000000006,0.09637561779242175,0.5436573311367381,0.051070840197693576,0.8593492586490941,0.5776371308016871,0.6645099450510071,0.45693720526185133,0.5934409938023254,0.43307219356784027
599,Klink,Klink,Base,Steel,None,300,40,55,70,45,60,30,5,False,300,True,50.0,65.0,56.666666666666664,30,55,70,0.23529411764705882,0.2235294117647059,0.24390243902439024,0.14285714285714285,0.21558721049395368,Balanced,Klink,"('Steel',)",0.9799999999999983,1.2281234178139182,0.12625000000000006,0.3112499999999997,0.15156507413509063,0.5724876441515651,0.051070840197693576,0.8142504118616145,0.13502109704641413,0.7504318532436258,0.19518490940680094,0.439383645171195,0.26365571031674334
600,Klang,Klang,Base,Steel,None,440,60,80,95,70,85,50,5,False,440,True,75.0,90.0,80.0,50,80,95,0.38235294117647056,0.3411764705882353,0.4146341463414635,0.2571428571428571,0.3534730477556876,Balanced,Klang,"('Steel',)",0.9799999999999983,1.2281234178139182,0.12625000000000006,0.3112499999999997,0.15156507413509063,0.5724876441515651,0.051070840197693576,0.8142504118616145,0.13502109704641413,0.7504318532436258,0.28342020352444797,0.5232430425886986,0.36193337992117053
601,Klinklang,Klinklang,Base,Steel,None,520,60,100,115,70,85,90,5,False,520,True,85.0,100.0,86.66666666666667,90,100,115,0.4411764705882353,0.38823529411764707,0.46341463414634154,0.4857142857142857,0.4412963722074196,Balanced,Klinklang,"('Steel',)",0.9799999999999983,1.2281234178139182,0.12625000000000006,0.3112499999999997,0.15156507413509063,0.5724876441515651,0.051070840197693576,0.8142504118616145,0.13502109704641413,0.7504318532436258,0.31871432117150683,0.5519087527752122,0.4321099529894222
602,Tynamo,Tynamo,Base,Electric,None,275,35,55,40,45,40,60,5,False,275,True,50.0,40.0,38.333333333333336,60,55,40,0.23529411764705882,0.10588235294117647,0.10975609756097564,0.3142857142857143,0.1936318917811027,Balanced,Tynamo,"('Electric',)",1.0599999999999987,1.0279424206198797,0.2250000000000001,0.2787499999999998,0.05518945634266886,0.16474464579901152,0.0,0.972817133443163,0.24303797468354574,0.48356845033351176,0.2383916604616536,0.2579252280530604,0.24892187351060213
603,Eelektrik,Eelektrik,Base,Electric,None,405,65,85,70,75,70,40,5,False,405,True,80.0,70.0,68.33333333333333,40,85,70,0.4117647058823529,0.24705882352941178,0.32926829268292684,0.2,0.31173601147776187,Balanced,Eelektrik,"('Electric',)",1.0599999999999987,1.0279424206198797,0.2250000000000001,0.2787499999999998,0.05518945634266886,0.16474464579901152,0.0,0.972817133443163,0.24303797468354574,0.48356845033351176,0.34427401340283004,0.3622150415394305,0.32313451954462546
604,Eelektross,Eelektross,Base,Electric,None,515,85,115,80,105,80,50,5,False,515,True,110.0,80.0,81.66666666666667,50,115,80,0.5882352941176471,0.29411764705882354,0.42682926829268303,0.2571428571428571,0.4162061897929904,Heavy hitter,Eelektross,"('Electric',)",1.0599999999999987,1.0279424206198797,0.2250000000000001,0.2787499999999998,0.05518945634266886,0.16474464579901152,0.0,0.972817133443163,0.24303797468354574,0.48356845033351176,0.4501563663440066,0.4030758736771637,0.40198766568112887
605,Elgyem,Elgyem,Base,Psychic,None,335,55,55,55,85,55,30,5,False,335,True,70.0,55.0,55.0,30,85,55,0.35294117647058826,0.17647058823529413,0.23170731707317074,0.14285714285714285,0.24255995080959217,Balanced,Elgyem,"('Psychic',)",0.9878124999999977,0.9256576430623346,0.12250000000000003,0.21125000000000013,0.13920922570016475,0.11779242174629324,0.0,1.080313014827018,0.1455696202531643,0.3472115324066214,0.26999255398361865,0.2585761481132942,0.243382430077446
606,Beheeyem,Beheeyem,Base,Psychic,None,485,75,75,75,125,95,40,5,False,485,True,100.0,85.0,81.66666666666667,40,125,95,0.5294117647058824,0.3176470588235294,0.42682926829268303,0.2,0.3900717360114777,Heavy hitter,Beheeyem,"('Psychic',)",0.9878124999999977,0.9256576430623346,0.12250000000000003,0.21125000000000013,0.13920922570016475,0.11779242174629324,0.0,1.080313014827018,0.1455696202531643,0.3472115324066214,0.37587490692479514,0.35676840062405457,0.3458912433588561
607,Litwick,Litwick,Base,Ghost,Fire,275,50,30,55,65,55,20,5,False,275,True,47.5,55.0,53.333333333333336,20,65,55,0.22058823529411764,0.17647058823529413,0.21951219512195125,0.08571428571428572,0.1823688255790121,Balanced,Litwick,"('Fire', 'Ghost')",1.4131249999999964,1.029686173664089,0.37624999999999953,0.021249999999999998,0.2866556836902801,0.3459637561779242,0.12767710049423395,0.971169686985173,0.7198312236286916,0.48589306594506,0.4202854306279472,0.31099998104086474,0.30162663325743294
608,Lampent,Lampent,Base,Ghost,Fire,370,60,40,60,95,60,55,5,False,370,True,67.5,60.0,60.0,55,95,60,0.3382352941176471,0.2,0.26829268292682934,0.2857142857142857,0.2791837466693995,Balanced,Lampent,"('Fire', 'Ghost')",1.4131249999999964,1.029686173664089,0.37624999999999953,0.021249999999999998,0.2866556836902801,0.3459637561779242,0.12767710049423395,0.971169686985173,0.7198312236286916,0.48589306594506,0.4908736659220649,0.3314303971097313,0.38051329035929815
609,Chandelure,Chandelure,Base,Ghost,Fire,520,60,55,90,145,90,80,5,False,520,True,100.0,90.0,80.0,80,145,90,0.5294117647058824,0.3411764705882353,0.4146341463414635,0.42857142857142855,0.4392293502766961,Heavy hitter,Chandelure,"('Fire', 'Ghost')",1.4131249999999964,1.029686173664089,0.37624999999999953,0.021249999999999998,0.2866556836902801,0.3459637561779242,0.12767710049423395,0.971169686985173,0.7198312236286916,0.48589306594506,0.605579548275006,0.4174275276692722,0.49763019443800277
610,Axew,Axew,Base,Dragon,None,320,46,87,60,30,40,57,5,False,320,True,58.5,50.0,48.666666666666664,57,87,60,0.2852941176470588,0.15294117647058825,0.18536585365853658,0.29714285714285715,0.2345899774543964,Balanced,Axew,"('Dragon',)",0.9818749999999979,1.0336313314135135,0.06000000000000001,0.10625000000000004,0.10543657331136738,0.2759472817133443,0.0,0.9674629324546953,0.13755274261603387,0.4911523974339931,0.22619756763464885,0.2963318341529373,0.25913850248932874
611,Fraxure,Fraxure,Base,Dragon,None,410,66,117,70,40,50,67,5,False,410,True,78.5,60.0,62.0,67,117,70,0.40294117647058825,0.2,0.2829268292682927,0.35428571428571426,0.31847192047550726,Heavy hitter,Fraxure,"('Dragon',)",0.9818749999999979,1.0336313314135135,0.06000000000000001,0.10625000000000004,0.10543657331136738,0.2759472817133443,0.0,0.9674629324546953,0.13755274261603387,0.4911523974339931,0.2967858029287665,0.33719266629067046,0.32078576627289096
612,Haxorus,Haxorus,Base,Dragon,None,540,76,147,90,60,70,97,5,False,540,True,103.5,80.0,78.66666666666667,97,147,90,0.55,0.29411764705882354,0.4048780487804879,0.5257142857142857,0.45214787866366063,Heavy hitter,Haxorus,"('Dragon',)",0.9818749999999979,1.0336313314135135,0.06000000000000001,0.10625000000000004,0.10543657331136738,0.2759472817133443,0.0,0.9674629324546953,0.13755274261603387,0.4911523974339931,0.3850210970464136,0.4006216476393074,0.42087425776704956
613,Cubchoo,Cubchoo,Base,Ice,None,305,55,70,40,60,40,40,5,False,305,True,65.0,40.0,45.0,40,70,40,0.3235294117647059,0.10588235294117647,0.1585365853658537,0.2,0.21141319942611192,Balanced,Cubchoo,"('Ice',)",1.2209374999999973,0.8555320641024552,0.2937499999999999,0.26999999999999985,0.18451400329489293,0.03130148270181219,0.0,1.168863261943987,0.4603375527426162,0.25372638199478886,0.37825266815587,0.17818352266879073,0.266468103976902
614,Beartic,Beartic,Base,Ice,None,485,95,110,80,70,80,50,5,False,485,True,90.0,80.0,85.0,50,110,80,0.47058823529411764,0.29411764705882354,0.451219512195122,0.2571428571428571,0.3799077679852429,Heavy hitter,Beartic,"('Ice',)",1.2209374999999973,0.8555320641024552,0.2937499999999999,0.26999999999999985,0.18451400329489293,0.03130148270181219,0.0,1.168863261943987,0.4603375527426162,0.25372638199478886,0.4664879622735171,0.3172366073172843,0.37732376087380715
615,Cryogonal,Cryogonal,Base,Ice,None,485,70,50,30,95,135,105,5,False,485,True,72.5,82.5,78.33333333333333,105,95,135,0.36764705882352944,0.3058823529411765,0.4024390243902439,0.5714285714285714,0.39992057798729247,Balanced,Cryogonal,"('Ice',)",1.2209374999999973,0.8555320641024552,0.2937499999999999,0.26999999999999985,0.18451400329489293,0.03130148270181219,0.0,1.168863261943987,0.4603375527426162,0.25372638199478886,0.40472325639116413,0.3091591324248883,0.4003394146963117
616,Shelmet,Shelmet,Base,Bug,None,305,50,40,85,40,65,25,5,False,305,True,40.0,75.0,66.66666666666667,25,40,85,0.17647058823529413,0.27058823529411763,0.31707317073170743,0.11428571428571428,0.21568354170936668,Balanced,Shelmet,"('Bug',)",1.006874999999999,0.9131252342169732,0.17750000000000005,0.35999999999999954,0.18369028006589788,0.1771004942339374,0.0,1.0951400329489291,0.17130801687763886,0.3305044457299968,0.174405559692232,0.30617595332786673,0.21111039827451497
617,Accelgor,Accelgor,Base,Bug,None,495,80,70,40,100,60,145,5,False,495,True,85.0,50.0,60.0,145,100,60,0.4411764705882353,0.15294117647058825,0.26829268292682934,0.8,0.4063055954088953,DPS,Accelgor,"('Bug',)",1.006874999999999,0.9131252342169732,0.17750000000000005,0.35999999999999954,0.18369028006589788,0.1771004942339374,0.0,1.0951400329489291,0.17130801687763886,0.3305044457299968,0.33322908910399673,0.25280436078841195,0.3900787831894566
618,Stunfisk,Stunfisk,Base,Ground,Electric,471,109,66,84,81,99,32,5,False,471,True,73.5,91.5,97.33333333333333,32,81,99,0.3735294117647059,0.34823529411764703,0.5414634146341464,0.15428571428571428,0.3569439434310309,Balanced,Stunfisk,"('Electric', 'Ground')",1.4581249999999966,0.8959409586068837,0.45874999999999927,0.09125000000000003,0.2685337726523888,0.22240527182866557,0.04118616144975288,1.1161449752883033,0.780590717299578,0.307595906307503,0.5363539339786547,0.38028656912271425,0.40531199298578796
619,Mienfoo,Mienfoo,Base,Fighting,None,350,45,85,50,55,50,65,5,False,350,True,70.0,50.0,48.333333333333336,65,85,50,0.35294117647058826,0.15294117647058825,0.18292682926829273,0.34285714285714286,0.26692150030744005,Balanced,Mienfoo,"('Fighting',)",1.064374999999999,0.8962716861660586,0.2475000000000001,0.35124999999999973,0.19028006589785829,0.14909390444810544,0.0,1.1157331136738053,0.24894514767932668,0.30803680271183054,0.31134276495408364,0.22247584016651129,0.2827466545062743
620,Mienshao,Mienshao,Base,Fighting,None,510,65,125,60,95,60,105,5,False,510,True,110.0,60.0,61.666666666666664,105,125,60,0.5882352941176471,0.2,0.28048780487804875,0.5714285714285714,0.42626562820250047,DPS,Mienshao,"('Fighting',)",1.064374999999999,0.8962716861660586,0.2475000000000001,0.35124999999999973,0.19028006589785829,0.14909390444810544,0.0,1.1157331136738053,0.24894514767932668,0.30803680271183054,0.45251923554231893,0.2633366723042444,0.4096628258528617
621,Druddigon,Druddigon,Base,Dragon,None,485,77,120,90,60,90,48,5,False,485,True,90.0,90.0,85.66666666666667,48,120,90,0.47058823529411764,0.3411764705882353,0.4560975609756099,0.24571428571428572,0.39036236933797913,Heavy hitter,Druddigon,"('Dragon',)",0.9818749999999979,1.0336313314135135,0.06000000000000001,0.10625000000000004,0.10543657331136738,0.2759472817133443,0.0,0.9674629324546953,0.13755274261603387,0.4911523974339931,0.33737403822288414,0.42989711392338203,0.359330247724008
622,Golett,Golett,Base,Ground,Ghost,303,59,74,50,35,50,35,5,False,303,True,54.5,50.0,53.0,35,74,50,0.26176470588235295,0.15294117647058825,0.21707317073170734,0.17142857142857143,0.20755328960852634,Balanced,Golett,"('Ghost', 'Ground')",1.3787499999999953,0.9684882320097769,0.3824999999999995,0.042499999999999996,0.29324546952224056,0.1581548599670511,0.16886326194398682,1.0325370675453047,0.6734177215189853,0.4043094431742433,0.42642591213700587,0.26952148171733004,0.30827408852556604
623,Golurk,Golurk,Base,Ground,Ghost,483,89,124,80,55,80,55,5,False,483,True,89.5,80.0,83.0,55,124,80,0.4676470588235294,0.29411764705882354,0.4365853658536586,0.2857142857142857,0.38166581266653005,Heavy hitter,Golurk,"('Ghost', 'Ground')",1.3787499999999953,0.9684882320097769,0.3824999999999995,0.042499999999999996,0.29324546952224056,0.1581548599670511,0.16886326194398682,1.0325370675453047,0.6734177215189853,0.4043094431742433,0.5499553239017118,0.3738112952037002,0.43223253287891716
624,Pawniard,Pawniard,Base,Dark,Steel,340,45,85,70,40,40,60,5,False,340,True,62.5,55.0,51.666666666666664,60,85,70,0.3088235294117647,0.17647058823529413,0.20731707317073172,0.3142857142857143,0.2565264398442304,Balanced,Pawniard,"('Dark', 'Steel')",1.2662499999999954,1.148533584300549,0.26624999999999993,0.03,0.15156507413509063,0.48599670510708404,0.12520593080724876,0.8706754530477759,0.5215189873417698,0.6443298050664992,0.39390171258376677,0.37132589620163553,0.35458027701348915
625,Bisharp,Bisharp,Base,Dark,Steel,490,65,125,100,60,70,70,5,False,490,True,92.5,85.0,78.33333333333333,70,125,100,0.4852941176470588,0.3176470588235294,0.4024390243902439,0.37142857142857144,0.404038225046116,Heavy hitter,Bisharp,"('Dark', 'Steel')",1.2662499999999954,1.148533584300549,0.26624999999999993,0.03,0.15156507413509063,0.48599670510708404,0.12520593080724876,0.8706754530477759,0.5215189873417698,0.6443298050664992,0.4997840655249432,0.46951814871239594,0.4570890902948992
626,Bouffalant,Bouffalant,Base,Normal,None,490,95,110,95,40,95,55,5,False,490,True,75.0,95.0,95.0,55,110,95,0.38235294117647056,0.36470588235294116,0.524390243902439,0.2857142857142857,0.3870209059233449,Heavy hitter,Bouffalant,"('Normal',)",0.8799999999999981,0.9942669932784275,0.0,0.1787500000000001,0.04365733113673806,0.0,0.03789126853377265,1.0057660626029652,0.0,0.4386753822563193,0.22941176470588232,0.43421477270166686,0.3229394164384976
627,Rufflet,Rufflet,Base,Normal,Flying,350,70,83,50,37,50,60,5,False,350,True,60.0,50.0,56.666666666666664,60,83,50,0.29411764705882354,0.15294117647058825,0.24390243902439024,0.3142857142857143,0.25281410125025616,Balanced,Rufflet,"('Flying', 'Normal')",1.2068749999999977,1.0434035227617604,0.2325000000000001,0.10250000000000004,0.12026359143327842,0.1375617792421746,0.0930807248764415,0.9584019769357496,0.44135021097046473,0.5041798089947124,0.35301067262348007,0.31617694511868843,0.3211223249153941
628,Braviary,Braviary,Base,Normal,Flying,510,100,123,75,57,75,80,5,False,510,True,90.0,75.0,83.33333333333333,80,123,75,0.47058823529411764,0.27058823529411763,0.4390243902439025,0.42857142857142855,0.40587210493953685,Heavy hitter,Braviary,"('Flying', 'Normal')",1.2068749999999977,1.0434035227617604,0.2325000000000001,0.10250000000000004,0.12026359143327842,0.1375617792421746,0.0930807248764415,0.9584019769357496,0.44135021097046473,0.5041798089947124,0.4588930255646565,0.4061339035118018,0.43056391130604793
629,Vullaby,Vullaby,Base,Dark,Flying,370,70,55,75,45,65,60,5,False,370,True,50.0,70.0,70.0,60,55,75,0.23529411764705882,0.24705882352941178,0.3414634146341464,0.3142857142857143,0.2752674728427956,Balanced,Vullaby,"('Dark', 'Flying')",1.384374999999996,1.0584132508414004,0.36124999999999957,0.01375,0.15321252059308071,0.15815485996705106,0.12932454695222406,0.9448105436573312,0.6810126582278468,0.5241894361233334,0.413581533879374,0.3815122163431641,0.36831925652397535
630,Mandibuzz,Mandibuzz,Base,Dark,Flying,510,110,65,105,55,95,80,5,False,510,True,60.0,100.0,103.33333333333333,80,65,105,0.29411764705882354,0.38823529411764707,0.5853658536585367,0.42857142857142855,0.4027874564459931,Tank,Mandibuzz,"('Dark', 'Flying')",1.384374999999996,1.0584132508414004,0.36124999999999957,0.01375,0.15321252059308071,0.15815485996705106,0.12932454695222406,0.9448105436573312,0.6810126582278468,0.5241894361233334,0.44887565152643283,0.491899590805144,0.4518239706047296
631,Heatmor,Heatmor,Base,Fire,None,484,85,97,66,105,66,65,5,False,484,True,101.0,66.0,72.33333333333333,65,105,66,0.5352941176470588,0.22823529411764706,0.3585365853658537,0.34285714285714286,0.3846905103504817,Balanced,Heatmor,"('Fire',)",1.1381249999999974,0.9440124407884671,0.25250000000000006,0.3074999999999998,0.2067545304777595,0.29489291598023065,0.0,1.0593080724876442,0.34852320675105475,0.371680507232312,0.4605857532886572,0.3181887021755647,0.388823059949276
632,Durant,Durant,Base,Bug,Steel,484,58,109,112,48,48,109,5,False,484,True,78.5,80.0,72.66666666666667,109,109,112,0.40294117647058825,0.29411764705882354,0.36097560975609766,0.5942857142857143,0.40561108833777415,DPS,Durant,"('Bug', 'Steel')",1.2553124999999972,1.1537182215247197,0.2875,0.13375000000000006,0.05271828665568369,0.4415156507413509,0.051070840197693576,0.8667627677100493,0.5067510548523207,0.6512414997422705,0.44446512782328124,0.4536816788065209,0.463875075164792
633,Deino,Deino,Base,Dark,Dragon,300,52,65,50,45,50,38,5,False,300,True,55.0,50.0,50.666666666666664,38,65,50,0.2647058823529412,0.15294117647058825,0.2,0.18857142857142858,0.20859663865546219,Balanced,Deino,"('Dark', 'Dragon')",1.1768749999999961,0.9782433511784148,0.19875000000000007,0.048750000000000016,0.20840197693574958,0.35584843492586493,0.07413509060955518,1.0222405271828663,0.4008438818565384,0.41731409563190386,0.3191610821543801,0.27045505001746745,0.2683761579510259
634,Zweilous,Zweilous,Base,Dark,Dragon,420,72,85,70,65,70,58,5,False,420,True,75.0,70.0,70.66666666666667,58,85,70,0.38235294117647056,0.24705882352941178,0.34634146341463423,0.3028571428571429,0.325427956548473,Balanced,Zweilous,"('Dark', 'Dragon')",1.1768749999999961,0.9782433511784148,0.19875000000000007,0.048750000000000016,0.20840197693574958,0.35584843492586493,0.07413509060955518,1.0222405271828663,0.4008438818565384,0.41731409563190386,0.3897493174484977,0.3399815923417142,0.35213696959275576
635,Hydreigon,Hydreigon,Base,Dark,Dragon,600,92,105,90,125,90,98,5,False,600,True,115.0,90.0,90.66666666666667,98,125,90,0.6176470588235294,0.3411764705882353,0.4926829268292684,0.5314285714285715,0.5062928878868621,Heavy hitter,Hydreigon,"('Dark', 'Dragon')",1.1768749999999961,0.9782433511784148,0.19875000000000007,0.048750000000000016,0.20840197693574958,0.35584843492586493,0.07413509060955518,1.0222405271828663,0.4008438818565384,0.41731409563190386,0.5309257880367331,0.40950813466596103,0.49088097451179663
636,Larvesta,Larvesta,Base,Bug,Fire,360,55,85,55,50,55,60,5,False,360,True,67.5,55.0,55.0,60,85,55,0.3382352941176471,0.17647058823529413,0.23170731707317074,0.3142857142857143,0.271698606271777,Balanced,Larvesta,"('Bug', 'Fire')",1.3693749999999967,0.8562863685138199,0.35999999999999954,0.11625000000000005,0.23476112026359142,0.285831960461285,0.0,1.1678336079077432,0.6607594936708858,0.25473195317721126,0.4672449739389426,0.22158431642153015,0.3412709325856598
637,Volcarona,Volcarona,Base,Bug,Fire,550,85,60,65,135,105,100,5,False,550,True,97.5,85.0,85.0,100,135,105,0.5147058823529411,0.3176470588235294,0.451219512195122,0.5428571428571428,0.45837415453986474,DPS,Volcarona,"('Bug', 'Fire')",1.3693749999999967,0.8562863685138199,0.35999999999999954,0.11625000000000005,0.23476112026359142,0.285831960461285,0.0,1.1678336079077432,0.6607594936708858,0.25473195317721126,0.573127326880119,0.3258741299079003,0.4771978643339688
638,Cobalion,Cobalion,Base,Steel,Fighting,580,91,90,129,90,72,108,5,True,580,True,90.0,100.5,97.33333333333333,108,90,129,0.47058823529411764,0.3905882352941176,0.5414634146341464,0.5885714285714285,0.48835990981758554,Tank,Cobalion,"('Fighting', 'Steel')",1.3243749999999967,1.1606118533374925,0.30999999999999983,0.05625000000000001,0.15156507413509063,0.4242174629324547,0.051070840197693576,0.8616144975288303,0.5999999999999996,0.6604314731650862,0.5223529411764705,0.5362443252775122,0.5313541748121939
639,Terrakion,Terrakion,Base,Rock,Fighting,580,91,129,90,72,90,108,5,True,580,True,100.5,90.0,90.33333333333333,108,129,90,0.5323529411764706,0.3411764705882353,0.49024390243902444,0.5885714285714285,0.48738071326091414,DPS,Terrakion,"('Fighting', 'Rock')",1.5599999999999963,0.7937234384023666,0.4762499999999993,0.0225,0.42833607907743,0.3369028006589786,0.0,1.2598846787479407,0.9181434599156117,0.17132864986872276,0.686669148672127,0.3105042002631275,0.5292117408226404
640,Virizion,Virizion,Base,Grass,Fighting,580,91,90,72,90,129,108,5,True,580,True,90.0,100.5,97.33333333333333,108,90,129,0.47058823529411764,0.3905882352941176,0.5414634146341464,0.5885714285714285,0.48835990981758554,Tank,Virizion,"('Fighting', 'Grass')",1.3756249999999983,0.7647244088640155,0.3812499999999995,0.20750000000000007,0.32537067545304776,0.3682042833607908,0.0,1.307660626029654,0.6691983122362889,0.13266973712390326,0.5500322660709862,0.32513963086103903,0.4790944964450583
641,TornadusIncarnate Forme,Tornadus,Incarnate Forme,Flying,None,580,79,115,70,125,80,111,5,True,580,True,120.0,75.0,76.33333333333333,111,125,80,0.6470588235294118,0.27058823529411763,0.3878048780487805,0.6057142857142858,0.4928214798114368,DPS,Tornadus (Incarnate Forme),"('Flying',)",1.1790624999999981,1.0262045636130073,0.2325000000000001,0.15625000000000006,0.12026359143327842,0.18121911037891267,0.05518945634266886,0.9744645799011532,0.4037974683544314,0.48125169479164764,0.5497542814594196,0.3841577797817953,0.49992941134716484
641,TornadusTherian Forme,Tornadus,Therian Forme,Flying,None,580,79,100,80,110,90,121,5,True,580,True,105.0,85.0,83.0,121,110,90,0.5588235294117647,0.3176470588235294,0.4365853658536586,0.6628571428571428,0.4948885017421603,DPS,Tornadus (Therian Forme),"('Flying',)",1.1790624999999981,1.0262045636130073,0.2325000000000001,0.15625000000000006,0.12026359143327842,0.18121911037891267,0.05518945634266886,0.9744645799011532,0.4037974683544314,0.48125169479164764,0.49681310498883136,0.412823489968309,0.49623413567592073
642,ThundurusIncarnate Forme,Thundurus,Incarnate Forme,Electric,Flying,580,79,115,70,125,80,111,5,True,580,True,120.0,75.0,76.33333333333333,111,125,80,0.6470588235294118,0.27058823529411763,0.3878048780487805,0.6057142857142858,0.4928214798114368,DPS,Thundurus (Incarnate Forme),"('Electric', 'Flying')",1.4449999999999967,1.1474480138062364,0.4337499999999995,0.06750000000000002,0.07907742998352554,0.30477759472817134,0.05518945634266886,0.8714991762767711,0.7628691983122364,0.6428826195680161,0.6933829734425416,0.44881014969234273,0.5767765991135778
642,ThundurusTherian Forme,Thundurus,Therian Forme,Electric,Flying,580,79,105,70,145,80,101,5,True,580,True,125.0,75.0,76.33333333333333,101,145,80,0.6764705882352942,0.27058823529411763,0.3878048780487805,0.5485714285714286,0.49168702602992415,DPS,Thundurus (Therian Forme),"('Electric', 'Flying')",1.4449999999999967,1.1474480138062364,0.4337499999999995,0.06750000000000002,0.07907742998352554,0.30477759472817134,0.05518945634266886,0.8714991762767711,0.7628691983122364,0.6428826195680161,0.7110300322660711,0.44881014969234273,0.5750938260043341
643,Reshiram,Reshiram,Base,Dragon,Fire,680,100,120,100,150,120,90,5,True,680,True,135.0,110.0,106.66666666666667,90,150,120,0.7352941176470589,0.43529411764705883,0.6097560975609757,0.4857142857142857,0.5852705472432875,Tank,Reshiram,"('Dragon', 'Fire')",1.3537499999999953,1.0251213837918534,0.31249999999999983,0.007500000000000001,0.1441515650741351,0.271828665568369,0.0,0.9754942339373972,0.6396624472573819,0.4798076963248176,0.6970414494911881,0.4967150440966416,0.5884788179691037
644,Zekrom,Zekrom,Base,Dragon,Electric,680,100,150,120,120,100,90,5,True,680,True,135.0,110.0,106.66666666666667,90,150,120,0.7352941176470589,0.43529411764705883,0.6097560975609757,0.4857142857142857,0.5852705472432875,Tank,Zekrom,"('Dragon', 'Electric')",1.2949999999999955,1.0519930664842985,0.2849999999999999,0.015,0.16062602965403622,0.39950576606260296,0.0,0.9505766062602966,0.5603375527426139,0.5156306205071549,0.6653114916852809,0.5110442137695765,0.5800855857486213
645,LandorusIncarnate Forme,Landorus,Incarnate Forme,Ground,Flying,600,89,125,90,115,80,101,5,True,600,True,120.0,85.0,86.33333333333333,101,125,90,0.6470588235294118,0.3176470588235294,0.4609756097560976,0.5485714285714286,0.5077917606066817,DPS,Landorus (Incarnate Forme),"('Flying', 'Ground')",1.5262499999999963,0.9762766375671894,0.4749999999999991,0.012499999999999999,0.13509060955518945,0.15403624382207579,0.09637561779242174,1.0242998352553543,0.8725738396624471,0.4146922489321769,0.7372648299826259,0.3922972726001305,0.571049592149806
645,LandorusTherian Forme,Landorus,Therian Forme,Ground,Flying,600,89,145,90,105,80,91,5,True,600,True,125.0,85.0,86.33333333333333,91,145,90,0.6764705882352942,0.3176470588235294,0.4609756097560976,0.49142857142857144,0.5066573068251691,Heavy hitter,Landorus (Therian Forme),"('Flying', 'Ground')",1.5262499999999963,0.9762766375671894,0.4749999999999991,0.012499999999999999,0.13509060955518945,0.15403624382207579,0.09637561779242174,1.0242998352553543,0.8725738396624471,0.4146922489321769,0.7549118888061553,0.3922972726001305,0.5693668190405624
646,Kyurem,Kyurem,Base,Dragon,Ice,660,125,130,90,130,90,95,5,True,660,True,130.0,90.0,101.66666666666667,95,130,90,0.7058823529411765,0.3411764705882353,0.5731707317073171,0.5142857142857142,0.5498442303750769,Heavy hitter,Kyurem,"('Dragon', 'Ice')",1.3399999999999956,0.9138125697332565,0.3024999999999999,0.05500000000000001,0.20593080724876442,0.2232289950576606,0.0,1.0943163097199342,0.6210970464135004,0.3314207399706462,0.671968230330106,0.3952727436209701,0.5469886069174521
646,KyuremBlack Kyurem,Kyurem,Black Kyurem,Dragon,Ice,700,125,170,100,120,90,95,5,True,700,True,145.0,95.0,105.0,95,170,100,0.7941176470588235,0.36470588235294116,0.5975609756097562,0.5142857142857142,0.5914869850379176,Tank,Kyurem (Black Kyurem),"('Dragon', 'Ice')",1.3399999999999956,0.9138125697332565,0.3024999999999999,0.05500000000000001,0.20593080724876442,0.2232289950576606,0.0,1.0943163097199342,0.6210970464135004,0.3314207399706462,0.7249094068006943,0.4096055987142269,0.5787113472330906
646,KyuremWhite Kyurem,Kyurem,White Kyurem,Dragon,Ice,700,125,120,90,170,100,95,5,True,700,True,145.0,95.0,105.0,95,170,100,0.7941176470588235,0.36470588235294116,0.5975609756097562,0.5142857142857142,0.5914869850379176,Tank,Kyurem (White Kyurem),"('Dragon', 'Ice')",1.3399999999999956,0.9138125697332565,0.3024999999999999,0.05500000000000001,0.20593080724876442,0.2232289950576606,0.0,1.0943163097199342,0.6210970464135004,0.3314207399706462,0.7249094068006943,0.4096055987142269,0.5787113472330906
647,KeldeoOrdinary Forme,Keldeo,Ordinary Forme,Water,Fighting,580,91,72,90,129,90,108,5,False,580,True,100.5,90.0,90.33333333333333,108,129,90,0.5323529411764706,0.3411764705882353,0.49024390243902444,0.5885714285714285,0.48738071326091414,DPS,Keldeo (Ordinary Forme),"('Fighting', 'Water')",1.3862499999999973,0.8919911821580622,0.3649999999999995,0.09750000000000003,0.30971993410214166,0.3772652388797364,0.0,1.1210873146622735,0.683544303797469,0.3023304175815924,0.59282948622487,0.3629049073482754,0.507396087969282
647,KeldeoResolute Forme,Keldeo,Resolute Forme,Water,Fighting,580,91,72,90,129,90,108,5,False,580,True,100.5,90.0,90.33333333333333,108,129,90,0.5323529411764706,0.3411764705882353,0.49024390243902444,0.5885714285714285,0.48738071326091414,DPS,Keldeo (Resolute Forme),"('Fighting', 'Water')",1.3862499999999973,0.8919911821580622,0.3649999999999995,0.09750000000000003,0.30971993410214166,0.3772652388797364,0.0,1.1210873146622735,0.683544303797469,0.3023304175815924,0.59282948622487,0.3629049073482754,0.507396087969282
648,MeloettaAria Forme,Meloetta,Aria Forme,Normal,Psychic,600,100,77,77,128,128,90,5,False,600,True,102.5,102.5,101.66666666666667,90,128,128,0.5441176470588235,0.4,0.5731707317073171,0.4857142857142857,0.5022181799549088,Tank,Meloetta (Aria Forme),"('Normal', 'Psychic')",1.0918749999999977,0.9743178160651511,0.12250000000000003,0.06750000000000002,0.1013179571663921,0.07413509060955518,0.03789126853377265,1.0263591433278416,0.2860759493670888,0.41208092328661255,0.4409009679821296,0.44812505224147436,0.45898777271567337
648,MeloettaPirouette Forme,Meloetta,Pirouette Forme,Normal,Fighting,600,100,128,90,77,77,128,5,False,600,True,102.5,83.5,89.0,128,128,90,0.5441176470588235,0.31058823529411766,0.4804878048780489,0.7028571428571428,0.504757224841156,DPS,Meloetta (Pirouette Forme),"('Fighting', 'Normal')",1.224999999999997,0.8916636055214987,0.2475000000000001,0.05750000000000002,0.23393739703459634,0.14909390444810544,0.03789126853377265,1.1214991762767708,0.46582278481012623,0.3018937217054976,0.5127997021593446,0.34958532225465244,0.4911376326948784
649,Genesect,Genesect,Base,Bug,Steel,600,71,120,95,120,95,99,5,False,600,True,120.0,95.0,87.0,99,120,95,0.6470588235294118,0.36470588235294116,0.46585365853658545,0.5371428571428571,0.518246361959418,Heavy hitter,Genesect,"('Bug', 'Steel')",1.2553124999999972,1.1537182215247197,0.2875,0.13375000000000006,0.05271828665568369,0.4415156507413509,0.051070840197693576,0.8667627677100493,0.5067510548523207,0.6512414997422705,0.5909357160585753,0.504607073354584,0.5460647912951466
650,Chespin,Chespin,Base,Grass,None,313,56,61,65,48,45,38,6,False,313,True,54.5,55.0,55.333333333333336,38,61,65,0.26176470588235295,0.17647058823529413,0.23414634146341465,0.18857142857142858,0.22027884812461573,Balanced,Chespin,"('Grass',)",1.0306249999999983,0.8784370469852222,0.20000000000000007,0.42874999999999935,0.27759472817133446,0.2784184514003295,0.0,1.13838550247117,0.20337552742616116,0.28426125674000846,0.23840903449987624,0.23400579394421,0.22689289348762015
651,Quilladin,Quilladin,Base,Grass,None,405,61,78,95,56,58,57,6,False,405,True,67.0,76.5,71.33333333333333,57,78,95,0.3352941176470588,0.2776470588235294,0.351219512195122,0.29714285714285715,0.3164371797499488,Balanced,Quilladin,"('Grass',)",1.0306249999999983,0.8784370469852222,0.20000000000000007,0.42874999999999935,0.27759472817133446,0.2784184514003295,0.0,1.13838550247117,0.20337552742616116,0.28426125674000846,0.28252668155869975,0.29868585133301917,0.29465343355730655
652,Chesnaught,Chesnaught,Base,Grass,Fighting,530,88,107,122,74,75,64,6,False,530,True,90.5,98.5,95.0,64,107,122,0.47352941176470587,0.3811764705882353,0.524390243902439,0.33714285714285713,0.4333360319737651,Balanced,Chesnaught,"('Fighting', 'Grass')",1.3756249999999983,0.7647244088640155,0.3812499999999995,0.20750000000000007,0.32537067545304776,0.3682042833607908,0.0,1.307660626029654,0.6691983122362889,0.13266973712390326,0.5517969719533391,0.3175772205310534,0.431563788308145
653,Fennekin,Fennekin,Base,Fire,None,307,40,45,40,62,60,60,6,False,307,True,53.5,50.0,46.666666666666664,60,62,60,0.25588235294117645,0.15294117647058825,0.17073170731707318,0.3142857142857143,0.2247976019676163,Balanced,Fennekin,"('Fire',)",1.1381249999999974,0.9440124407884671,0.25250000000000006,0.3074999999999998,0.2067545304777595,0.29489291598023065,0.0,1.0593080724876442,0.34852320675105475,0.371680507232312,0.29293869446512777,0.24488454148689898,0.2715033376701204
654,Braixen,Braixen,Base,Fire,None,409,59,59,58,90,70,73,6,False,409,True,74.5,64.0,62.333333333333336,73,90,70,0.37941176470588234,0.2188235294117647,0.2853658536585366,0.38857142857142857,0.32228745644599305,Balanced,Braixen,"('Fire',)",1.1381249999999974,0.9440124407884671,0.25250000000000006,0.3074999999999998,0.2067545304777595,0.29489291598023065,0.0,1.0593080724876442,0.34852320675105475,0.371680507232312,0.3670563415239513,0.29660190160167654,0.3424319398426967
655,Delphox,Delphox,Base,Fire,Psychic,534,75,69,72,114,100,104,6,False,534,True,91.5,86.0,82.33333333333333,104,114,100,0.47941176470588237,0.32235294117647056,0.4317073170731708,0.5657142857142857,0.44786667349866777,DPS,Delphox,"('Fire', 'Psychic')",1.366249999999996,0.900927642973116,0.3337499999999996,0.035,0.2866556836902801,0.35337726523887975,0.0,1.1099670510708401,0.6565400843881845,0.3142437079363533,0.5502630925788032,0.3464478418545987,0.4760767334698439
656,Froakie,Froakie,Base,Water,None,314,41,56,40,62,44,71,6,False,314,True,59.0,42.0,41.666666666666664,71,62,44,0.28823529411764703,0.11529411764705882,0.13414634146341464,0.37714285714285717,0.23196372207419552,Balanced,Froakie,"('Water',)",1.0643749999999983,0.9946743128164401,0.17500000000000007,0.2874999999999998,0.11943986820428334,0.22817133443163096,0.0,1.005354200988468,0.24894514767932577,0.4392183842370741,0.2725192355423185,0.2495768802371539,0.2752467451706315
657,Frogadier,Frogadier,Base,Water,None,405,54,63,52,83,56,97,6,False,405,True,73.0,54.0,54.0,97,83,56,0.37058823529411766,0.17176470588235293,0.22439024390243906,0.5257142857142857,0.32266796474687437,Balanced,Frogadier,"('Water',)",1.0643749999999983,0.9946743128164401,0.17500000000000007,0.2874999999999998,0.11943986820428334,0.22817133443163096,0.0,1.005354200988468,0.24894514767932577,0.4392183842370741,0.32193100024820087,0.29190256172926293,0.34360050618723326
658,Greninja,Greninja,Base,Water,Dark,530,72,95,67,103,71,122,6,False,530,True,99.0,69.0,70.0,122,103,71,0.5235294117647059,0.24235294117647058,0.3414634146341464,0.6685714285714286,0.4458304980528797,DPS,Greninja,"('Dark', 'Water')",1.329374999999996,0.973536486622395,0.3062499999999998,0.028749999999999998,0.25535420098846784,0.30807248764415157,0.07413509060955518,1.027182866556837,0.6067510548523194,0.41103932474923666,0.5568180689997513,0.33460511296999595,0.49026905048454555
659,Bunnelby,Bunnelby,Base,Normal,None,237,38,36,38,32,36,57,6,False,237,True,34.0,37.0,37.333333333333336,57,36,38,0.1411764705882353,0.09176470588235294,0.10243902439024394,0.29714285714285715,0.1522693174830908,Balanced,Bunnelby,"('Normal',)",0.8799999999999981,0.9942669932784275,0.0,0.1787500000000001,0.04365733113673806,0.0,0.03789126853377265,1.0057660626029652,0.0,0.4386753822563193,0.08470588235294117,0.23319755605891224,0.17125344595274233
660,Diggersby,Diggersby,Base,Normal,Ground,423,85,56,77,50,77,78,6,False,423,True,53.0,77.0,79.66666666666667,78,56,77,0.2529411764705882,0.28,0.4121951219512196,0.41714285714285715,0.3243970075835212,Balanced,Diggersby,"('Ground', 'Normal')",1.2712499999999958,0.8861313860760848,0.25375000000000003,0.022500000000000003,0.257001647446458,0.09884678747940692,0.07907742998352553,1.1285008237232292,0.528270042194091,0.29451866149727207,0.36307272275998936,0.31885624508671373,0.3521169423389666
661,Fletchling,Fletchling,Base,Normal,Flying,278,45,50,43,40,38,62,6,False,278,True,45.0,40.5,42.0,62,50,43,0.20588235294117646,0.10823529411764705,0.13658536585365855,0.32571428571428573,0.19157757737241238,Balanced,Fletchling,"('Flying', 'Normal')",1.2068749999999977,1.0434035227617604,0.2325000000000001,0.10250000000000004,0.12026359143327842,0.1375617792421746,0.0930807248764415,0.9584019769357496,0.44135021097046473,0.5041798089947124,0.3000694961528918,0.2737006180024761,0.27973176332490424
662,Fletchinder,Fletchinder,Base,Fire,Flying,382,62,73,55,56,52,84,6,False,382,True,64.5,53.5,56.333333333333336,84,73,55,0.3205882352941177,0.16941176470588235,0.24146341463414636,0.4514285714285714,0.29313722074195536,Balanced,Fletchinder,"('Fire', 'Flying')",1.343749999999996,0.9568472897248371,0.3162499999999997,0.06000000000000001,0.1927512355848435,0.3072487644151565,0.05518945634266886,1.0450988467874796,0.6261603375527414,0.38879077999050443,0.44281707619756716,0.2751762833017972,0.3713645842951451
663,Talonflame,Talonflame,Base,Fire,Flying,499,78,81,71,74,69,126,6,False,499,True,77.5,70.0,72.66666666666667,126,81,71,0.39705882352941174,0.24705882352941178,0.36097560975609766,0.6914285714285714,0.4112161303545809,Fast,Talonflame,"('Fire', 'Flying')",1.343749999999996,0.9568472897248371,0.3162499999999997,0.06000000000000001,0.1927512355848435,0.3072487644151565,0.05518945634266886,1.0450988467874796,0.6261603375527414,0.38879077999050443,0.4886994291387436,0.3322308026705203,0.4605457177241264
664,Scatterbug,Scatterbug,Base,Bug,None,200,38,35,40,27,25,35,6,False,200,True,31.0,32.5,34.333333333333336,35,35,40,0.12352941176470589,0.07058823529411765,0.08048780487804881,0.17142857142857143,0.11126562820250052,Balanced,Scatterbug,"('Bug',)",1.006874999999999,0.9131252342169732,0.17750000000000005,0.35999999999999954,0.18369028006589788,0.1771004942339374,0.0,1.0951400329489291,0.17130801687763886,0.3305044457299968,0.14264085380987906,0.1770296118644521,0.15256935502794805
665,Spewpa,Spewpa,Base,Bug,None,213,45,22,60,27,30,29,6,False,213,True,24.5,45.0,45.0,29,27,60,0.08529411764705883,0.12941176470588237,0.1585365853658537,0.13714285714285715,0.12134177085468335,Balanced,Spewpa,"('Bug',)",1.006874999999999,0.9131252342169732,0.17750000000000005,0.35999999999999954,0.18369028006589788,0.1771004942339374,0.0,1.0951400329489291,0.17130801687763886,0.3305044457299968,0.11969967733929084,0.21713004228052096,0.1517915778195037
666,Vivillon,Vivillon,Base,Bug,Flying,411,80,52,50,90,50,89,6,False,411,True,71.0,50.0,60.0,89,90,50,0.3588235294117647,0.15294117647058825,0.26829268292682934,0.48,0.3134820659971306,Balanced,Vivillon,"('Bug', 'Flying')",1.3637499999999967,0.8507358086665777,0.3412499999999996,0.05500000000000002,0.25617792421746294,0.18121911037891267,0.05518945634266886,1.1754530477759475,0.653164556962025,0.2473324431854836,0.4765599404318689,0.21953555977060668,0.37550695400349915
667,Litleo,Litleo,Base,Fire,Normal,369,62,50,58,73,54,72,6,False,369,True,61.5,56.0,58.0,72,73,58,0.3029411764705882,0.1811764705882353,0.2536585365853659,0.38285714285714284,0.2786266653002665,Balanced,Litleo,"('Fire', 'Normal')",1.2662499999999965,0.9389017779274347,0.25250000000000006,0.06250000000000001,0.2504118616144976,0.29489291598023065,0.03789126853377265,1.0650741350906097,0.5215189873417714,0.3648674285618153,0.3903723008190615,0.2727733702769499,0.337203502634321
668,Pyroar,Pyroar,Base,Fire,Normal,507,86,68,72,109,66,106,6,False,507,True,88.5,69.0,74.66666666666667,106,109,72,0.46176470588235297,0.24235294117647058,0.3756097560975611,0.5771428571428572,0.41275640500102484,DPS,Pyroar,"('Fire', 'Normal')",1.2662499999999965,0.9389017779274347,0.25250000000000006,0.06250000000000001,0.2504118616144976,0.29489291598023065,0.03789126853377265,1.0650741350906097,0.5215189873417714,0.3648674285618153,0.4856664184661203,0.3246729398608811,0.4401533386662948
669,Flabébé,Flabébé,Base,Fairy,None,303,44,38,39,61,79,42,6,False,303,True,49.5,59.0,54.0,42,61,79,0.2323529411764706,0.1952941176470588,0.22439024390243906,0.21142857142857144,0.2173108218897315,Balanced,Flabébé,"('Fairy',)",1.0759374999999973,1.0227464184990613,0.15500000000000008,0.18750000000000008,0.09143327841845139,0.14497528830313017,0.04118616144975288,0.9777594728171335,0.2645569620253161,0.47664160499391295,0.2452345495160088,0.3151071441496455,0.25693687204904264
670,Floette,Floette,Base,Fairy,None,371,54,45,47,75,98,52,6,False,371,True,60.0,72.5,66.33333333333333,52,75,98,0.29411764705882354,0.25882352941176473,0.3146341463414634,0.26857142857142857,0.2842881738061078,Balanced,Floette,"('Fairy',)",1.0759374999999973,1.0227464184990613,0.15500000000000008,0.18750000000000008,0.09143327841845139,0.14497528830313017,0.04118616144975288,0.9777594728171335,0.2645569620253161,0.47664160499391295,0.28229337304542057,0.3599034138770487,0.3038173137379133
671,Florges,Florges,Base,Fairy,None,552,78,65,68,112,154,75,6,False,552,True,88.5,111.0,100.0,75,112,154,0.46176470588235297,0.44,0.5609756097560976,0.4,0.46381276901004304,Heavy hitter,Florges,"('Fairy',)",1.0759374999999973,1.0227464184990613,0.15500000000000008,0.18750000000000008,0.09143327841845139,0.14497528830313017,0.04118616144975288,0.9777594728171335,0.2645569620253161,0.47664160499391295,0.3828816083395382,0.4849005444365896,0.42819472201829867
672,Skiddo,Skiddo,Base,Grass,None,350,66,65,48,62,57,52,6,False,350,True,63.5,52.5,57.0,52,65,57,0.31470588235294117,0.16470588235294117,0.2463414634146342,0.26857142857142857,0.2543061078089772,Balanced,Skiddo,"('Grass',)",1.0306249999999983,0.8784370469852222,0.20000000000000007,0.42874999999999935,0.27759472817133446,0.2784184514003295,0.0,1.13838550247117,0.20337552742616116,0.28426125674000846,0.2701737403822292,0.23293692737319133,0.25638220482190993
673,Gogoat,Gogoat,Base,Grass,None,531,123,100,62,97,81,68,6,False,531,True,98.5,71.5,88.66666666666667,68,100,81,0.5205882352941177,0.2541176470588235,0.47804878048780497,0.36,0.41334505021520807,Balanced,Gogoat,"('Grass',)",1.0306249999999983,0.8784370469852222,0.20000000000000007,0.42874999999999935,0.27759472817133446,0.2784184514003295,0.0,1.13838550247117,0.20337552742616116,0.28426125674000846,0.3937031521469351,0.32215787428854287,0.3701303806776181
674,Pancham,Pancham,Base,Fighting,None,348,67,82,62,46,48,43,6,False,348,True,64.0,55.0,59.0,43,82,62,0.3176470588235294,0.17647058823529413,0.2609756097560976,0.21714285714285714,0.25091781102684974,Balanced,Pancham,"('Fighting',)",1.064374999999999,0.8962716861660586,0.2475000000000001,0.35124999999999973,0.19028006589785829,0.14909390444810544,0.0,1.1157331136738053,0.24894514767932668,0.30803680271183054,0.2901662943658483,0.2502233294061096,0.26134261679362825
675,Pangoro,Pangoro,Base,Fighting,Dark,495,95,124,78,69,71,58,6,False,495,True,96.5,74.5,81.33333333333333,58,124,78,0.5088235294117647,0.26823529411764707,0.42439024390243907,0.3028571428571429,0.39059653617544576,Heavy hitter,Pangoro,"('Dark', 'Fighting')",1.413749999999997,0.9283119853741384,0.39374999999999943,0.034999999999999996,0.15980230642504117,0.12767710049423395,0.07413509060955518,1.0772240527182864,0.7206751054852324,0.35075006419408,0.5935641598411517,0.34027993959441827,0.4435276976696744
676,Furfrou,Furfrou,Base,Normal,None,472,75,80,60,65,90,102,6,False,472,True,72.5,75.0,75.0,102,80,90,0.36764705882352944,0.27058823529411763,0.37804878048780494,0.5542857142857143,0.3827904283664686,Balanced,Furfrou,"('Normal',)",0.8799999999999981,0.9942669932784275,0.0,0.1787500000000001,0.04365733113673806,0.0,0.03789126853377265,1.0057660626029652,0.0,0.4386753822563193,0.22058823529411767,0.36468823037742015,0.3382031846287005
677,Espurr,Espurr,Base,Psychic,None,355,62,48,54,63,60,68,6,False,355,True,55.5,57.0,58.666666666666664,68,63,60,0.2676470588235294,0.18588235294117647,0.25853658536585367,0.36,0.26385437589670013,Balanced,Espurr,"('Psychic',)",0.9878124999999977,0.9256576430623346,0.12250000000000003,0.21125000000000013,0.13920922570016475,0.11779242174629324,0.0,1.080313014827018,0.1455696202531643,0.3472115324066214,0.21881608339538336,0.26857758283352373,0.26167786459271547
678,MeowsticMale,Meowstic,Male,Psychic,None,466,74,48,76,83,81,104,6,False,466,True,65.5,78.5,77.0,104,83,81,0.3264705882352941,0.28705882352941176,0.39268292682926836,0.5657142857142857,0.3777088542734167,Balanced,Meowstic (Male),"('Psychic',)",0.9878124999999977,0.9256576430623346,0.12250000000000003,0.21125000000000013,0.13920922570016475,0.11779242174629324,0.0,1.080313014827018,0.1455696202531643,0.3472115324066214,0.2541102010424422,0.3375259329052598,0.3444153312867102
678,MeowsticFemale,Meowstic,Female,Psychic,None,466,74,48,76,83,81,104,6,False,466,True,65.5,78.5,77.0,104,83,81,0.3264705882352941,0.28705882352941176,0.39268292682926836,0.5657142857142857,0.3777088542734167,Balanced,Meowstic (Female),"('Psychic',)",0.9878124999999977,0.9256576430623346,0.12250000000000003,0.21125000000000013,0.13920922570016475,0.11779242174629324,0.0,1.080313014827018,0.1455696202531643,0.3472115324066214,0.2541102010424422,0.3375259329052598,0.3444153312867102
679,Honedge,Honedge,Base,Steel,Ghost,325,45,80,100,35,37,28,6,False,325,True,57.5,68.5,60.666666666666664,28,80,100,0.27941176470588236,0.24,0.27317073170731704,0.13142857142857142,0.23871397827423652,Balanced,Honedge,"('Ghost', 'Steel')",1.2762499999999957,1.3333333315555556,0.27124999999999994,0.02,0.18780889621087313,0.48846787479406917,0.17874794069192754,0.75,0.5350210970464115,0.8906883011309235,0.38165549764209405,0.5085680033791986,0.3607539825260184
680,Doublade,Doublade,Base,Steel,Ghost,448,59,110,150,45,49,35,6,False,448,True,77.5,99.5,86.0,35,110,150,0.39705882352941174,0.38588235294117645,0.45853658536585373,0.17142857142857143,0.3614342078294733,Heavy hitter,Doublade,"('Ghost', 'Steel')",1.2762499999999957,1.3333333315555556,0.27124999999999994,0.02,0.18780889621087313,0.48846787479406917,0.17874794069192754,0.75,0.5350210970464115,0.8906883011309235,0.4522437329362117,0.6059682903232446,0.44261739716016474
681,AegislashBlade Forme,Aegislash,Blade Forme,Steel,Ghost,520,60,150,50,150,50,60,6,False,520,True,150.0,50.0,53.333333333333336,60,150,50,0.8235294117647058,0.15294117647058825,0.21951219512195125,0.3142857142857143,0.4332301701168272,Heavy hitter,Aegislash (Blade Forme),"('Ghost', 'Steel')",1.2762499999999957,1.3333333315555556,0.27124999999999994,0.02,0.18780889621087313,0.48846787479406917,0.17874794069192754,0.75,0.5350210970464115,0.8906883011309235,0.7081260858773881,0.4646827809975631,0.5347826513106054
681,AegislashShield Forme,Aegislash,Shield Forme,Steel,Ghost,520,60,50,150,50,150,60,6,False,520,True,50.0,150.0,120.0,60,50,150,0.23529411764705882,0.6235294117647059,0.7073170731707318,0.3142857142857143,0.4425558516089363,Balanced,Aegislash (Shield Forme),"('Ghost', 'Steel')",1.2762499999999957,1.3333333315555556,0.27124999999999994,0.02,0.18780889621087313,0.48846787479406917,0.17874794069192754,0.75,0.5350210970464115,0.8906883011309235,0.3551849094067999,0.7513398828626994,0.4810021635057274
682,Spritzee,Spritzee,Base,Fairy,None,341,78,52,60,63,65,23,6,False,341,True,57.5,62.5,67.66666666666667,23,63,65,0.27941176470588236,0.21176470588235294,0.3243902439024391,0.10285714285714286,0.23618477146956346,Balanced,Spritzee,"('Fairy',)",1.0759374999999973,1.0227464184990613,0.15500000000000008,0.18750000000000008,0.09143327841845139,0.14497528830313017,0.04118616144975288,0.9777594728171335,0.2645569620253161,0.47664160499391295,0.27346984363365584,0.3458718500319985,0.26400577961206784
683,Aromatisse,Aromatisse,Base,Fairy,None,462,101,72,72,99,89,29,6,False,462,True,85.5,80.5,87.33333333333333,29,99,89,0.4441176470588235,0.2964705882352941,0.4682926829268293,0.13714285714285715,0.35064593154334905,Balanced,Aromatisse,"('Fairy',)",1.0759374999999973,1.0227464184990613,0.15500000000000008,0.18750000000000008,0.09143327841845139,0.14497528830313017,0.04118616144975288,0.9777594728171335,0.2645569620253161,0.47664160499391295,0.37229337304542054,0.41149451861162545,0.34553402310458675
684,Swirlix,Swirlix,Base,Fairy,None,341,62,48,66,59,57,49,6,False,341,True,53.5,61.5,61.666666666666664,49,59,66,0.25588235294117645,0.20705882352941177,0.28048780487804875,0.25142857142857145,0.24770680467308873,Balanced,Swirlix,"('Fairy',)",1.0759374999999973,1.0227464184990613,0.15500000000000008,0.18750000000000008,0.09143327841845139,0.14497528830313017,0.04118616144975288,0.9777594728171335,0.2645569620253161,0.47664160499391295,0.2593521965748323,0.3332491814523715,0.2785859394808934
685,Slurpuff,Slurpuff,Base,Fairy,None,480,82,80,86,85,75,72,6,False,480,True,82.5,80.5,81.0,72,85,86,0.4264705882352941,0.2964705882352941,0.42195121951219516,0.38285714285714284,0.3843440254150441,Balanced,Slurpuff,"('Fairy',)",1.0759374999999973,1.0227464184990613,0.15500000000000008,0.18750000000000008,0.09143327841845139,0.14497528830313017,0.04118616144975288,0.9777594728171335,0.2645569620253161,0.47664160499391295,0.36170513775130286,0.3999091527579669,0.37973497616873925
686,Inkay,Inkay,Base,Dark,Psychic,288,53,54,53,37,46,45,6,False,288,True,45.5,49.5,50.666666666666664,45,54,53,0.2088235294117647,0.15058823529411763,0.2,0.22857142857142856,0.19644957983193279,Balanced,Inkay,"('Dark', 'Psychic')",1.2403124999999964,0.8797101441536463,0.26374999999999993,0.060000000000000026,0.09225700164744646,0.0,0.07413509060955518,1.1367380560131795,0.48649789029535756,0.285958436029567,0.3198932737652019,0.21708925676476798,0.2568372377960153
687,Malamar,Malamar,Base,Dark,Psychic,482,86,92,88,68,75,73,6,False,482,True,80.0,81.5,83.0,73,92,88,0.4117647058823529,0.30117647058823527,0.4365853658536586,0.38857142857142857,0.3844431235908998,Balanced,Malamar,"('Dark', 'Psychic')",1.2403124999999964,0.8797101441536463,0.26374999999999993,0.060000000000000026,0.09225700164744646,0.0,0.07413509060955518,1.1367380560131795,0.48649789029535756,0.285958436029567,0.4416579796475548,0.3289414805811238,0.3912978188577083
688,Binacle,Binacle,Base,Rock,Water,306,42,52,67,39,56,50,6,False,306,True,45.5,61.5,55.0,50,52,67,0.2088235294117647,0.20705882352941177,0.23170731707317074,0.2571428571428571,0.22262297601967618,Balanced,Binacle,"('Rock', 'Water')",1.462499999999996,0.8261313365070272,0.3737499999999996,0.012499999999999999,0.21828665568369027,0.3023064250411862,0.0,1.2104612850082372,0.7864978902953577,0.21453196132485894,0.43989327376520193,0.21621020203353036,0.3127852450905199
689,Barbaracle,Barbaracle,Base,Rock,Water,500,72,105,115,54,86,68,6,False,500,True,79.5,100.5,91.0,68,105,115,0.4088235294117647,0.3905882352941176,0.49512195121951225,0.36,0.4117596843615495,Balanced,Barbaracle,"('Rock', 'Water')",1.462499999999996,0.8261313365070272,0.3737499999999996,0.012499999999999999,0.21828665568369027,0.3023064250411862,0.0,1.2104612850082372,0.7864978902953577,0.21453196132485894,0.5598932737652019,0.3462991546877628,0.44361100856664204
690,Skrelp,Skrelp,Base,Poison,Water,320,50,60,60,60,60,30,6,False,320,True,60.0,60.0,56.666666666666664,30,60,60,0.29411764705882354,0.2,0.24390243902439024,0.14285714285714285,0.23029309284689486,Balanced,Skrelp,"('Poison', 'Water')",1.3281249999999962,1.0384944386135737,0.29624999999999985,0.01625,0.17051070840197693,0.41515650741350907,0.0,0.9629324546952226,0.6050632911392395,0.4976354570366325,0.41849590469098996,0.3300297925707506,0.3223798350032268
691,Dragalge,Dragalge,Base,Poison,Dragon,494,65,75,90,97,123,44,6,False,494,True,86.0,106.5,92.66666666666667,44,97,123,0.4470588235294118,0.4188235294117647,0.5073170731707318,0.22285714285714286,0.40721131379381026,Balanced,Dragalge,"('Dragon', 'Poison')",1.1531249999999968,1.0338513934382834,0.18000000000000008,0.06000000000000001,0.20181219110378912,0.42998352553542013,0.0,0.9672570016474465,0.3687763713080161,0.491445764444871,0.4157458426408535,0.46999580936474905,0.4018073483634091
692,Clauncher,Clauncher,Base,Water,None,330,50,53,62,58,63,44,6,False,330,True,55.5,62.5,58.333333333333336,44,58,63,0.2676470588235294,0.21176470588235294,0.25609756097560976,0.22285714285714286,0.24240858782537403,Balanced,Clauncher,"('Water',)",1.0643749999999983,0.9946743128164401,0.17500000000000007,0.2874999999999998,0.11943986820428334,0.22817133443163096,0.0,1.005354200988468,0.24894514767932577,0.4392183842370741,0.2601662943658479,0.3138293909975556,0.26800519464798334
693,Clawitzer,Clawitzer,Base,Water,None,500,71,73,88,120,89,59,6,False,500,True,96.5,88.5,82.66666666666667,59,120,89,0.5088235294117647,0.3341176470588235,0.43414634146341474,0.30857142857142855,0.4101612010657922,Heavy hitter,Clawitzer,"('Water',)",1.0643749999999983,0.9946743128164401,0.17500000000000007,0.2874999999999998,0.11943986820428334,0.22817133443163096,0.0,1.005354200988468,0.24894514767932577,0.4392183842370741,0.40487217671878906,0.40116511553127154,0.3901082997924802
694,Helioptile,Helioptile,Base,Electric,Normal,289,44,38,33,61,43,70,6,False,289,True,49.5,38.0,40.0,70,61,43,0.2323529411764706,0.09647058823529411,0.12195121951219513,0.37142857142857144,0.20411713465874154,Balanced,Helioptile,"('Electric', 'Normal')",1.2181249999999961,1.021885520841272,0.2250000000000001,0.04625000000000001,0.09884678747940692,0.16474464579901152,0.03789126853377265,0.9785831960461284,0.45654008438818416,0.47549393322818434,0.32202779846115603,0.25445008405167546,0.291478000513062
695,Heliolisk,Heliolisk,Base,Electric,Normal,481,62,55,52,109,94,109,6,False,481,True,82.0,73.0,69.33333333333333,109,109,94,0.4235294117647059,0.2611764705882353,0.33658536585365856,0.5942857142857143,0.39970362779258045,DPS,Heliolisk,"('Electric', 'Normal')",1.2181249999999961,1.021885520841272,0.2250000000000001,0.04625000000000001,0.09884678747940692,0.16474464579901152,0.03789126853377265,0.9785831960461284,0.45654008438818416,0.47549393322818434,0.4367336808140972,0.36575567946057075,0.4335185774755543
696,Tyrunt,Tyrunt,Base,Rock,Dragon,362,58,89,77,45,45,48,6,False,362,True,67.0,61.0,60.0,48,89,77,0.3352941176470588,0.20470588235294118,0.26829268292682934,0.24571428571428572,0.2713308054929289,Balanced,Tyrunt,"('Dragon', 'Rock')",1.3531249999999961,0.9299119102804188,0.3174999999999998,0.048750000000000016,0.2446457990115321,0.3121911037891269,0.0,1.0753706754530479,0.6388185654008428,0.3528829409949522,0.45670389674857237,0.27987340595321764,0.3442003441664765
697,Tyrantrum,Tyrantrum,Base,Rock,Dragon,521,82,121,119,69,59,71,6,False,521,True,95.0,89.0,86.66666666666667,71,121,119,0.5,0.33647058823529413,0.46341463414634154,0.37714285714285717,0.4272291453166633,Heavy hitter,Tyrantrum,"('Dragon', 'Rock')",1.3531249999999961,0.9299119102804188,0.3174999999999998,0.048750000000000016,0.2446457990115321,0.3121911037891269,0.0,1.0753706754530479,0.6388185654008428,0.3528829409949522,0.5555274261603371,0.3747715408169192,0.45529823307813866
698,Amaura,Amaura,Base,Rock,Ice,362,77,59,50,67,63,46,6,False,362,True,63.0,56.5,63.333333333333336,46,67,63,0.31176470588235294,0.18352941176470589,0.29268292682926833,0.2342857142857143,0.26039372822299656,Balanced,Amaura,"('Ice', 'Rock')",1.5618749999999961,0.7080781563956798,0.4599999999999993,0.04625000000000001,0.36902800658978585,0.24958813838550245,0.0,1.4122734761120264,0.9206751054852318,0.057154019310026304,0.5553288657235045,0.16026763354897466,0.3444137527304008
699,Aurorus,Aurorus,Base,Rock,Ice,521,123,77,72,99,92,58,6,False,521,True,88.0,82.0,95.66666666666667,58,99,92,0.4588235294117647,0.3035294117647059,0.529268292682927,0.3028571428571429,0.40289567534330806,Balanced,Aurorus,"('Ice', 'Rock')",1.5618749999999961,0.7080781563956798,0.4599999999999993,0.04625000000000001,0.36902800658978585,0.24958813838550245,0.0,1.4122734761120264,0.9206751054852318,0.057154019310026304,0.6435641598411516,0.26141397501238933,0.4417127791702451
700,Sylveon,Sylveon,Base,Fairy,None,525,95,65,65,110,130,60,6,False,525,True,87.5,97.5,96.66666666666667,60,110,130,0.45588235294117646,0.3764705882352941,0.5365853658536587,0.3142857142857143,0.4238506866161099,Tank,Sylveon,"('Fairy',)",1.0759374999999973,1.0227464184990613,0.15500000000000008,0.18750000000000008,0.09143327841845139,0.14497528830313017,0.04118616144975288,0.9777594728171335,0.2645569620253161,0.47664160499391295,0.3793521965748323,0.4565676893433328,0.39943164556820643
701,Hawlucha,Hawlucha,Base,Fighting,Flying,500,78,92,75,74,63,118,6,False,500,True,83.0,69.0,72.0,118,92,75,0.4294117647058823,0.24235294117647058,0.3560975609756098,0.6457142857142857,0.41124472227915554,Fast,Hawlucha,"('Fighting', 'Flying')",1.519374999999997,0.9249523800968439,0.4637499999999992,0.013749999999999998,0.26276771004942334,0.2232289950576606,0.05518945634266886,1.0811367380560133,0.863291139240507,0.346271338893973,0.6029635145197323,0.3123564552132564,0.49343619357088603
702,Dedenne,Dedenne,Base,Electric,Fairy,431,67,58,57,81,67,101,6,False,431,True,69.5,62.0,63.666666666666664,101,81,67,0.35,0.20941176470588235,0.2951219512195122,0.5485714285714286,0.34359161713465874,Balanced,Dedenne,"('Electric', 'Fairy')",1.3749999999999962,1.0748118625012646,0.36124999999999957,0.037500000000000006,0.10626029654036244,0.26935749588138386,0.04118616144975288,0.9303953871499177,0.668354430379746,0.5460505986307362,0.47734177215189844,0.36549484490423134,0.4344096191879419
703,Carbink,Carbink,Base,Rock,Fairy,500,50,50,150,50,150,50,6,False,500,True,50.0,150.0,116.66666666666667,50,50,150,0.23529411764705882,0.6235294117647059,0.6829268292682928,0.2571428571428571,0.4262492313998771,Balanced,Carbink,"('Fairy', 'Rock')",1.4587499999999962,0.8646723639247064,0.4062499999999994,0.04500000000000001,0.2775947281713344,0.3212520593080725,0.04118616144975288,1.156507413509061,0.7814345991561176,0.26591141228425386,0.45375031025068235,0.49533156634842185,0.43260840728620964
704,Goomy,Goomy,Base,Dragon,None,300,45,50,35,55,75,40,6,False,300,True,52.5,55.0,51.666666666666664,40,55,75,0.25,0.17647058823529413,0.20731707317073172,0.2,0.2130810616929699,Balanced,Goomy,"('Dragon',)",0.9818749999999979,1.0336313314135135,0.06000000000000001,0.10625000000000004,0.10543657331136738,0.2759472817133443,0.0,0.9674629324546953,0.13755274261603387,0.4911523974339931,0.20502109704641355,0.31005493314863314,0.23698707801710084
705,Sliggoo,Sliggoo,Base,Dragon,None,452,68,75,53,83,113,60,6,False,452,True,79.0,83.0,78.0,60,83,113,0.40588235294117647,0.30823529411764705,0.4000000000000001,0.3142857142857143,0.36197478991596643,Balanced,Sliggoo,"('Dragon',)",0.9818749999999979,1.0336313314135135,0.06000000000000001,0.10625000000000004,0.10543657331136738,0.2759472817133443,0.0,0.9674629324546953,0.13755274261603387,0.4911523974339931,0.29855050881111944,0.4043433119147737,0.34216227272913197
706,Goodra,Goodra,Base,Dragon,None,600,90,100,70,110,150,80,6,False,600,True,105.0,110.0,103.33333333333333,80,110,150,0.5588235294117647,0.43529411764705883,0.5853658536585367,0.42857142857142855,0.5071992211518754,Tank,Goodra,"('Dragon',)",0.9818749999999979,1.0336313314135135,0.06000000000000001,0.10625000000000004,0.10543657331136738,0.2759472817133443,0.0,0.9674629324546953,0.13755274261603387,0.4911523974339931,0.39031521469347236,0.495155363564702,0.4450382924052952
707,Klefki,Klefki,Base,Steel,Fairy,470,57,80,91,80,87,75,6,False,470,True,80.0,89.0,78.33333333333333,75,80,91,0.4117647058823529,0.33647058823529413,0.4024390243902439,0.4,0.38872309899569585,Balanced,Klefki,"('Fairy', 'Steel')",1.239687499999996,1.3617498579325134,0.26749999999999996,0.11000000000000004,0.10790774299835255,0.5329489291598023,0.09225700164744646,0.734349258649094,0.485654008438817,0.9285706727552856,0.44132042690493856,0.5898027310820282,0.47177745493593826
708,Phantump,Phantump,Base,Ghost,Grass,309,43,70,48,50,60,38,6,False,309,True,60.0,54.0,50.333333333333336,38,70,60,0.29411764705882354,0.17176470588235293,0.19756097560975613,0.18857142857142858,0.22310883377741342,Balanced,Phantump,"('Ghost', 'Grass')",1.3881249999999972,1.020168066186148,0.3424999999999997,0.05875000000000001,0.2471169686985173,0.2784184514003295,0.12767710049423395,0.9802306425041185,0.686075949367089,0.4732043762770521,0.45090096798212975,0.2987896414720834,0.33174931898680327
709,Trevenant,Trevenant,Base,Ghost,Grass,474,85,110,76,65,82,56,6,False,474,True,87.5,79.0,81.0,56,110,82,0.45588235294117646,0.28941176470588237,0.42195121951219516,0.2914285714285714,0.37458772289403564,Heavy hitter,Trevenant,"('Ghost', 'Grass')",1.3881249999999972,1.020168066186148,0.3424999999999997,0.05875000000000001,0.2471169686985173,0.2784184514003295,0.12767710049423395,0.9802306425041185,0.686075949367089,0.4732043762770521,0.5479597915115415,0.3960636730359285,0.4379054626637862
710,PumpkabooAverage Size,Pumpkaboo,Average Size,Ghost,Grass,335,49,66,70,44,55,51,6,False,335,True,55.0,62.5,58.0,51,66,70,0.2647058823529412,0.21176470588235294,0.2536585365853659,0.26285714285714284,0.2488913711826194,Balanced,Pumpkaboo (Average Size),"('Ghost', 'Grass')",1.3881249999999972,1.020168066186148,0.3424999999999997,0.05875000000000001,0.2471169686985173,0.2784184514003295,0.12767710049423395,0.9802306425041185,0.686075949367089,0.4732043762770521,0.43325390915860035,0.3268140317159859,0.3481080502842003
710,PumpkabooSmall Size,Pumpkaboo,Small Size,Ghost,Grass,335,44,66,70,44,55,56,6,False,335,True,55.0,62.5,56.333333333333336,56,66,70,0.2647058823529412,0.21176470588235294,0.24146341463414636,0.2914285714285714,0.2521666325066612,Balanced,Pumpkaboo (Small Size),"('Ghost', 'Grass')",1.3881249999999972,1.020168066186148,0.3424999999999997,0.05875000000000001,0.2471169686985173,0.2784184514003295,0.12767710049423395,0.9802306425041185,0.686075949367089,0.4732043762770521,0.43325390915860035,0.323765251228181,0.35197041962217934
710,PumpkabooLarge Size,Pumpkaboo,Large Size,Ghost,Grass,335,54,66,70,44,55,46,6,False,335,True,55.0,62.5,59.666666666666664,46,66,70,0.2647058823529412,0.21176470588235294,0.2658536585365853,0.2342857142857143,0.24561610985857757,Balanced,Pumpkaboo (Large Size),"('Ghost', 'Grass')",1.3881249999999972,1.020168066186148,0.3424999999999997,0.05875000000000001,0.2471169686985173,0.2784184514003295,0.12767710049423395,0.9802306425041185,0.686075949367089,0.4732043762770521,0.43325390915860035,0.3298628122037907,0.3442456809462211
710,PumpkabooSuper Size,Pumpkaboo,Super Size,Ghost,Grass,335,59,66,70,44,55,41,6,False,335,True,55.0,62.5,61.333333333333336,41,66,70,0.2647058823529412,0.21176470588235294,0.2780487804878049,0.2057142857142857,0.24234084853453575,Balanced,Pumpkaboo (Super Size),"('Ghost', 'Grass')",1.3881249999999972,1.020168066186148,0.3424999999999997,0.05875000000000001,0.2471169686985173,0.2784184514003295,0.12767710049423395,0.9802306425041185,0.686075949367089,0.4732043762770521,0.43325390915860035,0.3329115926915956,0.34038331160824203
711,GourgeistAverage Size,Gourgeist,Average Size,Ghost,Grass,494,65,90,122,58,75,84,6,False,494,True,74.0,98.5,87.33333333333333,84,90,122,0.3764705882352941,0.3811764705882353,0.4682926829268293,0.4514285714285714,0.41100307440049194,Balanced,Gourgeist (Average Size),"('Ghost', 'Grass')",1.3881249999999972,1.020168066186148,0.3424999999999997,0.05875000000000001,0.2471169686985173,0.2784184514003295,0.12767710049423395,0.9802306425041185,0.686075949367089,0.4732043762770521,0.5003127326880121,0.4397666859484105,0.46141984573408756
711,GourgeistSmall Size,Gourgeist,Small Size,Ghost,Grass,494,55,85,122,58,75,99,6,False,494,True,71.5,98.5,84.0,99,85,122,0.36176470588235293,0.3811764705882353,0.4439024390243903,0.5371428571428571,0.41812082393933186,Balanced,Gourgeist (Small Size),"('Ghost', 'Grass')",1.3881249999999972,1.020168066186148,0.3424999999999997,0.05875000000000001,0.2471169686985173,0.2784184514003295,0.12767710049423395,0.9802306425041185,0.686075949367089,0.4732043762770521,0.4914892032762474,0.43366912497280075,0.4699859709646676
711,GourgeistLarge Size,Gourgeist,Large Size,Ghost,Grass,494,75,95,122,58,75,69,6,False,494,True,76.5,98.5,90.66666666666667,69,95,122,0.3911764705882353,0.3811764705882353,0.4926829268292684,0.3657142857142857,0.40388532486165196,Balanced,Gourgeist (Large Size),"('Ghost', 'Grass')",1.3881249999999972,1.020168066186148,0.3424999999999997,0.05875000000000001,0.2471169686985173,0.2784184514003295,0.12767710049423395,0.9802306425041185,0.686075949367089,0.4732043762770521,0.5091362620997768,0.44586424692402027,0.4528537205035075
711,GourgeistSuper Size,Gourgeist,Super Size,Ghost,Grass,494,85,100,122,58,75,54,6,False,494,True,79.0,98.5,94.0,54,100,122,0.40588235294117647,0.3811764705882353,0.5170731707317073,0.28,0.3967675753228121,Balanced,Gourgeist (Super Size),"('Ghost', 'Grass')",1.3881249999999972,1.020168066186148,0.3424999999999997,0.05875000000000001,0.2471169686985173,0.2784184514003295,0.12767710049423395,0.9802306425041185,0.686075949367089,0.4732043762770521,0.5179597915115415,0.45196180789963003,0.4442875952729274
712,Bergmite,Bergmite,Base,Ice,None,304,55,69,85,32,35,28,6,False,304,True,50.5,60.0,58.333333333333336,28,69,85,0.23823529411764705,0.2,0.25609756097560976,0.13142857142857142,0.2108875794220127,Balanced,Bergmite,"('Ice',)",1.2209374999999973,0.8555320641024552,0.2937499999999999,0.26999999999999985,0.18451400329489293,0.03130148270181219,0.0,1.168863261943987,0.4603375527426162,0.25372638199478886,0.32707619756763473,0.235514943041818,0.2528323845671869
713,Avalugg,Avalugg,Base,Ice,None,514,95,117,184,44,46,28,6,False,514,True,80.5,115.0,108.33333333333333,28,117,184,0.4147058823529412,0.4588235294117647,0.6219512195121951,0.13142857142857142,0.4105288993646239,Tank,Avalugg,"('Ice',)",1.2209374999999973,0.8555320641024552,0.2937499999999999,0.26999999999999985,0.18451400329489293,0.03130148270181219,0.0,1.168863261943987,0.4603375527426162,0.25372638199478886,0.4329585505088112,0.4175665929700819,0.37974701871352834
714,Noibat,Noibat,Base,Flying,Dragon,245,40,30,35,45,40,55,6,False,245,True,37.5,37.5,38.333333333333336,55,45,40,0.16176470588235295,0.09411764705882353,0.10975609756097564,0.2857142857142857,0.15924113547858168,Balanced,Noibat,"('Dragon', 'Flying')",1.2937499999999964,1.028595635459678,0.29124999999999995,0.05000000000000002,0.15321252059308071,0.33772652388797364,0.05518945634266886,0.9721993410214168,0.558649789029535,0.484439257939745,0.32051873914122575,0.25415590403673016,0.27119758004643946
715,Noivern,Noivern,Base,Flying,Dragon,535,85,70,80,97,80,123,6,False,535,True,83.5,80.0,81.66666666666667,123,97,80,0.4323529411764706,0.29411764705882354,0.42682926829268303,0.6742857142857143,0.44507593769215004,Fast,Noivern,"('Dragon', 'Flying')",1.2937499999999964,1.028595635459678,0.29124999999999995,0.05000000000000002,0.15321252059308071,0.33772652388797364,0.05518945634266886,0.9721993410214168,0.558649789029535,0.484439257939745,0.48287168031769634,0.403424196719657,0.48208017893965527
716,Xerneas,Xerneas,Base,Fairy,None,680,126,131,95,131,98,99,6,True,680,True,131.0,96.5,106.33333333333333,99,131,98,0.711764705882353,0.37176470588235294,0.6073170731707318,0.5371428571428571,0.5709508095921295,Heavy hitter,Xerneas,"('Fairy',)",1.0759374999999973,1.0227464184990613,0.15500000000000008,0.18750000000000008,0.09143327841845139,0.14497528830313017,0.04118616144975288,0.9777594728171335,0.2645569620253161,0.47664160499391295,0.5328816083395382,0.47260355734907167,0.5211477605507848
717,Yveltal,Yveltal,Base,Dark,Flying,680,126,131,95,131,98,99,6,True,680,True,131.0,96.5,106.33333333333333,99,131,98,0.711764705882353,0.37176470588235294,0.6073170731707318,0.5371428571428571,0.5709508095921295,Heavy hitter,Yveltal,"('Dark', 'Flying')",1.384374999999996,1.0584132508414004,0.36124999999999957,0.01375,0.15321252059308071,0.15815485996705106,0.12932454695222406,0.9448105436573312,0.6810126582278468,0.5241894361233334,0.6994638868205505,0.4916226898008399,0.5934864116787201
718,Zygarde50% Forme,Zygarde,50% Forme,Dragon,Ground,600,108,100,121,81,95,95,6,True,600,True,90.5,108.0,108.0,95,100,121,0.47352941176470587,0.4258823529411765,0.6195121951219513,0.5142857142857142,0.4989654642344743,Tank,Zygarde (50% Forme),"('Dragon', 'Ground')",1.3306249999999953,0.9514106574020275,0.30499999999999977,0.00625,0.10543657331136738,0.15156507413509063,0.04118616144975288,1.0510708401976938,0.6084388185653986,0.38154314798560546,0.527493174484983,0.4565541315041418,0.49995118602326405
719,Diancie,Diancie,Base,Rock,Fairy,600,50,100,150,100,150,50,6,True,600,True,100.0,150.0,116.66666666666667,50,100,150,0.5294117647058824,0.6235294117647059,0.6829268292682928,0.2571428571428571,0.5291904078704652,Balanced,Diancie,"('Fairy', 'Rock')",1.4587499999999962,0.8646723639247064,0.4062499999999994,0.04500000000000001,0.2775947281713344,0.3212520593080725,0.04118616144975288,1.156507413509061,0.7814345991561176,0.26591141228425386,0.6302208984859765,0.49533156634842185,0.5186378190509155
719,DiancieMega Diancie,Diancie,Mega Diancie,Rock,Fairy,700,50,160,110,160,110,110,6,True,700,True,160.0,110.0,90.0,110,160,110,0.8823529411764706,0.43529411764705883,0.48780487804878053,0.6,0.6352080344332854,DPS,Diancie (Mega Diancie),"('Fairy', 'Rock')",1.4587499999999962,0.8646723639247064,0.4062499999999994,0.04500000000000001,0.2775947281713344,0.3212520593080725,0.04118616144975288,1.156507413509061,0.7814345991561176,0.26591141228425386,0.8419856043683294,0.38066872560236725,0.6362760645930348
720,HoopaHoopa Confined,Hoopa,Hoopa Confined,Psychic,Ghost,600,80,110,60,150,130,70,6,True,600,True,130.0,95.0,90.0,70,150,130,0.7058823529411765,0.36470588235294116,0.48780487804878053,0.37142857142857144,0.5100819840131174,Heavy hitter,Hoopa (Hoopa Confined),"('Ghost', 'Psychic')",1.2543749999999965,0.9529042377104979,0.27624999999999994,0.058750000000000024,0.07990115321252059,0.12520593080724876,0.12767710049423395,1.0494233937397033,0.5054852320675096,0.38353425567926736,0.6257235045917098,0.4030119806074315,0.5034195793351667
720,HoopaHoopa Unbound,Hoopa,Hoopa Unbound,Psychic,Dark,680,80,160,60,170,130,80,6,True,680,True,165.0,95.0,90.0,80,170,130,0.9117647058823529,0.36470588235294116,0.48780487804878053,0.42857142857142855,0.5935693789711006,Heavy hitter,Hoopa (Hoopa Unbound),"('Dark', 'Psychic')",1.2403124999999964,0.8797101441536463,0.26374999999999993,0.060000000000000026,0.09225700164744646,0.0,0.07413509060955518,1.1367380560131795,0.48649789029535756,0.285958436029567,0.7416579796475548,0.36398165274755134,0.5591788088146666
721,Volcanion,Volcanion,Base,Fire,Water,600,80,110,120,130,90,70,6,True,600,True,120.0,105.0,96.66666666666667,70,130,120,0.6470588235294118,0.4117647058823529,0.5365853658536587,0.37142857142857144,0.5110145521623284,Heavy hitter,Volcanion,"('Fire', 'Water')",1.4181249999999972,0.9952859182551527,0.41749999999999937,0.15750000000000003,0.1441515650741351,0.21663920922570015,0.0,1.0047364085667219,0.7265822784810133,0.440033721910984,0.6788682055100523,0.4542774772866318,0.5401969939286455
